timestamp,product_name,product_type,available_items,cheapest_1,cheapest_2,cheapest_3,avg_robust,avg_market,avg_robust_shipping,avg_market_shipping,cheapest_ship_1,cheapest_ship_2,cheapest_ship_3,cheapest_ship_4,cheapest_ship_5,cheapest_ship_6,cheapest_ship_7,cheapest_ship_8,cheapest_ship_9,cheapest_ship_10,cheapest_ship_11,cheapest_ship_12,cheapest_ship_13,cheapest_ship_14,cheapest_ship_15,cheapest_ship_16,cheapest_ship_17,cheapest_ship_18,cheapest_ship_19,cheapest_ship_20,cheapest_ship_21,cheapest_ship_22,cheapest_ship_23,cheapest_ship_24,cheapest_ship_25,cheapest_ship_26,cheapest_ship_27,cheapest_ship_28,cheapest_ship_29,cheapest_ship_30,cheapest_item_1,cheapest_item_2,cheapest_item_3,cheapest_item_4,cheapest_item_5,cheapest_item_6,cheapest_item_7,cheapest_item_8,cheapest_item_9,cheapest_item_10,cheapest_item_11,cheapest_item_12,cheapest_item_13,cheapest_item_14,cheapest_item_15,cheapest_item_16,cheapest_item_17,cheapest_item_18,cheapest_item_19,cheapest_item_20,cheapest_item_21,cheapest_item_22,cheapest_item_23,cheapest_item_24,cheapest_item_25,cheapest_item_26,cheapest_item_27,cheapest_item_28,cheapest_item_29,cheapest_item_30
2026-08-29 17:36:00,Pokemon Destined Rivals Booster Display (Eng),single,1361,367.5,369.39,372.5,349.62,349.73,373.99,374.17,,,,,,,,,,,,,,,,,,,,,,,,,,,,,,,,,,,,,,,,,,,,,,,,,,,,,,,,,,,,
2026-08-29 17:36:00,Pokemon Destined Rivals Booster Display Case (Eng),case,174,2250.73,2267.45,2289.99,2195.0,2208.4,2284.97,2291.2,,,,,,,,,,,,,,,,,,,,,,,,,,,,,,,,,,,,,,,,,,,,,,,,,,,,,,,,,,,,
2026-08-29 22:32:00,Pokemon Destined Rivals Booster Display (Eng),single,1361,367.5,369.39,372.5,349.62,349.73,373.99,374.17,,,,,,,,,,,,,,,,,,,,,,,,,,,,,,,,,,,,,,,,,,,,,,,,,,,,,,,,,,,,
2026-08-29 22:32:00,Pokemon Destined Rivals Booster Display Case (Eng),case,174,2250.73,2267.45,2289.99,2195.0,2208.4,2284.97,2291.2,,,,,,,,,,,,,,,,,,,,,,,,,,,,,,,,,,,,,,,,,,,,,,,,,,,,,,,,,,,,
2026-08-30 10:16:00,Pokemon Destined Rivals Booster Display (Eng),single,1366,365.47,366.12,366.19,348.36,347.99,370.59,371.36,,,,,,,,,,,,,,,,,,,,,,,,,,,,,,,,,,,,,,,,,,,,,,,,,,,,,,,,,,,,
2026-08-30 10:16:00,Pokemon Destined Rivals Booster Display Case (Eng),case,182,2250.73,2267.45,2289.99,2195.0,2208.4,2284.97,2291.2,,,,,,,,,,,,,,,,,,,,,,,,,,,,,,,,,,,,,,,,,,,,,,,,,,,,,,,,,,,,
2026-08-30 10:16:00,Pokemon Black Bolt ETB (Eng),single,553,127.18,132.18,132.18,126.25,127.6,139.6,140.98,,,,,,,,,,,,,,,,,,,,,,,,,,,,,,,,,,,,,,,,,,,,,,,,,,,,,,,,,,,,
2026-08-30 10:16:00,Pokemon Ascended Heroes ETB (Eng),single,1418,175.92,176.14,176.19,159.93,161.06,178.13,179.28,,,,,,,,,,,,,,,,,,,,,,,,,,,,,,,,,,,,,,,,,,,,,,,,,,,,,,,,,,,,
2026-08-30 10:16:00,Pokemon Ascended Heroes ETB Case (Eng),case,133,1746.12,1841.45,1841.45,1785.5,1785.19,1841.7,1843.52,,,,,,,,,,,,,,,,,,,,,,,,,,,,,,,,,,,,,,,,,,,,,,,,,,,,,,,,,,,,
2026-08-30 10:16:00,Pokemon Destined Rivals Booster Display (Eng),single,1366,365.47,366.12,366.19,348.36,347.99,370.47,371.13,,,,,,,,,,,,,,,,,,,,,,,,,,,,,,,,,,,,,,,,,,,,,,,,,,,,,,,,,,,,
2026-08-30 10:16:00,Pokemon Destined Rivals Booster Display Case (Eng),case,182,2250.73,2267.45,2289.99,2195.0,2208.4,2284.97,2291.2,,,,,,,,,,,,,,,,,,,,,,,,,,,,,,,,,,,,,,,,,,,,,,,,,,,,,,,,,,,,
2026-08-30 10:16:00,Pokemon Black Bolt ETB (Eng),single,553,127.18,132.18,132.18,126.5,128.05,141.61,142.3,,,,,,,,,,,,,,,,,,,,,,,,,,,,,,,,,,,,,,,,,,,,,,,,,,,,,,,,,,,,
2026-08-30 10:16:00,Pokemon Ascended Heroes ETB (Eng),single,1418,172.18,175.92,176.14,162.24,162.46,178.34,179.21,,,,,,,,,,,,,,,,,,,,,,,,,,,,,,,,,,,,,,,,,,,,,,,,,,,,,,,,,,,,
2026-08-30 10:16:00,Pokemon Ascended Heroes ETB Case (Eng),case,133,1746.12,1841.45,1841.45,1785.5,1784.59,1841.7,1843.52,,,,,,,,,,,,,,,,,,,,,,,,,,,,,,,,,,,,,,,,,,,,,,,,,,,,,,,,,,,,
2026-08-30 10:16:00,Pokemon 30th Celebration ETB (Eng),single,455,189.78,189.8,192.89,186.41,187.81,199.11,200.02,,,,,,,,,,,,,,,,,,,,,,,,,,,,,,,,,,,,,,,,,,,,,,,,,,,,,,,,,,,,
2026-08-30 10:16:00,Pokemon 30th Celebration Booster Bundle (Eng),single,353,102.48,103.5,104.73,97.25,97.46,108.47,110.89,,,,,,,,,,,,,,,,,,,,,,,,,,,,,,,,,,,,,,,,,,,,,,,,,,,,,,,,,,,,
2026-08-30 10:16:00,Pokemon 30th Celebration Umbreon UPC (Eng),single,50,617.13,617.9,618.93,641.14,630.73,658.68,648.39,,,,,,,,,,,,,,,,,,,,,,,,,,,,,,,,,,,,,,,,,,,,,,,,,,,,,,,,,,,,
2026-08-30 10:16:00,Pokemon 30th Celebration Espeon UPC (Eng),single,83,598.13,598.93,599.94,625.79,614.34,644.67,633.14,,,,,,,,,,,,,,,,,,,,,,,,,,,,,,,,,,,,,,,,,,,,,,,,,,,,,,,,,,,,
2026-08-31 16:00:48,Pokemon Destined Rivals Booster Display (Eng),single,1366,366.19,367.4,367.5,349.0,348.73,372.31,372.56,366.19,367.4,367.5,369.39,372.5,373.0,373.9,373.9,373.9,374.39,374.39,374.39,374.55,376.47,376.47,376.47,377.19,377.19,378.9,379.99,382.42,382.42,383.5,383.55,383.79,383.9,384.24,384.9,386.06,386.07,344.0,344.9,345.0,349.0,349.0,349.0,350.0,350.0,350.0,350.0,350.0,350.0,350.0,350.0,350.0,355.0,355.0,359.0,360.0,360.0,361.0,364.0,365.0,365.0,365.0,365.0,365.0,365.0,368.99,369.0
2026-08-31 16:00:48,Pokemon Destined Rivals Booster Display Case (Eng),case,182,2250.73,2289.99,2290.0,2195.0,2214.8,2293.11,2297.6,2250.73,2289.99,2290.0,2292.45,2300.0,2300.0,2300.0,2310.22,2311.17,2331.45,2342.45,2350.0,2400.0,2400.0,2488.89,2500.0,2517.48,2518.47,2553.4,2553.4,2553.4,2599.0,2599.89,2602.4,2641.45,2642.45,2692.45,2749.0,2761.16,2761.17,2129.0,2189.99,2190.0,2200.0,2200.0,2200.0,2250.0,2250.0,2250.0,2289.0,2300.0,2300.0,2300.0,2300.0,2400.0,2450.0,2450.0,2450.0,2479.0,2499.0,2499.0,2499.0,2499.89,2499.99,2599.0,2599.0,2600.0,2645.0,2650.0,2650.0
2026-08-31 16:00:48,Pokemon Black Bolt ETB (Eng),single,553,132.18,132.18,139.19,127.8,128.82,141.77,142.72,132.18,132.18,139.19,139.55,140.19,141.5,142.17,142.18,142.19,147.19,148.0,148.5,148.55,148.56,148.6,149.42,151.42,151.5,151.59,152.18,152.19,152.6,152.98,153.0,153.59,153.6,153.6,155.99,156.14,156.44,120.0,120.0,124.99,124.99,125.0,125.95,127.5,130.0,132.0,132.0,132.99,133.0,134.0,134.9,134.95,134.96,134.98,134.99,135.0,135.0,137.5,137.99,138.99,139.0,139.9,139.99,139.99,140.0,140.0,140.0
2026-08-31 16:00:48,Pokemon Ascended Heroes ETB (Eng),single,1418,172.18,176.14,176.18,162.85,162.55,178.31,179.24,172.18,176.14,176.18,176.19,176.19,177.19,177.19,179.89,181.5,182.18,182.41,182.42,182.5,182.99,183.43,184.49,184.5,184.5,184.55,184.55,185.19,185.42,186.19,186.42,186.42,186.46,186.55,186.99,187.09,187.18,154.99,155.0,159.0,159.99,160.0,163.88,164.95,164.99,164.99,165.0,165.0,165.0,165.0,165.0,165.5,167.0,167.5,167.95,168.0,168.95,169.0,169.0,169.0,169.0,169.0,169.0,169.95,169.95,169.99,170.0
2026-08-31 16:00:48,Pokemon Ascended Heroes ETB Case (Eng),case,133,1746.12,1790.0,1841.45,1758.25,1773.69,1828.84,1838.37,1746.12,1790.0,1841.45,1841.45,1842.45,1845.0,1861.16,1861.17,1867.45,1887.45,1892.45,1900.0,1919.0,1967.8,1992.44,1996.8,1997.8,2000.0,2000.0,2042.44,2042.45,2047.8,2058.89,2062.48,2090.0,2096.8,2096.8,2099.99,2099.99,2100.0,1684.95,1690.0,1745.0,1799.0,1799.0,1799.99,1800.0,1800.0,1800.0,1819.0,1825.0,1845.0,1850.0,1870.0,1899.0,1900.0,1900.0,1900.0,1949.99,1950.0,1990.0,1999.0,1999.0,1999.99,1999.99,1999.99,2000.0,2000.0,2044.0,2049.0
2026-08-31 16:00:48,Pokemon 30th Celebration ETB (Eng),single,728,181.49,182.16,182.19,180.86,181.92,190.2,192.94,181.49,182.16,182.19,182.99,189.8,191.42,192.89,192.99,193.9,195.45,197.93,201.9,202.49,202.99,203.5,203.99,204.9,204.98,209.5,214.4,216.4,217.39,219.5,227.35,236.4,237.32,252.65,,,,174.0,175.0,175.0,175.0,179.99,179.99,182.15,184.89,184.9,184.95,184.99,185.0,185.0,187.95,189.94,189.95,195.0,195.0,195.95,196.98,198.98,199.95,199.99,209.9,209.93,218.98,219.9,,,
2026-08-31 16:00:48,Pokemon 30th Celebration Booster Bundle (Eng),single,313,102.48,103.5,104.73,97.25,97.46,108.47,110.89,102.48,103.5,104.73,104.98,105.48,108.9,109.98,110.5,110.98,112.19,113.5,114.98,117.17,133.1,,,,,,,,,,,,,,,,,92.98,93.51,94.9,95.0,95.0,97.94,97.98,98.59,98.6,99.95,99.98,99.99,99.99,99.99,,,,,,,,,,,,,,,,
2026-08-31 16:00:48,Pokemon 30th Celebration Umbreon UPC (Eng),single,65,617.13,617.9,618.93,641.14,630.73,658.68,648.39,617.13,617.9,618.93,620.0,628.06,633.19,654.99,796.9,,,,,,,,,,,,,,,,,,,,,,,599.0,600.0,609.93,609.94,612.0,614.99,619.99,780.0,,,,,,,,,,,,,,,,,,,,,,
2026-08-31 16:00:48,Pokemon 30th Celebration Espeon UPC (Eng),single,90,598.13,598.93,599.94,625.79,614.34,644.67,633.14,598.13,598.93,599.94,613.19,614.95,618.06,624.99,796.9,,,,,,,,,,,,,,,,,,,,,,,580.0,580.0,584.99,589.94,599.93,599.93,599.95,780.0,,,,,,,,,,,,,,,,,,,,,,
2026-08-31 16:00:48,Pokemon 30th Celebration Mini Tin Display (Eng),single,51,364.98,368.9,372.3,369.22,367.88,383.5,381.89,364.98,368.9,372.3,372.42,379.86,379.9,380.99,388.19,396.9,397.4,398.94,,,,,,,,,,,,,,,,,,,,349.99,355.0,359.95,359.99,360.0,360.0,374.0,379.85,379.98,380.0,387.95,,,,,,,,,,,,,,,,,,,
2026-08-31 16:00:48,Pokemon Destined Rivals Booster Display (De),single,1366,276.17,277.09,277.19,271.72,273.52,280.76,282.01,276.17,277.09,277.19,277.19,277.19,282.09,282.19,282.19,283.19,284.85,285.49,286.19,286.19,286.19,286.79,287.78,292.18,292.38,296.19,297.08,297.18,297.19,297.19,297.19,298.79,302.18,304.85,304.89,305.19,305.54,268.0,268.98,268.99,269.9,270.0,270.0,270.0,274.9,275.0,275.0,276.0,279.0,279.0,279.0,279.0,279.88,279.9,280.0,284.99,289.0,289.89,289.99,289.99,290.0,290.0,290.0,294.99,298.0,298.99,299.0
2026-08-31 16:00:48,Pokemon Ascended Heroes Mini Tin Display (Eng),single,174,282.8,311.0,311.5,303.23,305.05,323.56,324.5,282.8,311.0,311.5,321.45,324.18,324.49,324.8,324.88,327.18,329.97,336.36,337.14,337.18,337.19,337.42,350.99,352.19,357.19,359.55,366.45,366.9,369.55,369.55,386.44,386.99,403.99,406.39,407.08,407.16,407.18,250.0,280.0,280.0,287.0,292.0,299.99,309.89,316.99,319.99,319.99,319.99,320.0,324.99,325.0,329.95,329.99,330.0,340.0,344.99,345.0,350.0,350.0,350.0,350.0,379.8,390.0,399.0,399.89,399.9,399.97
2026-08-31 16:00:48,Pokemon Ascended Heroes Pokemon Center ETB (Eng),single,270,401.5,405.39,406.47,409.25,419.73,440.05,445.93,401.5,405.39,406.47,410.39,417.42,438.1,455.38,461.5,463.73,467.42,467.69,469.19,471.9,476.47,476.47,489.55,492.19,497.18,499.55,499.55,503.79,507.19,509.54,509.55,518.55,519.55,519.55,522.0,522.0,522.5,380.0,380.0,380.0,385.0,400.0,400.0,400.0,429.99,439.0,440.0,449.95,450.0,450.0,450.0,462.0,470.0,480.0,480.0,485.0,485.0,489.99,489.99,490.0,495.0,499.0,499.0,499.0,499.99,499.99,500.0
2026-08-31 16:00:48,Pokemon Ascended Heroes Pokemon Center ETB (De),single,270,162.19,162.39,167.19,160.67,160.22,171.0,171.22,162.19,162.39,167.19,167.69,172.14,172.18,172.19,172.19,172.19,172.19,172.19,173.99,175.18,177.19,177.19,178.9,182.19,182.19,182.19,182.19,182.38,184.19,186.19,187.09,187.09,187.14,187.18,187.18,187.18,187.19,140.0,149.99,154.9,155.0,159.99,160.0,160.5,164.95,164.99,165.0,165.0,165.0,165.0,165.0,167.99,170.0,170.0,170.0,175.0,175.0,175.0,175.0,177.0,179.0,179.9,179.9,179.95,179.99,179.99,179.99
2026-08-31 16:00:48,Pokemon Ascended Heroes ETB (De),single,1418,117.19,118.19,118.3,113.05,113.36,120.25,120.55,117.19,118.19,118.3,120.14,120.18,120.18,120.19,120.69,121.09,121.19,122.14,122.18,122.18,122.19,122.19,122.19,122.19,122.19,122.19,122.19,122.19,122.19,122.19,122.19,123.14,123.18,123.19,125.49,126.09,126.14,110.0,111.0,111.11,112.95,112.99,112.99,113.0,113.5,113.9,114.0,114.95,114.99,114.99,115.0,115.0,115.0,115.0,115.0,115.0,115.0,115.0,115.0,115.0,115.0,115.95,115.99,116.0,118.9,118.95,119.0
2026-08-31 18:01:18,Pokemon Destined Rivals Booster Display (Eng),single,1366,366.19,367.4,367.5,349.0,348.73,372.31,372.56,366.19,367.4,367.5,369.39,372.5,373.0,373.9,373.9,373.9,374.39,374.39,374.39,374.55,376.47,376.47,376.47,377.19,377.19,378.9,379.99,382.42,382.42,383.5,383.55,383.79,383.9,384.24,384.9,386.06,386.07,344.0,344.9,345.0,349.0,349.0,349.0,350.0,350.0,350.0,350.0,350.0,350.0,350.0,350.0,350.0,355.0,355.0,359.0,360.0,360.0,361.0,364.0,365.0,365.0,365.0,365.0,365.0,365.0,368.99,369.0
2026-08-31 18:01:18,Pokemon Destined Rivals Booster Display Case (Eng),case,182,2250.73,2289.99,2290.0,2195.0,2214.8,2293.11,2297.6,2250.73,2289.99,2290.0,2292.45,2300.0,2300.0,2300.0,2310.22,2311.17,2331.45,2342.45,2350.0,2400.0,2400.0,2488.89,2500.0,2517.48,2518.47,2553.4,2553.4,2553.4,2599.0,2599.89,2602.4,2641.45,2642.45,2692.45,2749.0,2761.16,2761.17,2129.0,2189.99,2190.0,2200.0,2200.0,2200.0,2250.0,2250.0,2250.0,2289.0,2300.0,2300.0,2300.0,2300.0,2400.0,2450.0,2450.0,2450.0,2479.0,2499.0,2499.0,2499.0,2499.89,2499.99,2599.0,2599.0,2600.0,2645.0,2650.0,2650.0
2026-08-31 18:01:18,Pokemon Black Bolt ETB (Eng),single,553,132.18,139.19,139.55,127.81,128.82,142.87,143.86,132.18,139.19,139.55,140.19,141.5,142.17,142.18,142.19,147.19,148.0,148.5,148.55,148.56,148.6,149.42,151.42,151.5,151.59,152.18,152.19,152.6,152.98,153.0,153.59,153.6,153.6,155.99,156.14,156.44,157.09,120.0,120.0,124.99,125.0,125.0,125.95,127.5,130.0,132.0,132.0,132.99,133.0,134.0,134.9,134.95,134.96,134.98,134.99,135.0,135.0,137.5,137.99,138.99,139.0,139.9,139.99,139.99,140.0,140.0,140.0
2026-08-31 18:01:18,Pokemon Ascended Heroes ETB (Eng),single,1418,172.18,176.14,176.18,162.99,162.76,178.31,179.31,172.18,176.14,176.18,176.19,176.19,177.19,177.19,179.89,181.5,182.18,182.41,182.42,182.5,182.99,184.49,184.5,184.5,184.55,184.55,185.19,185.42,186.19,186.42,186.42,186.46,186.55,186.99,187.09,187.18,187.19,154.99,155.0,159.0,159.99,160.0,164.95,164.99,164.99,165.0,165.0,165.0,165.0,165.0,165.5,167.0,167.5,167.95,168.0,168.95,169.0,169.0,169.0,169.0,169.0,169.0,169.95,169.95,169.99,170.0,170.0
2026-08-31 18:01:18,Pokemon Ascended Heroes ETB Case (Eng),case,133,1746.12,1790.0,1845.0,1758.75,1795.79,1839.33,1877.51,1746.12,1790.0,1845.0,1861.16,1861.17,1892.45,1900.0,1919.0,1967.8,1992.44,1996.8,1997.8,2000.0,2000.0,2042.44,2042.45,2047.8,2058.89,2062.48,2090.0,2096.8,2096.8,2099.99,2099.99,2100.0,2142.45,2177.8,2197.8,2218.48,2218.48,1684.95,1690.0,1745.0,1799.99,1800.0,1800.0,1819.0,1850.0,1870.0,1899.0,1900.0,1900.0,1900.0,1949.99,1950.0,1990.0,1999.0,1999.0,1999.99,1999.99,1999.99,2000.0,2000.0,2044.0,2049.0,2080.0,2100.0,2100.0,2150.0,2200.0
2026-08-31 18:01:18,Pokemon 30th Celebration ETB (Eng),single,728,181.49,182.16,182.19,180.86,181.92,190.2,192.94,181.49,182.16,182.19,182.99,189.8,191.42,192.89,192.99,193.9,195.45,197.93,201.9,202.49,202.99,203.5,203.99,204.9,204.98,209.5,214.4,216.4,217.39,219.5,227.35,236.4,237.32,252.65,,,,174.0,175.0,175.0,175.0,179.99,179.99,182.15,184.89,184.9,184.95,184.99,185.0,185.0,187.95,189.94,189.95,195.0,195.0,195.95,196.98,198.98,199.95,199.99,209.9,209.93,218.98,219.9,,,
2026-08-31 18:01:18,Pokemon 30th Celebration Booster Bundle (Eng),single,313,102.48,103.5,104.73,97.25,97.46,108.47,110.89,102.48,103.5,104.73,104.98,105.48,108.9,109.98,110.5,110.98,112.19,113.5,114.98,117.17,133.1,,,,,,,,,,,,,,,,,92.98,93.51,94.9,95.0,95.0,97.94,97.98,98.59,98.6,99.95,99.98,99.99,99.99,99.99,,,,,,,,,,,,,,,,
2026-08-31 18:01:18,Pokemon 30th Celebration Umbreon UPC (Eng),single,65,617.13,617.9,618.93,641.14,630.73,658.68,648.39,617.13,617.9,618.93,620.0,628.06,633.19,654.99,796.9,,,,,,,,,,,,,,,,,,,,,,,599.0,600.0,609.93,609.94,612.0,614.99,619.99,780.0,,,,,,,,,,,,,,,,,,,,,,
2026-08-31 18:01:18,Pokemon 30th Celebration Espeon UPC (Eng),single,90,598.13,598.93,599.94,625.79,614.34,644.67,633.14,598.13,598.93,599.94,613.19,614.95,618.06,624.99,796.9,,,,,,,,,,,,,,,,,,,,,,,580.0,580.0,584.99,589.94,599.93,599.93,599.95,780.0,,,,,,,,,,,,,,,,,,,,,,
2026-08-31 18:01:18,Pokemon 30th Celebration Mini Tin Display (Eng),single,51,364.98,368.9,372.3,369.22,367.88,383.5,381.89,364.98,368.9,372.3,372.42,379.86,379.9,380.99,388.19,396.9,397.4,398.94,,,,,,,,,,,,,,,,,,,,349.99,355.0,359.95,359.99,360.0,360.0,374.0,379.85,379.98,380.0,387.95,,,,,,,,,,,,,,,,,,,
2026-08-31 18:01:18,Pokemon Destined Rivals Booster Display (De),single,1366,276.17,276.19,276.67,271.03,272.48,278.84,280.13,276.17,276.19,276.67,277.09,277.19,277.19,277.19,281.14,282.09,282.19,282.19,283.18,283.19,284.85,285.49,286.19,286.19,286.19,287.78,292.18,292.38,296.19,297.08,297.18,297.19,297.19,297.19,298.79,302.18,304.85,268.98,268.99,269.0,269.48,269.9,270.0,270.0,270.0,274.9,274.95,275.0,275.0,275.99,276.0,279.0,279.0,279.0,279.0,279.88,279.9,280.0,284.99,289.0,289.89,289.99,289.99,290.0,290.0,290.0,294.99
2026-08-31 18:01:18,Pokemon Ascended Heroes Mini Tin Display (Eng),single,174,282.8,311.0,311.5,303.23,305.05,323.56,324.5,282.8,311.0,311.5,321.45,324.18,324.49,324.8,324.88,327.18,329.97,336.36,337.14,337.18,337.19,337.42,350.99,352.19,357.19,359.55,366.45,366.9,369.55,369.55,386.44,386.99,403.99,406.39,407.08,407.16,407.18,250.0,280.0,280.0,287.0,292.0,299.99,309.89,316.99,319.99,319.99,319.99,320.0,324.99,325.0,329.95,329.99,330.0,340.0,344.99,345.0,350.0,350.0,350.0,350.0,379.8,390.0,399.0,399.89,399.9,399.97
2026-08-31 18:01:18,Pokemon Ascended Heroes Pokemon Center ETB (Eng),single,270,405.39,406.47,410.39,416.74,425.06,441.18,448.32,405.39,406.47,410.39,411.5,417.42,438.1,455.38,461.5,467.42,467.69,469.19,471.9,476.47,476.47,489.55,492.19,497.18,499.55,499.55,503.79,507.19,509.54,509.55,518.55,519.55,519.55,522.0,522.0,522.5,522.99,380.0,380.0,385.0,390.0,400.0,400.0,429.99,439.0,440.0,449.95,450.0,450.0,450.0,462.0,470.0,480.0,480.0,485.0,485.0,489.99,489.99,490.0,495.0,499.0,499.0,499.0,499.99,499.99,500.0,500.0
2026-08-31 18:01:18,Pokemon Ascended Heroes Pokemon Center ETB (De),single,270,162.18,162.39,167.19,161.23,161.19,171.78,172.63,162.18,162.39,167.19,172.14,172.18,172.19,172.19,172.19,172.19,173.99,175.18,177.19,177.19,178.9,182.19,182.19,182.19,182.19,182.38,184.19,186.19,187.09,187.09,187.14,187.18,187.18,187.18,187.19,197.09,197.18,140.0,149.99,154.9,154.99,159.99,160.0,164.95,164.99,165.0,165.0,165.0,165.0,167.99,170.0,170.0,170.0,175.0,175.0,175.0,175.0,177.0,179.0,179.9,179.9,179.95,179.99,179.99,179.99,180.0,189.69
2026-08-31 18:01:18,Pokemon Ascended Heroes ETB (De),single,1418,112.19,117.19,118.19,112.68,112.69,119.87,119.88,112.19,117.19,118.19,118.3,120.14,120.18,120.18,120.19,120.69,121.09,121.19,122.14,122.18,122.18,122.19,122.19,122.19,122.19,122.19,122.19,122.19,122.19,122.19,122.19,122.19,123.14,123.18,123.19,125.49,126.09,105.0,110.0,111.0,111.11,112.95,112.99,112.99,113.0,113.5,113.9,114.0,114.95,114.99,114.99,115.0,115.0,115.0,115.0,115.0,115.0,115.0,115.0,115.0,115.0,115.0,115.95,115.99,116.0,118.9,118.95
2026-09-01 10:49:02,Pokemon Destined Rivals Booster Display (Eng),single,1388,296.07,357.5,357.5,344.99,341.66,367.2,364.08,296.07,357.5,357.5,365.47,366.12,366.19,367.4,369.39,372.5,373.0,373.9,373.9,373.9,373.9,374.39,374.39,374.39,374.55,376.47,376.47,376.47,377.0,377.19,377.19,378.9,379.5,382.42,382.42,382.49,383.0,280.0,335.0,335.0,339.0,344.0,344.9,349.0,349.0,349.0,350.0,350.0,350.0,350.0,350.0,350.0,350.0,350.0,350.0,350.0,355.0,355.0,359.0,359.95,359.99,359.99,360.0,360.0,360.0,360.0,361.0
2026-09-01 10:49:02,Pokemon Destined Rivals Booster Display Case (Eng),case,182,2250.73,2267.45,2289.99,2195.0,2208.4,2284.97,2291.2,2250.73,2267.45,2289.99,2290.0,2292.45,2300.0,2300.0,2300.0,2310.22,2311.17,2331.45,2342.45,2350.0,2400.0,2400.0,2418.48,2488.89,2500.0,2517.48,2518.47,2553.4,2553.4,2553.4,2599.0,2599.89,2602.4,2641.45,2642.45,2692.45,2749.0,2129.0,2189.99,2190.0,2200.0,2200.0,2200.0,2225.0,2250.0,2250.0,2250.0,2289.0,2300.0,2300.0,2300.0,2300.0,2400.0,2400.0,2450.0,2450.0,2450.0,2479.0,2499.0,2499.0,2499.0,2499.89,2499.99,2599.0,2599.0,2600.0,2645.0
2026-09-01 10:49:02,Pokemon Black Bolt ETB (Eng),single,531,132.18,140.19,141.5,129.12,130.12,144.75,144.94,132.18,140.19,141.5,142.17,142.18,142.19,146.29,147.19,148.0,148.5,148.55,148.56,148.59,148.6,149.42,149.9,151.42,151.5,152.18,152.19,152.6,152.98,153.0,153.59,153.6,153.6,155.99,156.14,156.44,157.09,120.0,124.99,125.0,125.0,127.5,127.5,130.0,132.0,132.99,133.0,134.0,134.9,134.95,134.96,134.98,134.99,134.99,135.0,135.0,135.0,137.5,138.99,139.0,139.9,139.99,139.99,140.0,140.0,140.0,140.0
2026-09-01 10:49:02,Pokemon Ascended Heroes ETB (Eng),single,1418,157.42,172.18,172.18,159.37,159.66,175.74,176.26,157.42,172.18,172.18,175.42,176.14,176.18,176.19,176.19,176.42,177.19,179.89,181.5,182.18,182.41,182.42,182.5,182.5,182.99,183.99,184.49,184.5,184.5,184.55,184.55,185.19,185.42,185.47,186.19,186.42,186.42,140.0,154.99,155.0,158.0,159.0,159.0,159.0,159.99,160.0,164.95,164.99,164.99,164.99,165.0,165.0,165.0,165.5,167.0,167.95,168.0,168.95,169.0,169.0,169.0,169.0,169.0,169.0,169.95,169.95,169.99
2026-09-01 10:49:02,Pokemon Ascended Heroes ETB Case (Eng),case,133,1746.12,1790.0,1841.45,1758.25,1773.69,1828.84,1838.37,1746.12,1790.0,1841.45,1841.45,1842.45,1845.0,1861.16,1861.17,1867.45,1887.45,1892.45,1900.0,1919.0,1947.8,1992.44,1996.8,1997.8,2000.0,2000.0,2042.44,2042.45,2047.8,2058.89,2068.48,2090.0,2096.8,2096.8,2099.99,2099.99,2100.0,1684.95,1690.0,1745.0,1799.0,1799.0,1799.99,1800.0,1800.0,1800.0,1819.0,1825.0,1845.0,1850.0,1850.0,1899.0,1900.0,1900.0,1900.0,1949.99,1950.0,1990.0,1999.0,1999.0,1999.99,1999.99,1999.99,2000.0,2000.0,2049.0,2050.0
2026-09-01 10:49:02,Pokemon 30th Celebration ETB (Eng),single,728,181.49,182.0,182.16,179.0,180.85,188.8,191.84,181.49,182.0,182.16,182.19,182.99,189.8,191.42,192.45,193.9,195.45,197.93,197.99,201.9,202.49,203.5,204.9,204.98,209.5,214.4,216.4,217.39,219.5,227.35,236.4,237.32,252.65,,,,,174.0,174.0,174.99,175.0,175.0,175.0,179.99,182.15,184.9,184.95,184.95,185.0,185.0,187.95,189.94,189.95,195.0,195.95,196.98,198.98,199.95,199.99,209.9,209.93,218.98,219.9,,,,
2026-09-01 10:49:02,Pokemon 30th Celebration Booster Bundle (Eng),single,313,102.45,102.48,103.5,96.62,97.22,107.26,110.26,102.45,102.48,103.5,104.73,104.98,105.48,108.9,109.98,109.99,110.5,112.19,113.5,114.98,117.17,133.1,,,,,,,,,,,,,,,,91.99,93.51,94.9,94.95,95.0,95.0,97.94,97.98,98.59,98.6,99.95,99.98,99.99,99.99,99.99,,,,,,,,,,,,,,,
2026-09-01 10:49:02,Pokemon 30th Celebration Umbreon UPC (Eng),single,65,522.49,614.1,617.13,632.27,613.87,652.44,633.74,522.49,614.1,617.13,617.9,618.93,628.06,633.19,654.99,796.9,,,,,,,,,,,,,,,,,,,,,,499.99,599.0,599.0,600.0,609.93,609.94,612.0,614.99,780.0,,,,,,,,,,,,,,,,,,,,,
2026-09-01 10:49:02,Pokemon 30th Celebration Espeon UPC (Eng),single,90,522.49,595.1,598.13,614.34,599.47,633.14,618.27,522.49,595.1,598.13,598.93,599.94,613.19,614.95,618.06,624.99,796.9,,,,,,,,,,,,,,,,,,,,,499.99,580.0,580.0,580.0,584.99,589.94,599.93,599.93,599.95,780.0,,,,,,,,,,,,,,,,,,,,
2026-09-01 10:49:02,Pokemon 30th Celebration Mini Tin Display (Eng),single,51,345.94,364.98,365.94,366.1,361.7,378.05,375.7,345.94,364.98,365.94,368.9,372.3,372.42,379.86,379.9,388.19,396.9,397.4,,,,,,,,,,,,,,,,,,,,334.94,334.95,355.0,359.95,359.99,360.0,360.0,374.0,379.85,379.98,380.0,,,,,,,,,,,,,,,,,,,
2026-09-01 10:49:02,Pokemon Destined Rivals Booster Display (De),single,1388,275.19,276.17,277.19,272.49,274.19,280.64,281.89,275.19,276.17,277.19,277.19,277.19,281.14,282.19,282.19,283.18,284.85,285.49,286.19,286.19,286.19,287.78,292.18,292.38,296.19,297.08,297.18,297.19,297.19,297.19,298.79,302.18,304.85,304.89,305.19,305.54,305.98,268.0,268.98,268.99,270.0,270.0,270.0,274.95,275.0,275.0,275.99,279.0,279.0,279.0,279.0,279.88,279.9,280.0,284.99,289.0,289.89,289.99,289.99,290.0,290.0,290.0,294.99,298.0,298.99,299.0,299.0
2026-09-01 10:49:02,Pokemon Ascended Heroes Mini Tin Display (Eng),single,174,282.8,311.0,311.5,303.23,305.05,323.56,324.5,282.8,311.0,311.5,321.45,324.18,324.49,324.8,324.88,327.18,329.97,336.36,337.14,337.18,337.19,337.42,350.99,352.19,357.19,359.55,366.45,366.9,369.55,369.55,371.2,386.44,386.99,403.99,406.39,407.08,407.16,250.0,280.0,280.0,287.0,292.0,299.99,309.89,316.99,319.99,319.99,319.99,320.0,324.99,325.0,329.95,329.99,330.0,340.0,344.99,345.0,349.99,350.0,350.0,350.0,350.0,379.8,390.0,399.0,399.89,399.9
2026-09-01 10:49:02,Pokemon Ascended Heroes Pokemon Center ETB (Eng),single,270,405.39,410.39,411.5,412.37,423.06,436.67,445.6,405.39,410.39,411.5,417.42,419.55,422.5,438.1,455.38,461.5,467.42,467.69,469.19,471.9,476.47,489.55,492.19,497.18,499.55,499.55,503.79,507.19,509.54,509.55,518.55,519.55,519.55,522.0,522.0,522.5,522.99,380.0,385.0,390.0,400.0,400.0,400.0,400.0,429.99,439.0,440.0,449.95,450.0,450.0,462.0,470.0,480.0,480.0,485.0,485.0,489.99,489.99,490.0,495.0,499.0,499.0,499.0,499.99,499.99,500.0,500.0
2026-09-01 10:49:02,Pokemon Ascended Heroes Pokemon Center ETB (De),single,270,162.39,167.19,171.14,162.35,161.32,172.06,172.32,162.39,167.19,171.14,172.18,172.19,172.19,172.19,172.19,172.19,172.19,173.99,175.18,175.18,177.19,177.19,178.9,182.19,182.19,182.19,182.19,182.38,184.19,186.19,187.09,187.09,187.14,187.18,187.18,187.18,187.19,140.0,149.99,154.9,159.99,160.0,163.95,164.99,165.0,165.0,165.0,165.0,165.0,165.0,167.99,167.99,170.0,170.0,170.0,175.0,175.0,175.0,175.0,177.0,179.0,179.9,179.9,179.95,179.99,179.99,179.99
2026-09-01 10:49:02,Pokemon Ascended Heroes ETB (De),single,1418,116.19,117.18,117.19,111.38,111.83,118.57,119.02,116.19,117.18,117.19,117.19,117.19,118.19,118.3,120.14,120.18,120.18,120.18,120.19,120.69,121.09,121.18,121.19,121.19,122.14,122.18,122.19,122.19,122.19,122.19,122.19,122.19,122.19,122.19,122.19,122.19,122.19,109.0,109.99,110.0,110.0,110.0,111.0,111.11,112.95,112.99,112.99,112.99,113.0,113.5,113.9,113.99,114.0,114.0,114.95,114.99,115.0,115.0,115.0,115.0,115.0,115.0,115.0,115.0,115.0,115.0,115.0
2026-09-01 18:01:13,Pokemon Destined Rivals Booster Display (Eng),single,1388,366.19,369.39,372.5,349.62,348.07,373.74,373.75,366.19,369.39,372.5,373.0,373.9,373.9,373.9,373.9,374.39,374.39,374.39,376.47,376.47,376.47,377.0,377.19,377.19,378.9,379.5,380.47,381.5,382.42,382.42,382.49,383.0,383.5,383.55,383.79,383.9,384.24,329.99,344.0,349.0,349.0,349.0,350.0,350.0,350.0,350.0,350.0,350.0,350.0,350.0,350.0,350.0,354.0,355.0,359.0,359.95,359.99,360.0,360.0,360.0,360.0,361.0,364.0,365.0,365.0,365.0,365.0
2026-09-01 18:01:13,Pokemon Destined Rivals Booster Display Case (Eng),case,182,2118.48,2250.73,2267.45,2177.25,2193.4,2274.54,2271.93,2118.48,2250.73,2267.45,2289.99,2290.0,2292.45,2300.0,2300.0,2300.0,2310.22,2311.17,2331.45,2342.45,2350.0,2400.0,2400.0,2418.48,2488.89,2500.0,2517.48,2518.47,2553.4,2553.4,2553.4,2599.0,2599.89,2602.4,2641.45,2642.45,2692.45,2100.0,2129.0,2189.99,2190.0,2200.0,2200.0,2200.0,2225.0,2250.0,2250.0,2250.0,2289.0,2300.0,2300.0,2300.0,2300.0,2400.0,2400.0,2450.0,2450.0,2450.0,2479.0,2499.0,2499.0,2499.0,2499.89,2499.99,2599.0,2599.0,2600.0
2026-09-01 18:01:13,Pokemon Black Bolt ETB (Eng),single,531,132.18,140.19,141.5,129.94,130.62,145.04,145.38,132.18,140.19,141.5,142.17,142.18,142.19,147.19,148.0,148.55,148.56,148.59,148.6,149.42,149.9,151.42,151.5,152.18,152.19,152.6,152.98,153.0,153.59,153.6,153.6,155.99,156.14,156.44,157.09,157.09,157.09,120.0,124.99,125.0,125.0,127.5,130.0,132.0,132.99,133.0,134.0,134.95,134.96,134.98,134.99,134.99,135.0,135.0,135.0,137.5,138.99,139.0,139.9,139.99,139.99,140.0,140.0,140.0,140.0,140.0,140.0
2026-09-01 18:01:13,Pokemon Ascended Heroes ETB (Eng),single,1440,172.18,172.18,175.42,160.99,161.56,177.37,178.35,172.18,172.18,175.42,176.14,176.18,176.19,176.42,177.19,179.89,181.5,182.18,182.41,182.42,182.5,182.5,182.99,183.99,184.49,184.5,185.19,185.42,186.19,186.42,186.42,186.46,186.5,187.09,187.18,187.19,187.19,154.99,155.0,158.0,159.0,159.0,159.99,160.0,162.0,164.97,164.99,164.99,164.99,165.0,165.0,165.5,167.5,167.95,168.0,168.95,169.0,169.0,169.0,169.0,169.0,169.95,169.95,169.99,169.99,169.99,170.0
2026-09-01 18:01:13,Pokemon Ascended Heroes ETB Case (Eng),case,134,1746.12,1790.0,1800.0,1733.5,1763.69,1818.22,1829.63,1746.12,1790.0,1800.0,1841.45,1841.45,1842.45,1845.0,1861.16,1861.17,1867.45,1887.45,1892.45,1919.0,1947.8,1992.44,1996.8,1997.8,2000.0,2000.0,2042.44,2042.45,2047.8,2058.89,2062.48,2068.48,2090.0,2096.8,2096.8,2099.99,2099.99,1684.95,1690.0,1700.0,1745.0,1799.0,1799.0,1799.99,1800.0,1800.0,1819.0,1825.0,1845.0,1850.0,1850.0,1899.0,1900.0,1900.0,1900.0,1949.99,1950.0,1990.0,1999.0,1999.0,1999.99,1999.99,1999.99,2000.0,2000.0,2044.0,2049.0
2026-09-01 18:01:13,Pokemon 30th Celebration ETB (Eng),single,728,181.49,181.86,181.9,177.62,180.52,186.37,191.17,181.49,181.86,181.9,182.0,182.19,182.99,187.93,189.65,190.42,193.9,197.99,201.9,203.5,204.9,204.98,209.5,214.4,216.4,217.39,219.5,227.35,236.4,237.32,252.65,,,,,,,173.0,174.0,174.99,175.0,175.0,175.0,177.0,179.94,181.85,182.15,184.95,185.0,185.0,189.95,195.0,195.95,196.98,198.98,199.95,199.99,209.9,209.93,218.98,219.9,,,,,,
2026-09-01 18:01:13,Pokemon 30th Celebration Booster Bundle (Eng),single,313,102.45,102.48,103.5,97.24,97.38,107.26,110.03,102.45,102.48,103.5,104.73,104.98,105.48,108.9,109.98,109.99,110.5,112.19,114.98,117.17,133.1,,,,,,,,,,,,,,,,,91.99,93.51,94.9,94.95,95.0,97.94,97.98,98.59,98.6,99.95,99.98,99.99,99.99,99.99,,,,,,,,,,,,,,,,
2026-09-01 18:01:13,Pokemon 30th Celebration Umbreon UPC (Eng),single,65,608.93,614.1,617.13,636.14,626.86,658.03,646.4,608.93,614.1,617.13,617.9,628.06,633.19,654.99,796.9,,,,,,,,,,,,,,,,,,,,,,,599.0,599.0,599.94,600.0,609.93,612.0,614.99,780.0,,,,,,,,,,,,,,,,,,,,,,
2026-09-01 18:01:13,Pokemon 30th Celebration Espeon UPC (Eng),single,90,522.49,588.93,593.13,613.09,597.97,632.03,616.77,522.49,588.93,593.13,595.1,599.94,613.19,614.95,618.06,624.99,796.9,,,,,,,,,,,,,,,,,,,,,499.99,575.0,579.94,580.0,580.0,584.99,599.93,599.93,599.95,780.0,,,,,,,,,,,,,,,,,,,,
2026-09-01 18:01:13,Pokemon 30th Celebration Mini Tin Display (Eng),single,51,344.98,345.94,365.94,363.6,359.88,378.05,373.88,344.98,345.94,365.94,368.9,372.3,372.42,379.86,379.9,388.19,396.9,397.4,,,,,,,,,,,,,,,,,,,,334.94,334.95,339.99,355.0,359.95,360.0,360.0,374.0,379.85,379.98,380.0,,,,,,,,,,,,,,,,,,,
2026-09-01 18:01:13,Pokemon Destined Rivals Booster Display (De),single,1388,275.09,276.17,277.19,272.99,274.45,281.14,282.15,275.09,276.17,277.19,277.19,281.14,281.19,282.19,282.19,283.19,284.85,285.49,286.19,286.19,286.19,287.78,292.18,292.38,296.19,297.08,297.18,297.19,297.19,297.19,298.79,302.18,304.85,304.89,305.19,305.54,305.98,267.9,268.98,268.99,270.0,270.0,274.0,274.95,275.0,275.0,276.0,279.0,279.0,279.0,279.0,279.88,279.9,280.0,284.99,289.0,289.89,289.99,289.99,290.0,290.0,290.0,294.99,298.0,298.99,299.0,299.0
2026-09-01 18:01:13,Pokemon Ascended Heroes Mini Tin Display (Eng),single,176,282.8,311.0,311.5,303.23,305.05,323.56,324.5,282.8,311.0,311.5,321.45,324.18,324.49,324.8,324.88,327.18,329.97,336.36,337.14,337.18,337.19,337.42,350.99,352.19,357.19,359.55,366.45,366.9,369.55,369.55,371.2,386.44,386.99,403.99,406.39,407.08,407.16,250.0,280.0,280.0,287.0,292.0,299.99,309.89,316.99,319.99,319.99,319.99,320.0,324.99,325.0,329.95,329.99,330.0,340.0,344.99,345.0,349.99,350.0,350.0,350.0,350.0,379.8,390.0,399.0,399.89,399.9
2026-09-01 18:01:13,Pokemon Ascended Heroes Pokemon Center ETB (Eng),single,274,357.19,410.39,411.5,407.37,415.53,435.27,439.31,357.19,410.39,411.5,417.42,419.55,422.5,438.1,455.38,456.19,461.5,463.72,467.42,467.69,469.19,471.9,476.47,489.55,492.19,497.18,499.55,499.55,503.79,507.19,509.54,509.55,518.55,519.55,519.55,522.0,522.0,350.0,385.0,390.0,399.99,400.0,400.0,400.0,400.0,429.99,439.0,440.0,449.0,449.95,450.0,450.0,462.0,470.0,480.0,480.0,485.0,485.0,489.99,489.99,490.0,495.0,499.0,499.0,499.0,499.99,500.0
2026-09-01 18:01:13,Pokemon Ascended Heroes Pokemon Center ETB (De),single,274,162.39,167.19,169.19,161.98,161.12,171.68,172.12,162.39,167.19,169.19,171.14,172.19,172.19,172.19,172.19,172.19,172.19,173.99,175.18,175.18,177.19,177.19,178.9,182.19,182.19,182.19,182.38,184.19,186.19,187.09,187.09,187.14,187.18,187.18,187.19,196.48,197.09,140.0,149.99,154.9,159.99,160.0,162.0,163.95,165.0,165.0,165.0,165.0,165.0,165.0,167.99,167.99,170.0,170.0,170.0,175.0,175.0,175.0,177.0,179.0,179.9,179.9,179.95,179.99,179.99,180.0,180.0
2026-09-01 18:01:13,Pokemon Ascended Heroes ETB (De),single,1440,116.19,117.18,117.19,111.38,111.89,118.57,119.08,116.19,117.18,117.19,117.19,117.19,118.19,118.3,120.14,120.18,120.18,120.19,120.69,121.09,121.18,121.19,121.19,122.14,122.18,122.19,122.19,122.19,122.19,122.19,122.19,122.19,122.19,122.19,122.19,122.19,122.19,109.0,109.99,110.0,110.0,110.0,111.0,111.11,112.95,112.99,112.99,113.0,113.5,113.9,113.99,114.0,114.0,114.95,114.99,115.0,115.0,115.0,115.0,115.0,115.0,115.0,115.0,115.0,115.0,115.0,115.0
2026-09-02 06:01:15,Pokemon Destined Rivals Booster Display (Eng),single,1388,357.5,357.5,363.1,343.75,343.67,370.65,370.25,357.5,357.5,363.1,365.47,369.39,372.5,373.0,373.9,373.9,373.9,373.9,374.39,374.39,374.39,376.47,376.47,376.47,377.0,377.19,378.9,379.5,380.47,381.5,382.42,382.42,382.49,383.5,383.55,383.79,383.9,325.0,329.99,335.0,335.0,339.0,344.0,349.0,349.0,349.0,350.0,350.0,350.0,350.0,350.0,350.0,350.0,350.0,350.0,350.0,354.0,355.0,359.95,359.99,360.0,360.0,360.0,361.0,364.0,365.0,365.0
2026-09-02 06:01:15,Pokemon Destined Rivals Booster Display Case (Eng),case,182,2121.73,2221.73,2250.73,2152.25,2168.4,2257.47,2263.41,2121.73,2221.73,2250.73,2267.45,2289.99,2290.0,2292.45,2300.0,2300.0,2300.0,2310.22,2311.17,2331.45,2342.45,2350.0,2400.0,2400.0,2418.48,2488.89,2500.0,2517.48,2518.47,2553.4,2553.4,2553.4,2599.0,2599.89,2602.4,2641.45,2642.45,2000.0,2100.0,2129.0,2189.99,2190.0,2200.0,2200.0,2200.0,2225.0,2250.0,2250.0,2250.0,2289.0,2300.0,2300.0,2300.0,2300.0,2400.0,2400.0,2450.0,2450.0,2450.0,2479.0,2499.0,2499.0,2499.0,2499.89,2499.99,2599.0,2599.0
2026-09-02 06:01:15,Pokemon Black Bolt ETB (Eng),single,531,132.18,139.19,139.55,128.12,129.46,143.38,144.14,132.18,139.19,139.55,140.19,141.5,142.17,142.19,146.29,147.19,148.0,148.55,148.56,148.59,148.6,149.42,149.9,151.1,151.42,151.5,152.18,152.19,152.6,152.98,153.0,153.59,153.6,153.6,156.14,156.44,156.5,120.0,124.99,125.0,125.0,125.95,127.5,127.5,130.0,132.0,132.0,133.0,134.0,134.95,134.96,134.98,134.99,135.0,135.0,135.0,137.5,137.5,138.99,139.0,139.9,139.99,139.99,140.0,140.0,140.0,140.0
2026-09-02 06:01:15,Pokemon Ascended Heroes ETB (Eng),single,1440,172.18,172.18,175.42,161.87,162.23,177.37,178.29,172.18,172.18,175.42,176.14,176.18,176.19,176.42,177.19,179.89,181.5,181.5,182.18,182.41,182.42,182.5,182.5,182.99,183.99,184.49,184.5,184.55,185.19,185.42,186.07,186.19,186.42,186.42,186.46,186.5,187.09,154.99,158.0,159.0,159.0,159.99,160.0,162.0,164.95,164.99,164.99,164.99,165.0,165.0,165.0,165.5,167.95,168.0,168.95,169.0,169.0,169.0,169.0,169.0,169.95,169.95,169.99,169.99,169.99,170.0,170.0
2026-09-02 06:01:15,Pokemon Ascended Heroes ETB Case (Eng),case,134,1746.12,1790.0,1800.0,1727.5,1761.29,1812.22,1827.23,1746.12,1790.0,1800.0,1817.45,1841.45,1842.45,1845.0,1861.16,1861.17,1867.45,1887.45,1892.45,1919.0,1947.8,1992.44,1996.8,1997.8,2000.0,2000.0,2042.44,2042.45,2047.8,2058.89,2062.48,2068.48,2090.0,2096.8,2096.8,2099.99,2099.99,1684.95,1690.0,1700.0,1745.0,1775.0,1799.0,1799.99,1800.0,1800.0,1819.0,1825.0,1845.0,1850.0,1850.0,1899.0,1900.0,1900.0,1900.0,1949.99,1950.0,1990.0,1999.0,1999.0,1999.99,1999.99,1999.99,2000.0,2000.0,2044.0,2049.0
2026-09-02 06:01:15,Pokemon 30th Celebration ETB (Eng),single,728,181.49,181.86,181.9,175.74,178.19,185.12,189.31,181.49,181.86,181.9,182.0,182.19,182.99,183.9,187.93,189.65,190.42,192.49,197.99,199.49,201.9,203.5,204.9,204.98,209.5,214.4,216.4,217.39,219.5,227.35,236.4,237.32,252.65,,,,,169.99,173.0,174.0,174.95,174.99,175.0,175.0,175.0,177.0,179.94,181.85,182.15,185.0,185.0,189.95,193.0,195.0,195.95,196.98,198.98,199.95,199.99,209.9,209.93,218.98,219.9,,,,
2026-09-02 06:01:15,Pokemon 30th Celebration Booster Bundle (Eng),single,313,102.45,102.48,103.5,96.62,97.22,107.26,110.26,102.45,102.48,103.5,104.73,104.98,105.48,108.9,109.98,109.99,110.5,112.19,113.5,114.98,117.17,133.1,,,,,,,,,,,,,,,,91.99,93.51,94.9,94.95,95.0,95.0,97.94,97.98,98.59,98.6,99.95,99.98,99.99,99.99,99.99,,,,,,,,,,,,,,,
2026-09-02 06:01:15,Pokemon 30th Celebration Umbreon UPC (Eng),single,65,608.93,614.1,617.13,640.97,628.98,666.05,650.47,608.93,614.1,617.13,628.06,633.19,654.99,796.9,,,,,,,,,,,,,,,,,,,,,,,,599.0,599.0,599.94,600.0,609.93,614.99,780.0,,,,,,,,,,,,,,,,,,,,,,,
2026-09-02 06:01:15,Pokemon 30th Celebration Espeon UPC (Eng),single,90,522.49,588.93,593.13,613.09,597.97,632.03,616.77,522.49,588.93,593.13,595.1,599.94,613.19,614.95,618.06,624.99,796.9,,,,,,,,,,,,,,,,,,,,,499.99,575.0,579.94,580.0,580.0,584.99,599.93,599.93,599.95,780.0,,,,,,,,,,,,,,,,,,,,
2026-09-02 06:01:15,Pokemon 30th Celebration Mini Tin Display (Eng),single,51,344.98,345.94,365.94,363.6,359.88,378.05,373.88,344.98,345.94,365.94,368.9,372.3,372.42,379.86,379.9,388.19,396.9,397.4,,,,,,,,,,,,,,,,,,,,334.94,334.95,339.99,355.0,359.95,360.0,360.0,374.0,379.85,379.98,380.0,,,,,,,,,,,,,,,,,,,
2026-09-02 06:01:15,Pokemon Destined Rivals Booster Display (De),single,1388,275.09,276.17,277.19,273.87,274.97,281.93,283.01,275.09,276.17,277.19,281.14,281.19,281.19,282.19,282.19,284.85,285.49,286.19,286.19,286.19,287.78,292.18,292.38,296.19,297.08,297.18,297.19,297.19,297.19,298.79,302.18,304.85,304.89,305.19,305.54,305.98,306.18,267.9,268.98,268.99,270.0,274.0,274.0,274.95,275.0,275.0,279.0,279.0,279.0,279.0,279.88,279.9,280.0,284.99,289.0,289.89,289.99,289.99,290.0,290.0,290.0,294.99,298.0,298.99,299.0,299.0,299.0
2026-09-02 06:01:15,Pokemon Ascended Heroes Mini Tin Display (Eng),single,176,282.8,311.0,311.5,303.23,305.05,323.56,324.5,282.8,311.0,311.5,321.45,324.18,324.49,324.8,324.88,327.18,329.97,336.36,337.14,337.18,337.19,337.42,350.99,352.19,357.19,359.55,366.45,366.9,369.55,369.55,371.2,386.44,386.99,403.99,406.39,407.08,407.16,250.0,280.0,280.0,287.0,292.0,299.99,309.89,316.99,319.99,319.99,319.99,320.0,324.99,325.0,329.95,329.99,330.0,340.0,344.99,345.0,349.99,350.0,350.0,350.0,350.0,379.8,390.0,399.0,399.89,399.9
2026-09-02 06:01:15,Pokemon Ascended Heroes Pokemon Center ETB (Eng),single,274,402.5,410.39,411.5,405.5,414.06,433.38,440.63,402.5,410.39,411.5,413.73,417.42,419.55,438.1,455.19,455.38,456.19,461.5,463.72,467.42,467.69,469.19,471.9,476.47,489.55,492.19,497.18,499.55,499.55,503.79,507.19,509.55,518.55,519.55,519.55,522.0,522.0,350.0,380.0,385.0,390.0,399.99,400.0,400.0,400.0,429.99,439.0,440.0,448.0,449.0,449.95,450.0,450.0,462.0,470.0,480.0,480.0,485.0,485.0,489.99,490.0,495.0,499.0,499.0,499.0,499.99,500.0
2026-09-02 06:01:15,Pokemon Ascended Heroes Pokemon Center ETB (De),single,274,162.39,167.19,171.14,162.35,161.65,172.28,172.77,162.39,167.19,171.14,172.19,172.19,172.19,172.19,172.19,172.19,173.99,175.18,175.18,177.19,177.19,178.9,182.19,182.19,182.19,182.38,184.19,186.19,187.09,187.09,187.14,187.18,187.18,187.19,196.48,197.09,197.18,140.0,149.99,154.9,159.99,160.0,163.95,165.0,165.0,165.0,165.0,165.0,165.0,167.99,167.99,170.0,170.0,170.0,175.0,175.0,175.0,177.0,179.0,179.9,179.9,179.95,179.99,179.99,180.0,180.0,189.69
2026-09-02 06:01:15,Pokemon Ascended Heroes ETB (De),single,1440,114.19,116.19,117.18,111.25,111.63,118.44,118.82,114.19,116.19,117.18,117.19,117.19,117.19,118.3,120.14,120.18,120.18,120.18,120.69,121.09,121.18,121.19,121.19,122.14,122.18,122.19,122.19,122.19,122.19,122.19,122.19,122.19,122.19,122.19,122.19,122.19,122.19,107.0,109.0,109.99,110.0,110.0,110.0,111.11,112.95,112.99,112.99,112.99,113.5,113.9,113.99,114.0,114.0,114.95,114.99,115.0,115.0,115.0,115.0,115.0,115.0,115.0,115.0,115.0,115.0,115.0,115.0
2026-09-02 20:12:50,Pokemon Destined Rivals Booster Display (Eng),single,1388,347.1,357.5,357.5,346.86,344.59,368.43,368.32,347.1,357.5,357.5,366.12,367.4,367.5,369.55,372.5,373.0,373.9,373.9,373.9,373.9,374.55,376.47,376.47,376.47,378.9,380.47,381.5,382.42,382.42,382.49,383.0,383.5,383.55,383.79,383.9,384.24,384.9,309.0,335.0,335.0,344.9,345.0,350.0,350.0,350.0,350.0,350.0,350.0,350.0,350.0,350.0,350.0,350.0,354.0,355.0,355.0,359.99,359.99,360.0,360.0,360.0,360.0,361.0,364.0,365.0,365.0,365.0
2026-09-02 20:12:50,Pokemon Destined Rivals Booster Display Case (Eng),case,182,2250.73,2267.45,2289.99,2203.75,2233.3,2287.47,2303.47,2250.73,2267.45,2289.99,2292.45,2300.0,2300.0,2310.22,2331.45,2342.45,2350.0,2400.0,2400.0,2488.89,2500.0,2517.48,2518.47,2553.4,2553.4,2599.0,2599.89,2602.4,2641.45,2642.45,2692.45,2749.0,2761.16,2761.17,2795.0,2800.0,2846.69,2129.0,2189.99,2200.0,2200.0,2225.0,2250.0,2250.0,2289.0,2300.0,2300.0,2300.0,2300.0,2400.0,2450.0,2450.0,2479.0,2499.0,2499.0,2499.0,2499.89,2499.99,2599.0,2599.0,2600.0,2645.0,2650.0,2650.0,2699.0,2699.99,2700.0
2026-09-02 20:12:50,Pokemon Black Bolt ETB (Eng),single,531,139.55,140.19,141.5,130.06,130.69,145.84,146.66,139.55,140.19,141.5,142.17,142.19,147.19,148.0,148.55,148.56,148.6,149.42,149.9,151.1,151.42,151.5,152.18,152.19,152.6,152.98,153.0,153.59,153.59,153.6,153.6,155.99,156.14,156.44,157.09,157.09,157.09,120.0,125.0,125.0,125.95,127.5,130.0,132.0,132.99,133.0,134.0,134.95,134.96,134.98,135.0,135.0,135.0,137.5,139.0,139.9,139.99,139.99,139.99,140.0,140.0,140.0,140.0,140.0,140.0,143.9,144.5
2026-09-02 20:12:50,Pokemon Ascended Heroes ETB (Eng),single,1440,172.18,175.42,176.14,159.74,160.86,177.98,178.83,172.18,175.42,176.14,176.19,176.42,177.19,177.5,178.99,179.89,181.5,181.5,182.18,182.41,182.42,182.5,182.5,182.99,184.49,184.5,184.55,185.19,185.41,185.42,186.07,186.19,186.42,186.42,186.46,186.5,186.55,154.99,155.0,155.0,158.0,159.0,159.0,159.99,160.0,162.0,164.95,164.99,164.99,164.99,165.0,165.0,165.0,165.5,167.0,167.95,167.99,168.0,168.0,168.95,169.0,169.0,169.0,169.0,169.0,169.0,169.95
2026-09-02 20:12:50,Pokemon Ascended Heroes ETB Case (Eng),case,134,1746.12,1790.0,1792.45,1721.25,1754.39,1799.97,1819.72,1746.12,1790.0,1792.45,1800.0,1817.45,1841.45,1842.45,1845.0,1861.16,1861.17,1867.45,1887.45,1892.45,1919.0,1947.8,1992.44,1996.8,1997.8,2000.0,2000.0,2042.44,2042.45,2047.8,2050.48,2058.89,2068.48,2090.0,2096.8,2096.8,2099.99,1684.95,1690.0,1700.0,1745.0,1750.0,1775.0,1799.0,1799.99,1800.0,1800.0,1819.0,1825.0,1845.0,1850.0,1850.0,1899.0,1900.0,1900.0,1900.0,1949.99,1950.0,1990.0,1999.0,1999.0,1999.99,1999.99,1999.99,2000.0,2000.0,2032.0
2026-09-02 20:12:50,Pokemon 30th Celebration ETB (Eng),single,722,181.49,181.86,182.0,173.99,174.78,184.48,187.02,181.49,181.86,182.0,182.19,182.93,182.99,183.9,183.99,187.45,190.42,192.49,192.74,192.95,192.99,194.94,199.49,199.5,201.9,203.5,204.9,204.98,209.5,214.4,216.4,217.39,219.5,227.35,232.74,236.4,237.32,169.95,169.99,169.99,173.0,174.0,174.94,174.95,175.0,175.0,175.0,175.0,175.0,179.95,179.95,179.95,181.85,185.0,185.0,189.95,189.99,193.0,195.0,195.95,196.98,198.98,199.95,199.99,209.9,209.93,218.98
2026-09-02 20:12:50,Pokemon 30th Celebration Booster Bundle (Eng),single,335,101.43,101.73,102.48,95.56,96.09,107.81,111.17,101.43,101.73,102.48,103.5,104.98,108.9,109.98,109.99,110.5,112.19,113.5,114.98,117.17,123.19,133.1,,,,,,,,,,,,,,,,84.99,91.99,93.51,93.93,94.9,94.94,95.0,95.0,98.59,98.6,99.95,99.98,99.99,99.99,99.99,,,,,,,,,,,,,,,
2026-09-02 20:12:50,Pokemon 30th Celebration Umbreon UPC (Eng),single,67,598.93,609.55,609.99,602.36,615.35,621.91,634.61,598.93,609.55,609.99,614.1,614.95,617.13,617.9,628.06,633.19,639.98,796.9,,,,,,,,,,,,,,,,,,,,580.0,589.94,599.0,599.0,599.0,599.95,599.98,600.0,609.93,612.0,780.0,,,,,,,,,,,,,,,,,,,
2026-09-02 20:12:50,Pokemon 30th Celebration Espeon UPC (Eng),single,98,585.99,588.93,593.13,586.22,600.89,605.49,619.61,585.99,588.93,593.13,594.55,595.1,599.94,613.19,614.95,614.99,618.06,796.9,,,,,,,,,,,,,,,,,,,,565.0,574.99,575.0,575.0,579.94,580.0,580.0,599.93,599.93,599.95,780.0,,,,,,,,,,,,,,,,,,,
2026-09-02 20:12:50,Pokemon 30th Celebration Mini Tin Display (Eng),single,52,345.94,360.99,368.9,368.6,361.37,381.98,376.28,345.94,360.99,368.9,372.3,372.42,379.86,379.9,388.19,396.9,397.4,,,,,,,,,,,,,,,,,,,,,329.99,334.95,355.0,359.95,360.0,360.0,374.0,379.85,379.98,380.0,,,,,,,,,,,,,,,,,,,,
2026-09-02 20:12:50,Pokemon Destined Rivals Booster Display (De),single,1388,277.19,281.14,281.19,277.59,278.9,285.21,287.67,277.19,281.14,281.19,282.19,284.85,286.19,286.19,286.19,287.09,287.78,292.18,292.38,296.19,297.08,297.18,297.19,297.19,297.19,298.79,302.18,304.85,304.89,305.19,305.54,305.98,306.18,306.19,306.19,307.09,307.18,268.99,270.0,274.0,274.95,275.0,279.0,279.0,279.0,279.88,279.9,279.9,280.0,284.99,289.0,289.89,289.99,289.99,290.0,290.0,290.0,294.99,298.0,298.99,299.0,299.0,299.0,299.0,299.9,299.9,299.9
2026-09-02 20:12:50,Pokemon Ascended Heroes Mini Tin Display (Eng),single,176,282.8,311.0,311.5,303.23,305.05,323.56,324.5,282.8,311.0,311.5,321.45,324.18,324.49,324.8,324.88,327.18,329.97,336.36,337.14,337.18,337.19,337.42,350.99,352.19,357.19,359.55,366.45,366.9,369.55,369.55,371.2,386.44,386.99,403.99,406.39,407.08,407.16,250.0,280.0,280.0,287.0,292.0,299.99,309.89,316.99,319.99,319.99,319.99,320.0,324.99,325.0,329.95,329.99,330.0,340.0,344.99,345.0,349.99,350.0,350.0,350.0,350.0,379.8,390.0,399.0,399.89,399.9
2026-09-02 20:12:50,Pokemon Ascended Heroes Booster Bundle Display (Eng),case,233,1145.0,1176.0,1186.6,1093.75,1114.49,1187.08,1191.5,1145.0,1176.0,1186.6,1186.7,1199.0,1200.0,1200.0,1200.0,1209.98,1211.7,1236.69,1240.99,1250.0,1299.0,1300.0,1300.0,1300.0,1300.0,1320.0,1336.7,1336.7,1349.0,1350.0,1350.0,1350.0,1362.0,1399.99,1536.69,1563.73,1600.0,1045.0,1076.0,1099.0,1100.0,1100.0,1100.0,1149.9,1150.0,1150.0,1175.0,1198.99,1199.0,1199.99,1199.99,1200.0,1200.0,1200.0,1200.0,1220.0,1249.0,1250.0,1250.0,1250.0,1262.0,1299.99,1300.0,1300.0,1499.99,1500.0,1500.0
2026-09-02 20:12:50,Pokemon Ascended Heroes Pokemon Center ETB (Eng),single,274,367.42,385.39,410.39,400.5,408.73,431.25,435.49,367.42,385.39,410.39,411.5,413.73,419.55,438.1,446.19,455.19,455.38,461.5,463.72,467.42,467.69,469.19,471.9,476.47,489.55,492.19,497.18,499.55,499.55,503.79,507.19,509.55,518.55,519.55,519.55,522.0,522.0,350.0,350.0,360.0,385.0,390.0,399.99,400.0,400.0,429.99,439.0,439.0,440.0,448.0,449.95,450.0,450.0,462.0,470.0,480.0,480.0,485.0,485.0,489.99,490.0,495.0,499.0,499.0,499.0,499.99,500.0
2026-09-02 20:12:50,Pokemon Ascended Heroes Pokemon Center ETB (De),single,274,162.39,167.19,171.14,163.98,165.85,176.62,177.97,162.39,167.19,171.14,172.19,173.99,175.18,177.19,178.9,182.19,182.19,182.38,184.19,186.19,187.09,187.09,187.14,187.18,187.18,187.19,190.19,196.48,197.09,197.18,197.19,199.55,203.1,205.19,206.19,206.68,207.14,140.0,149.99,154.9,159.99,160.0,163.95,165.0,167.99,170.0,170.0,175.0,175.0,177.0,179.0,179.9,179.9,179.95,179.99,179.99,180.0,180.0,183.0,189.69,189.9,189.99,189.99,190.0,198.0,199.0,199.49
2026-09-02 20:12:50,Pokemon Ascended Heroes ETB (De),single,1440,114.19,117.18,117.18,110.99,111.36,118.18,118.55,114.19,117.18,117.18,117.19,117.19,117.19,118.19,118.3,120.09,120.14,120.18,120.18,120.18,120.19,120.69,121.09,121.19,121.19,122.14,122.19,122.19,122.19,122.19,122.19,122.19,122.19,122.19,122.19,122.19,122.19,107.0,109.99,109.99,110.0,110.0,110.0,111.0,111.11,112.9,112.95,112.99,112.99,112.99,113.0,113.5,113.9,114.0,114.0,114.95,115.0,115.0,115.0,115.0,115.0,115.0,115.0,115.0,115.0,115.0,115.0
2026-09-02 20:12:50,Pokemon Silver Tempest Booster Display (Eng),single,311,412.19,412.19,414.54,401.75,403.46,419.32,421.44,412.19,412.19,414.54,416.19,417.19,419.42,419.55,422.09,422.19,423.39,424.55,427.18,427.18,431.5,432.19,433.0,434.55,434.55,438.1,438.79,439.55,442.19,442.74,445.38,446.19,453.73,454.08,456.19,457.19,457.19,390.0,394.99,398.0,399.0,400.0,400.0,402.0,405.0,405.0,405.0,409.0,409.0,410.0,410.0,414.9,415.0,415.0,415.0,419.99,419.99,419.99,420.0,420.0,425.0,425.0,435.0,439.0,446.89,449.0,449.0
2026-09-02 20:12:50,Pokemon Lost Origin Booster Display (Eng),single,341,614.16,614.18,614.18,605.99,608.19,627.79,638.55,614.16,614.18,614.18,614.18,623.1,624.18,634.16,634.18,634.18,644.18,660.49,664.13,664.17,664.17,674.55,678.55,678.55,689.55,689.84,689.95,694.07,694.08,696.07,699.0,701.5,703.55,704.18,708.76,713.18,713.18,580.0,589.95,599.0,599.98,600.0,600.0,600.0,610.0,619.0,619.98,620.0,620.0,620.0,620.0,625.0,630.0,632.99,640.0,645.0,649.0,649.0,649.95,649.99,649.99,649.99,650.0,660.0,674.0,675.0,675.66
2026-09-02 20:12:50,Pokemon Chilling Reign Booster Display (Eng),single,171,386.19,405.18,417.5,409.23,414.19,430.1,431.25,386.19,405.18,417.5,422.5,424.09,425.39,431.5,437.18,438.1,444.55,447.19,447.19,447.19,447.45,447.5,449.55,457.18,457.19,464.55,466.42,469.55,469.55,471.85,503.72,504.85,507.14,507.19,507.19,510.4,518.55,379.0,395.0,397.99,400.0,400.0,400.0,409.0,416.9,424.95,425.0,425.0,429.99,430.0,439.99,440.0,440.0,440.0,445.0,449.0,449.99,450.0,450.0,450.0,450.0,499.0,499.0,499.9,499.9,499.95,500.0
2026-09-02 20:12:50,Pokemon Crown Zenith ETB (Eng),single,341,294.99,297.18,298.0,293.73,294.2,308.29,310.54,294.99,297.18,298.0,306.19,307.12,307.13,307.14,312.19,313.99,314.55,315.29,317.79,321.5,322.5,322.5,322.74,326.98,327.14,327.18,327.19,327.5,329.41,329.54,329.98,330.39,331.9,332.18,332.19,334.55,334.55,275.5,288.88,289.9,289.98,289.99,290.0,295.0,297.0,299.0,299.0,299.0,299.93,299.94,299.95,299.99,300.0,300.0,300.0,305.0,305.0,305.0,305.0,309.99,315.0,315.0,315.0,315.0,319.0,319.95,319.99
2026-09-02 20:12:50,Pokemon VSTAR Universe Booster Display (Jpn),single,432,162.18,163.18,172.47,161.58,163.5,176.81,176.3,162.18,163.18,172.47,176.88,177.09,177.19,177.19,177.46,177.99,178.19,178.98,179.19,182.18,182.19,182.19,183.19,184.55,184.68,185.19,187.19,188.79,189.5,191.19,192.09,192.19,192.19,193.1,194.18,194.55,194.55,154.99,155.0,155.0,155.99,159.99,160.0,160.0,165.0,167.0,169.69,169.9,169.99,170.0,170.0,170.0,170.0,171.0,172.0,174.99,174.99,175.0,175.0,175.0,175.0,175.0,176.0,177.49,178.0,180.0,180.0
2026-09-02 20:12:50,Pokemon Flareon VMAX Premium Collection EU Version (Eng),single,73,304.48,307.18,307.19,299.37,300.33,311.9,317.08,304.48,307.18,307.19,307.19,307.19,307.5,309.55,317.5,319.54,319.55,319.55,322.19,322.5,337.74,347.41,363.73,375.72,382.45,413.72,419.54,506.19,507.18,507.18,507.18,518.79,750.0,950.0,982.94,,,285.0,290.0,295.0,299.99,299.99,299.99,300.0,300.0,300.0,300.0,300.0,300.0,300.0,315.0,320.0,329.99,349.99,350.0,359.95,399.99,499.0,499.99,499.99,499.99,500.0,650.0,850.0,890.0,,
2026-09-02 20:12:50,Pokemon Jolteon VMAX Premium Collection EU Version (Eng),single,66,294.99,298.97,302.09,297.1,297.12,305.61,309.53,294.99,298.97,302.09,302.19,304.48,304.98,307.18,307.19,307.19,309.55,317.5,317.79,319.5,322.19,327.19,329.55,347.41,363.73,363.73,367.73,375.72,382.45,413.72,419.54,506.19,507.18,518.79,750.0,950.0,,290.0,290.0,293.98,294.9,295.0,295.0,298.99,299.0,299.95,299.99,299.99,300.0,300.0,300.0,300.0,310.0,315.0,320.0,329.99,349.99,349.99,350.0,359.95,399.99,499.0,499.99,500.0,650.0,850.0,
2026-09-02 20:12:50,Pokemon Vaporeon VMAX Premium Collection EU Version (Eng),single,65,319.5,319.99,322.19,316.75,322.73,329.8,337.18,319.5,319.99,322.19,327.18,327.19,327.19,327.79,332.5,337.19,337.19,347.5,354.19,357.18,357.19,363.73,387.41,413.72,419.54,422.45,425.72,457.18,506.19,518.79,850.0,950.0,954.55,982.94,,,,299.95,300.0,309.0,310.0,315.0,315.0,319.99,320.0,320.0,325.0,330.0,330.0,347.0,349.99,349.99,350.0,369.99,399.95,399.99,400.0,449.99,499.0,500.0,750.0,850.0,890.0,925.0,,,
2026-09-02 20:12:50,Pokemon Celebrations ETB (De),single,350,307.19,327.18,329.41,327.3,332.16,334.49,339.35,307.19,327.18,329.41,332.14,332.19,332.19,335.09,337.18,337.19,340.52,352.18,356.19,357.18,357.19,357.19,360.69,365.19,367.18,376.49,377.19,378.74,388.1,393.69,393.79,397.19,402.19,406.88,407.19,407.19,407.79,300.0,319.99,322.22,324.95,325.0,325.0,327.9,329.99,330.0,333.33,344.99,349.0,349.99,350.0,350.0,350.0,353.5,358.0,359.95,359.99,370.0,371.5,375.0,386.5,389.0,390.0,395.0,399.69,400.0,400.0
2026-09-02 20:12:50,Pokemon Champions Path ETB (Eng),single,165,139.69,147.19,152.19,147.87,148.76,160.66,162.26,139.69,147.19,152.19,155.19,157.18,157.19,164.18,164.99,167.19,167.19,168.78,172.19,172.5,173.99,174.24,176.19,176.19,177.19,178.1,179.55,180.71,182.5,183.1,184.97,186.18,186.19,189.5,193.19,193.99,194.5,132.5,140.0,145.0,145.0,145.0,148.0,149.99,149.99,149.99,150.0,150.0,150.0,156.99,159.0,160.0,160.0,160.0,160.0,164.75,165.0,169.0,169.0,169.95,169.99,170.0,174.95,174.95,179.0,179.95,179.99
2026-09-02 20:12:50,Pokemon Tag Team Pikachu & Zekrom GX Premium Collection (Eng),single,55,284.55,292.19,292.19,301.61,308.13,318.78,324.2,284.55,292.19,292.19,307.18,309.55,316.42,321.4,326.42,337.5,339.55,341.47,342.74,347.19,347.5,357.19,368.55,371.49,377.19,385.98,406.74,425.47,425.72,454.48,487.19,506.19,506.19,523.0,650.0,1014.18,,265.0,285.0,285.0,290.0,299.0,299.9,299.99,309.0,315.0,315.0,320.0,325.0,325.0,340.0,349.0,349.99,350.0,370.0,379.99,399.0,399.99,400.0,449.99,480.0,499.0,499.0,500.0,550.0,1000.0,
2026-09-02 20:12:50,Pokemon Tag Team Reshiram & Charizard GX Premium Collection (Eng),single,27,297.19,319.5,326.19,329.12,341.33,345.65,355.74,297.19,319.5,326.19,335.39,337.18,341.47,344.55,346.19,366.48,367.74,368.79,378.55,396.19,404.48,406.19,407.19,490.98,650.0,773.0,2214.13,,,,,,,,,,,290.0,299.95,310.0,315.0,319.0,325.0,329.99,339.0,344.98,350.0,350.0,359.0,389.0,399.0,399.99,400.0,479.99,550.0,750.0,2199.95,,,,,,,,,,
2026-09-02 20:12:50,Pokemon VMAX Climax Booster Display (Jpn),single,157,164.19,171.17,171.18,162.68,163.49,174.73,176.23,164.19,171.17,171.18,172.19,173.19,174.55,176.19,176.19,177.19,177.19,177.99,182.18,182.49,183.05,184.55,185.7,187.18,187.19,187.47,187.5,188.79,192.19,192.74,193.1,194.19,194.97,197.09,197.14,197.19,197.19,155.0,157.0,159.99,160.0,160.0,163.5,163.98,163.99,165.0,165.0,165.0,166.0,169.0,169.0,169.9,169.99,170.0,170.0,170.0,170.0,174.99,175.0,179.99,180.0,185.0,185.0,187.0,189.9,189.95,189.99
2026-09-02 20:12:50,Pokemon Battle Region Booster Display (Jpn),single,85,78.48,80.18,81.09,75.35,75.98,84.38,87.68,78.48,80.18,81.09,82.14,82.18,84.19,85.99,86.18,86.19,87.08,92.47,93.05,96.47,96.99,102.47,103.1,103.69,105.82,106.47,106.99,107.18,107.19,108.69,111.87,113.09,113.1,113.47,117.46,117.47,120.24,69.0,70.0,72.99,73.9,74.95,74.99,74.99,75.0,77.0,78.99,79.0,79.0,79.89,79.95,79.99,80.0,80.0,84.9,85.0,89.0,89.34,89.9,90.0,96.0,99.0,99.98,99.99,99.99,100.0,100.0
2026-09-02 20:12:50,Pokemon Clay Burst Booster Display (Jpn),single,233,92.18,92.19,95.19,88.0,89.33,100.45,101.89,92.18,92.19,95.19,96.47,98.1,99.19,101.99,102.19,103.98,106.47,106.48,107.18,107.19,109.25,110.35,112.37,112.98,112.98,113.1,113.47,115.08,117.09,117.18,117.18,118.65,118.99,119.14,122.5,125.79,127.0,79.0,84.99,85.0,85.0,85.0,88.0,89.0,90.0,90.0,92.0,93.16,93.9,94.9,95.0,95.0,96.0,99.88,99.88,99.99,99.99,100.0,100.0,100.0,105.0,107.89,109.9,109.99,109.99,109.99,111.95
2026-09-02 20:12:50,Pokemon Fusion Strike Booster Display (Eng),single,204,729.18,764.17,791.17,797.37,805.19,829.15,838.1,729.18,764.17,791.17,793.18,794.18,814.17,844.5,862.41,864.08,869.55,878.55,884.08,893.1,894.18,895.0,909.55,909.55,914.17,914.18,923.72,929.54,929.9,938.0,945.0,950.0,962.73,964.17,964.17,970.0,982.85,715.0,749.99,776.99,779.0,780.0,795.0,795.0,799.99,814.95,838.0,840.0,845.0,849.0,849.9,850.0,850.0,859.99,869.9,870.0,880.0,880.0,880.0,895.99,899.0,899.9,899.99,899.99,899.99,900.0,900.0
2026-09-02 20:12:50,Pokemon Astral Radiance Booster Display (Eng),single,272,357.18,366.19,379.29,356.84,360.51,382.89,384.45,357.18,366.19,379.29,379.5,379.55,381.5,382.5,384.55,388.1,388.1,390.49,395.47,395.72,396.47,402.19,407.09,407.19,407.19,412.5,412.72,422.19,422.5,422.98,437.18,443.72,447.5,451.63,457.17,457.18,469.43,348.99,349.99,350.0,350.0,356.79,359.0,359.0,359.95,360.0,360.0,365.0,369.0,370.0,370.0,379.99,379.99,390.0,395.0,399.9,399.98,400.0,400.0,400.0,415.0,425.0,429.99,444.44,449.88,449.88,449.98
2026-09-02 20:12:50,Pokemon Lost Origin ETB (Eng),single,251,192.19,197.18,197.18,189.43,190.29,202.07,203.33,192.19,197.18,197.18,197.42,201.19,202.09,202.18,202.5,206.89,207.14,207.19,207.19,208.55,208.99,212.05,214.55,214.89,216.18,217.19,217.5,217.79,219.54,221.5,221.5,221.69,222.14,223.0,223.99,223.99,228.46,180.0,180.0,184.99,185.0,189.0,189.99,189.99,190.0,192.5,194.0,194.9,194.99,195.0,195.0,199.0,199.0,199.0,199.0,199.95,199.99,199.99,199.99,199.99,200.0,200.0,205.0,208.99,209.9,209.9,209.99
2026-09-02 20:12:50,Pokemon Crown Zenith Galarian Articuno Tin US Version (Eng),single,24,141.0,144.06,162.5,154.25,185.0,173.01,201.95,141.0,144.06,162.5,166.47,172.5,173.99,176.19,177.18,177.18,178.09,207.18,207.19,300.96,442.75,,,,,,,,,,,,,,,,,133.0,133.06,140.0,140.0,144.99,149.99,150.0,169.0,169.99,169.99,199.99,200.0,289.97,400.0,,,,,,,,,,,,,,,,
2026-09-02 20:12:50,Pokemon Crown Zenith Galarian Zapdos Tin US Version (Eng),single,31,132.99,135.18,137.18,136.69,143.9,149.17,157.57,132.99,135.18,137.18,137.42,144.08,151.63,152.5,156.19,157.18,157.19,163.09,172.5,177.18,182.1,207.18,227.19,442.75,,,,,,,,,,,,,,120.0,124.99,127.99,129.99,129.99,130.0,133.08,144.44,149.0,149.0,149.99,150.0,150.0,169.99,199.99,220.0,400.0,,,,,,,,,,,,,
2026-09-02 20:12:50,Pokemon Crown Zenith Galarian Moltres Tin US Version (Eng),single,20,157.0,157.19,167.14,156.24,175.64,172.86,195.92,157.0,157.19,167.14,167.18,167.18,172.5,172.5,172.75,177.18,186.47,193.09,202.75,207.18,442.75,,,,,,,,,,,,,,,,,130.0,149.0,150.0,150.0,150.0,159.95,159.99,159.99,159.99,160.0,160.0,169.99,199.99,400.0,,,,,,,,,,,,,,,,
2026-09-02 20:12:50,Pokemon 151 Zapdos ex Collection (Eng),single,199,122.19,126.18,126.19,120.62,121.52,134.78,136.38,122.19,126.18,126.19,126.19,133.0,137.09,137.18,138.05,138.73,141.79,142.42,143.04,143.05,143.09,147.5,147.5,147.74,152.19,152.5,157.18,157.19,158.1,158.19,162.75,163.05,163.1,168.0,172.49,197.5,222.5,109.0,109.99,115.0,118.99,119.0,119.0,120.0,123.0,124.95,125.0,125.0,125.0,129.0,129.9,129.94,129.95,129.99,130.0,130.0,130.0,134.9,145.0,149.95,149.99,149.99,150.0,150.0,151.0,175.0,199.95
2026-09-02 20:12:50,Pokemon 151 UPC (Eng),single,397,715.68,735.67,745.68,734.37,735.59,759.43,760.7,715.68,735.67,745.68,750.68,755.68,760.68,765.67,765.68,765.68,765.68,766.45,774.5,774.55,779.54,788.68,789.68,795.68,802.05,804.5,809.55,812.19,813.68,814.68,819.55,819.55,820.19,825.0,825.68,829.55,833.19,700.0,719.99,720.0,725.0,730.0,735.0,735.0,740.0,744.95,745.0,745.0,745.0,749.0,749.99,749.99,750.0,750.0,750.0,770.0,772.5,773.0,774.0,774.95,779.0,780.0,780.0,780.0,780.0,785.0,787.0
2026-09-02 20:12:50,Pokemon 151 UPC (De),single,397,655.68,660.68,660.68,680.61,693.52,696.3,709.2,655.68,660.68,660.68,665.68,690.68,695.67,710.67,715.63,715.67,715.68,734.68,740.58,744.68,765.63,765.67,765.68,765.68,775.68,805.9,805.9,805.9,812.98,814.68,815.17,815.67,815.67,895.68,898.95,899.0,915.67,640.0,645.0,645.0,650.0,675.0,679.99,694.99,699.95,699.99,700.0,719.0,724.9,729.0,749.95,749.99,750.0,750.0,760.0,798.95,799.0,799.0,799.49,799.99,799.99,799.99,800.0,800.0,800.0,849.99,850.0
2026-09-02 20:12:50,Pokemon 151 Booster Display (Jpn),single,527,274.99,277.18,277.19,266.12,266.12,281.54,281.17,274.99,277.18,277.19,282.07,282.1,282.18,282.19,282.19,282.19,282.19,282.19,282.19,282.19,282.79,283.79,284.54,284.55,287.19,287.19,287.19,287.19,290.99,290.99,292.18,294.18,297.18,297.19,297.79,298.0,298.1,249.0,249.0,260.0,264.0,264.99,265.0,265.0,269.99,270.0,270.0,270.0,270.0,274.88,274.99,275.0,275.0,275.0,275.0,275.0,275.0,275.0,275.0,277.9,279.0,280.0,280.0,280.0,280.0,280.0,280.0
2026-09-02 20:12:50,Pokemon Paradigm Trigger Booster Display (Jpn),single,165,114.18,127.09,129.19,120.86,122.72,135.19,135.55,114.18,127.09,129.19,132.47,133.79,136.09,137.18,137.19,137.47,138.1,138.1,140.14,141.19,143.98,147.09,147.19,147.42,148.0,151.42,152.19,153.1,156.19,156.19,156.99,157.46,157.75,163.05,166.19,166.37,171.98,106.99,115.0,115.0,115.0,119.9,120.0,122.0,125.0,125.0,125.0,128.9,129.99,130.0,130.0,132.95,134.0,134.0,139.0,139.9,139.99,139.99,140.0,140.0,140.0,145.0,148.9,149.0,149.0,149.95,159.0
2026-09-02 20:12:50,Pokemon Star Birth Booster Display (Jpn),single,126,122.19,131.19,132.19,126.55,127.69,136.25,137.79,122.19,131.19,132.19,132.19,133.14,136.19,137.18,137.99,138.98,142.14,143.05,143.09,145.18,145.9,146.18,146.19,147.19,147.5,149.19,156.19,157.19,157.19,157.47,161.47,164.48,166.47,166.99,167.99,182.19,183.1,115.0,120.0,124.0,125.0,125.0,125.0,125.95,128.48,129.0,129.95,129.99,129.99,134.95,134.99,137.99,138.99,139.0,140.0,140.0,142.0,144.0,149.0,149.0,149.0,150.0,150.0,150.0,150.0,159.99,175.0
2026-09-02 20:12:50,Pokemon Violet ex Booster Display (Jpn),single,209,73.08,76.09,77.18,67.97,68.74,78.89,80.73,73.08,76.09,77.18,77.18,77.18,77.19,78.1,79.69,81.89,82.69,83.18,84.78,87.18,87.47,88.09,91.99,92.98,92.98,93.05,93.09,93.88,94.24,94.53,94.88,95.08,95.89,96.79,96.89,97.19,98.09,64.9,64.99,65.0,65.89,65.99,68.0,68.9,69.99,69.99,69.99,70.0,70.0,70.0,72.5,74.99,75.0,75.0,75.5,75.99,77.54,78.9,79.88,79.88,79.9,79.95,79.99,79.99,79.99,80.0,80.0
2026-09-02 20:12:50,Pokemon Brilliant Stars Booster Display (De),single,216,337.19,342.14,342.19,335.71,341.64,346.15,353.85,337.19,342.14,342.19,343.79,344.09,344.85,346.18,347.14,348.79,352.14,357.18,357.19,373.73,384.89,386.19,387.19,406.19,407.18,446.19,454.97,456.69,486.19,488.79,502.19,503.17,506.19,506.87,507.18,518.78,518.79,310.0,325.0,330.0,330.0,334.95,335.0,336.9,338.99,339.9,339.95,344.95,349.99,350.0,379.0,379.9,380.0,399.0,399.99,439.0,449.5,449.99,470.0,479.0,495.0,495.98,499.0,499.68,499.99,499.99,500.0
2026-09-02 20:12:50,Pokemon Lost Origin Booster Display (De),single,341,365.18,372.19,377.18,380.84,384.49,388.03,391.66,365.18,372.19,377.18,380.19,381.19,383.18,386.14,387.19,403.09,406.08,406.13,406.19,406.87,406.89,407.18,407.19,407.19,432.19,436.19,456.18,457.17,457.18,457.19,457.19,462.89,487.14,488.79,493.79,497.19,506.14,357.99,365.0,369.99,373.0,374.0,375.99,378.95,380.0,395.9,398.89,398.94,399.0,399.68,399.99,400.0,400.0,401.9,425.0,429.0,448.99,449.98,449.99,449.99,450.0,450.0,470.0,475.0,479.95,490.0,499.0
2026-09-02 20:12:50,Pokemon Twilight Masquerade Booster Display (De),single,285,237.19,252.19,256.14,261.7,267.85,272.41,277.23,237.19,252.19,256.14,258.79,272.08,272.14,277.09,277.19,278.74,287.07,287.09,288.78,302.13,304.98,306.87,306.87,318.79,407.18,,,,,,,,,,,,,230.0,240.0,245.0,248.95,259.95,264.89,264.95,269.9,269.99,270.0,279.88,279.9,294.94,299.68,299.68,299.99,300.0,399.99,,,,,,,,,,,,
2026-09-02 20:12:50,Pokemon Prismatic Evolutions Mini Tin Display (Eng),single,327,257.19,259.55,262.19,246.64,246.21,265.9,266.74,257.19,259.55,262.19,264.55,264.98,265.18,265.79,267.08,267.99,269.44,270.47,270.8,270.91,272.5,272.5,274.4,274.77,276.45,277.75,281.0,281.18,282.5,284.85,286.18,286.5,286.68,287.18,289.54,292.19,292.74,235.0,235.0,240.0,244.0,244.44,245.0,249.89,249.9,249.9,249.99,249.99,250.0,250.0,250.0,250.0,255.0,255.22,257.99,259.89,259.9,259.99,259.99,260.0,264.0,269.99,273.99,275.0,278.99,279.49,279.9
2026-09-02 20:12:50,Pokemon Prismatic Evolutions Booster Bundle Display (Eng),case,199,1055.5,1056.5,1180.0,1093.75,1140.9,1171.17,1211.09,1055.5,1056.5,1180.0,1211.5,1236.7,1250.0,1263.58,1285.68,1285.7,1285.7,1286.65,1293.86,1296.86,1300.0,1310.73,1320.73,1361.7,1365.55,1365.56,1386.7,1399.0,1400.0,1400.0,1400.0,1400.0,1415.67,1415.68,1425.0,1447.8,1447.8,999.0,1000.0,1080.0,1145.0,1150.0,1189.0,1199.0,1200.0,1200.0,1247.0,1247.9,1249.0,1249.0,1249.95,1250.0,1270.0,1299.0,1300.0,1300.0,1300.0,1300.0,1325.0,1325.0,1349.87,1349.88,1350.0,1350.0,1350.0,1350.0,1399.0
2026-09-02 20:12:50,Pokemon Prismatic Evolutions ETB (De),single,2017,152.19,152.19,155.09,152.11,153.73,159.3,160.92,152.19,152.19,155.09,156.19,157.18,157.19,162.19,162.19,162.19,162.19,166.19,167.19,167.19,167.19,167.19,172.19,172.19,172.19,177.14,177.18,178.79,182.19,183.8,187.18,187.18,187.19,187.19,187.19,187.19,187.19,145.0,145.0,147.9,149.0,149.99,150.0,155.0,155.0,155.0,155.0,159.0,160.0,160.0,160.0,160.0,160.0,165.0,165.0,165.0,169.95,169.99,170.0,174.9,174.99,175.0,175.0,179.99,179.99,180.0,180.0
2026-09-02 20:12:50,Pokemon Prismatic Evolutions ETB (Eng),single,2017,172.19,178.0,178.55,163.87,164.93,181.86,182.7,172.19,178.0,178.55,179.54,179.55,181.19,182.42,184.5,184.55,184.55,184.97,186.07,187.42,188.5,188.54,189.54,189.55,189.55,189.55,189.84,189.85,192.19,192.42,192.5,192.87,193.98,193.98,193.99,193.99,194.5,155.0,159.0,159.99,160.0,162.0,165.0,165.0,165.0,165.0,168.95,168.99,169.99,170.0,170.0,170.0,170.0,170.0,170.0,170.0,172.0,174.0,174.99,174.99,174.99,175.0,175.0,175.0,175.0,175.0,179.0
2026-09-02 20:12:50,Prismatic Evolutions Super-Premium Collection (Eng),single,1342,284.77,287.77,288.69,278.94,282.16,295.57,297.99,284.77,287.77,288.69,288.77,294.55,294.77,295.98,298.55,299.54,303.69,303.69,304.05,307.89,308.54,308.64,308.69,308.69,317.99,318.69,318.77,319.5,319.5,319.54,321.9,322.49,326.69,328.18,329.5,329.54,334.5,265.0,268.0,269.0,275.0,275.0,279.0,279.99,280.0,284.5,288.99,289.0,289.99,295.0,295.0,299.0,299.9,299.95,299.95,299.95,299.99,299.99,299.99,300.0,300.0,309.95,309.99,310.0,310.0,318.0,319.0
2026-09-02 20:12:50,Prismatic Evolutions Super-Premium Collection (De),single,1342,208.68,208.69,213.66,206.37,207.66,215.68,216.87,208.68,208.69,213.66,213.67,213.69,213.69,215.69,217.68,218.69,218.69,218.69,221.4,222.69,223.69,223.69,224.77,227.69,228.69,228.69,228.69,228.69,231.69,233.59,233.68,236.88,238.69,238.69,238.69,238.69,241.2,199.99,200.0,204.97,204.98,205.0,205.0,205.0,207.0,208.99,210.0,210.0,210.0,214.0,214.9,215.0,215.0,219.0,219.99,220.0,220.0,220.0,220.0,220.0,220.0,223.0,224.9,224.99,227.5,229.99,230.0
2026-09-02 20:12:50,Pokemon Black Bolt & White Flare Unova Mini Tin Display (Eng),single,133,241.99,242.19,242.19,243.36,247.72,251.39,258.53,241.99,242.19,242.19,247.09,248.5,251.48,251.49,251.98,256.19,262.19,267.42,269.94,271.2,286.99,287.18,294.55,299.5,302.14,306.87,307.17,307.18,312.7,319.54,407.19,614.17,,,,,,224.0,235.0,235.0,236.0,239.9,245.0,245.99,245.99,249.0,249.99,250.0,255.0,259.99,269.95,275.0,279.8,279.95,279.99,294.95,299.68,299.98,299.99,299.99,400.0,599.99,,,,,
2026-09-02 20:12:50,Pokemon Lost Abyss Booster Display (Jpn),single,115,217.47,234.48,235.19,236.0,236.72,246.73,249.76,217.47,234.48,235.19,240.94,242.19,242.19,248.78,252.19,255.19,257.14,257.18,258.79,264.55,268.0,272.19,289.19,294.55,297.18,306.19,307.17,307.18,307.18,307.19,313.73,313.73,318.1,318.78,319.99,329.99,352.19,200.0,219.95,228.0,229.99,229.99,235.0,235.0,240.0,245.0,245.0,245.0,248.0,249.95,249.99,250.0,250.0,265.0,275.0,280.0,282.0,289.99,289.99,293.9,299.0,299.0,299.0,299.98,299.99,299.99,299.99
2026-09-02 20:12:50,Pokemon Terastal Festival ex Booster Display (Jpn),single,925,111.9,112.47,112.8,100.47,102.58,115.74,117.31,111.9,112.47,112.8,113.79,115.99,116.05,116.45,116.47,117.19,117.19,118.05,122.19,122.99,123.0,123.1,123.1,125.19,126.19,126.19,127.08,127.18,127.18,127.18,127.19,127.98,128.09,132.18,133.09,133.09,133.18,95.0,95.0,98.98,99.0,99.0,99.0,99.9,100.0,102.95,104.95,105.0,109.99,110.0,110.0,110.0,110.0,114.99,115.0,115.0,116.0,118.0,119.0,119.0,119.89,119.99,119.99,119.99,119.99,120.0,120.0
2026-09-03 06:01:13,Pokemon Destined Rivals Booster Display (Eng),single,1388,357.5,363.0,363.1,347.11,345.79,368.41,369.18,357.5,363.0,363.1,366.12,366.19,367.4,369.39,369.55,372.5,373.0,373.9,373.9,373.9,373.9,374.39,374.39,374.55,376.47,376.47,376.47,377.0,377.19,378.9,380.47,381.5,382.42,382.42,382.49,383.0,383.5,325.0,335.0,340.0,344.0,344.9,349.0,349.0,350.0,350.0,350.0,350.0,350.0,350.0,350.0,350.0,350.0,350.0,350.0,354.0,355.0,355.0,359.0,359.99,359.99,360.0,360.0,360.0,360.0,361.0,364.0
2026-09-03 06:01:13,Pokemon Destined Rivals Booster Display Case (Eng),case,182,2250.73,2267.45,2289.99,2203.75,2228.3,2287.47,2299.59,2250.73,2267.45,2289.99,2292.45,2300.0,2300.0,2310.22,2311.17,2331.45,2342.45,2350.0,2400.0,2400.0,2488.89,2500.0,2517.48,2518.47,2553.4,2553.4,2599.0,2599.89,2602.4,2641.45,2642.45,2692.45,2749.0,2761.16,2761.17,2795.0,2800.0,2129.0,2189.99,2200.0,2200.0,2225.0,2250.0,2250.0,2250.0,2289.0,2300.0,2300.0,2300.0,2300.0,2400.0,2450.0,2450.0,2479.0,2499.0,2499.0,2499.0,2499.89,2499.99,2599.0,2599.0,2600.0,2645.0,2650.0,2650.0,2699.0,2699.99
2026-09-03 06:01:13,Pokemon Black Bolt ETB (Eng),single,531,140.19,141.5,142.17,130.25,130.79,147.35,147.77,140.19,141.5,142.17,146.29,147.19,148.0,148.55,148.56,148.6,149.42,149.9,151.1,151.42,151.5,152.18,152.19,152.6,152.98,153.0,153.59,153.59,153.6,153.6,155.99,156.14,156.44,157.09,157.09,157.09,157.18,120.0,125.0,125.0,127.5,127.5,130.0,132.0,132.99,133.0,134.0,134.95,134.96,134.98,135.0,135.0,137.5,139.0,139.9,139.99,139.99,139.99,140.0,140.0,140.0,140.0,140.0,140.0,143.9,144.5,144.99
2026-09-03 06:01:13,Pokemon Ascended Heroes ETB (Eng),single,1440,172.18,175.42,176.14,161.87,162.36,178.88,179.43,172.18,175.42,176.14,176.19,176.42,177.19,179.89,181.5,181.5,182.18,182.41,182.42,182.5,182.5,182.99,184.49,184.5,184.55,185.19,185.41,185.42,186.07,186.19,186.42,186.42,186.46,186.5,186.55,187.09,187.18,154.99,158.0,159.0,159.0,159.99,160.0,162.0,164.95,164.99,164.99,165.0,165.0,165.0,165.5,167.0,167.95,167.99,168.0,168.0,168.95,169.0,169.0,169.0,169.0,169.0,169.0,169.95,169.95,169.99,169.99
2026-09-03 06:01:13,Pokemon Ascended Heroes ETB Case (Eng),case,134,1746.12,1790.0,1792.44,1721.25,1751.89,1793.72,1817.22,1746.12,1790.0,1792.44,1792.45,1800.0,1841.45,1842.45,1845.0,1861.16,1861.17,1867.45,1887.45,1892.45,1919.0,1947.8,1992.44,1996.8,1997.8,2000.0,2000.0,2042.44,2042.45,2047.8,2048.89,2050.48,2090.0,2096.8,2096.8,2099.99,2099.99,1684.95,1690.0,1700.0,1745.0,1749.99,1750.0,1799.0,1799.99,1800.0,1800.0,1819.0,1825.0,1845.0,1850.0,1850.0,1899.0,1900.0,1900.0,1900.0,1949.99,1950.0,1990.0,1999.0,1999.0,1999.99,1999.99,1999.99,2000.0,2000.0,2032.0
2026-09-03 06:01:13,Pokemon 30th Celebration ETB (Eng),single,722,181.49,181.86,181.9,173.98,174.18,182.79,185.75,181.49,181.86,181.9,182.0,182.19,182.45,182.93,182.99,183.9,183.99,190.42,191.99,192.49,192.74,192.95,194.94,199.5,201.9,203.5,204.9,204.98,209.5,214.4,216.4,217.39,219.5,227.35,232.74,236.4,237.32,168.99,169.95,169.99,173.0,174.0,174.94,174.95,174.95,175.0,175.0,175.0,175.0,175.0,177.0,179.95,179.95,181.85,185.0,185.0,189.95,189.99,195.0,195.95,196.98,198.98,199.95,199.99,209.9,209.93,218.98
2026-09-03 06:01:13,Pokemon 30th Celebration Booster Bundle (Eng),single,335,101.43,101.73,102.4,95.42,95.88,107.43,110.97,101.43,101.73,102.4,102.48,104.98,107.99,108.9,109.98,110.5,112.19,113.5,114.98,117.17,123.19,133.1,,,,,,,,,,,,,,,,84.99,89.99,93.51,93.93,94.9,94.94,95.0,95.0,97.5,98.59,99.95,99.98,99.99,99.99,99.99,,,,,,,,,,,,,,,
2026-09-03 06:01:13,Pokemon 30th Celebration Umbreon UPC (Eng),single,67,522.49,598.93,606.93,599.22,605.48,617.73,625.01,522.49,598.93,606.93,609.55,614.1,614.95,617.13,617.9,628.06,633.19,639.98,796.9,,,,,,,,,,,,,,,,,,,499.99,580.0,589.94,595.94,599.0,599.0,599.95,599.98,600.0,609.93,612.0,780.0,,,,,,,,,,,,,,,,,,
2026-09-03 06:01:13,Pokemon 30th Celebration Espeon UPC (Eng),single,98,522.49,588.93,593.13,585.69,594.21,604.07,613.25,522.49,588.93,593.13,594.55,595.1,599.94,606.74,613.19,614.95,614.99,618.06,796.9,,,,,,,,,,,,,,,,,,,499.99,565.0,574.99,575.0,579.94,580.0,580.0,595.75,599.93,599.93,599.95,780.0,,,,,,,,,,,,,,,,,,
2026-09-03 06:01:13,Pokemon 30th Celebration Mini Tin Display (Eng),single,52,345.94,360.99,368.9,368.6,361.37,381.98,376.28,345.94,360.99,368.9,372.3,372.42,379.86,379.9,388.19,396.9,397.4,,,,,,,,,,,,,,,,,,,,,329.99,334.95,355.0,359.95,360.0,360.0,374.0,379.85,379.98,380.0,,,,,,,,,,,,,,,,,,,,
2026-09-03 06:01:13,Pokemon Destined Rivals Booster Display (De),single,1388,272.69,277.19,281.19,276.24,277.21,284.39,286.04,272.69,277.19,281.19,281.19,282.19,284.85,286.19,286.19,286.19,287.09,287.78,292.18,292.38,296.19,297.08,297.18,297.19,297.19,297.19,298.79,302.18,304.85,304.89,305.19,305.54,305.98,306.18,306.19,306.19,307.09,265.5,268.99,270.0,274.0,274.0,275.0,279.0,279.0,279.0,279.88,279.9,279.9,280.0,284.99,289.0,289.89,289.99,289.99,290.0,290.0,290.0,294.99,298.0,298.99,299.0,299.0,299.0,299.0,299.9,299.9
2026-09-03 06:01:13,Pokemon Ascended Heroes Mini Tin Display (Eng),single,176,282.8,311.0,311.5,301.98,304.05,323.5,324.47,282.8,311.0,311.5,321.45,324.18,324.49,324.8,324.88,327.18,329.55,336.36,337.14,337.18,337.19,337.42,350.99,352.19,357.19,359.55,366.45,366.9,369.55,369.55,371.2,386.44,386.99,403.97,403.99,406.39,407.08,250.0,280.0,280.0,287.0,292.0,299.99,309.89,310.0,316.99,319.99,319.99,319.99,320.0,325.0,329.95,329.99,330.0,340.0,344.99,345.0,349.99,350.0,350.0,350.0,350.0,379.8,390.0,398.99,399.0,399.89
2026-09-03 06:01:13,Pokemon Ascended Heroes Booster Bundle Display (Eng),case,233,1145.0,1176.0,1186.6,1093.75,1114.49,1187.08,1191.5,1145.0,1176.0,1186.6,1186.7,1199.0,1200.0,1200.0,1200.0,1209.98,1211.7,1236.69,1240.99,1250.0,1299.0,1300.0,1300.0,1300.0,1300.0,1320.0,1336.7,1336.7,1349.0,1350.0,1350.0,1350.0,1362.0,1399.99,1536.69,1563.73,1600.0,1045.0,1076.0,1099.0,1100.0,1100.0,1100.0,1149.9,1150.0,1150.0,1175.0,1198.99,1199.0,1199.99,1199.99,1200.0,1200.0,1200.0,1200.0,1220.0,1249.0,1250.0,1250.0,1250.0,1262.0,1299.99,1300.0,1300.0,1499.99,1500.0,1500.0
2026-09-03 06:01:13,Pokemon Ascended Heroes Pokemon Center ETB (Eng),single,274,367.42,385.39,395.39,391.87,403.4,423.75,430.57,367.42,385.39,395.39,410.39,411.5,413.73,419.55,438.1,446.19,455.19,455.38,461.5,463.72,467.42,467.69,469.19,471.9,476.47,489.55,492.19,497.18,499.55,499.55,503.79,507.19,509.55,518.55,519.55,519.55,522.0,350.0,350.0,360.0,370.0,385.0,390.0,399.99,400.0,400.0,429.99,439.0,439.0,440.0,448.0,449.95,450.0,450.0,462.0,470.0,480.0,480.0,485.0,485.0,489.99,490.0,495.0,499.0,499.0,499.0,499.99
2026-09-03 06:01:13,Pokemon Ascended Heroes Pokemon Center ETB (De),single,274,162.39,167.19,171.14,161.1,160.65,172.28,172.67,162.39,167.19,171.14,172.19,172.19,172.19,172.19,172.19,172.19,173.99,175.18,175.18,177.19,177.19,177.39,178.9,182.19,182.19,182.19,182.19,182.38,184.19,186.19,187.09,187.09,187.14,187.18,187.18,187.19,196.48,140.0,149.99,154.9,155.0,159.99,160.0,163.95,165.0,165.0,165.0,165.0,165.0,165.0,167.99,167.99,170.0,170.0,170.0,175.0,175.0,175.0,175.0,177.0,179.0,179.9,179.9,179.95,179.99,179.99,180.0
2026-09-03 06:01:13,Pokemon Ascended Heroes ETB (De),single,1440,112.69,113.19,114.19,109.5,109.89,116.69,117.08,112.69,113.19,114.19,116.18,117.18,117.18,117.19,117.19,117.19,117.19,118.19,118.3,120.09,120.14,120.18,120.18,120.18,120.19,120.69,121.09,121.19,121.19,122.14,122.19,122.19,122.19,122.19,122.19,122.19,122.19,105.5,106.0,107.0,108.99,109.99,109.99,110.0,110.0,110.0,110.0,111.0,111.11,112.9,112.95,112.99,112.99,112.99,113.0,113.5,113.9,114.0,114.0,114.95,115.0,115.0,115.0,115.0,115.0,115.0,115.0
2026-09-03 06:01:13,Pokemon Silver Tempest Booster Display (Eng),single,311,397.19,412.19,412.19,400.5,401.8,417.92,419.1,397.19,412.19,412.19,414.54,416.19,417.19,419.42,419.55,422.09,422.19,423.39,424.55,427.18,427.18,431.5,432.19,433.0,434.55,434.55,438.1,438.79,439.55,442.19,442.74,445.38,446.19,453.73,454.08,456.19,457.19,390.0,390.0,394.99,398.0,399.0,400.0,400.0,402.0,405.0,405.0,405.0,409.0,409.0,410.0,410.0,414.9,415.0,415.0,415.0,419.99,419.99,419.99,420.0,420.0,425.0,425.0,435.0,439.0,446.89,449.0
2026-09-03 06:01:13,Pokemon Lost Origin Booster Display (Eng),single,341,614.16,614.18,614.18,605.99,608.19,627.79,638.55,614.16,614.18,614.18,614.18,623.1,624.18,634.16,634.18,634.18,644.18,660.49,664.13,664.17,664.17,674.55,678.55,678.55,689.55,689.84,689.95,694.07,694.08,696.07,699.0,701.5,703.55,704.18,708.76,713.18,713.18,580.0,589.95,599.0,599.98,600.0,600.0,600.0,610.0,619.0,619.98,620.0,620.0,620.0,620.0,625.0,630.0,632.99,640.0,645.0,649.0,649.0,649.95,649.99,649.99,649.99,650.0,660.0,674.0,675.0,675.66
2026-09-03 06:01:13,Pokemon Chilling Reign Booster Display (Eng),single,171,386.19,405.18,417.5,409.23,414.19,430.1,431.25,386.19,405.18,417.5,422.5,424.09,425.39,431.5,437.18,438.1,444.55,447.19,447.19,447.19,447.45,447.5,449.55,457.18,457.19,464.55,466.42,469.55,469.55,471.85,503.72,504.85,507.14,507.19,507.19,510.4,518.55,379.0,395.0,397.99,400.0,400.0,400.0,409.0,416.9,424.95,425.0,425.0,429.99,430.0,439.99,440.0,440.0,440.0,445.0,449.0,449.99,450.0,450.0,450.0,450.0,499.0,499.0,499.9,499.9,499.95,500.0
2026-09-03 06:01:13,Pokemon Crown Zenith ETB (Eng),single,341,294.99,297.18,298.0,293.73,294.2,308.29,310.54,294.99,297.18,298.0,306.19,307.12,307.13,307.14,312.19,313.99,314.55,315.29,317.79,321.5,322.5,322.5,322.74,326.98,327.14,327.18,327.19,327.5,329.05,329.41,329.54,329.98,330.39,331.9,332.18,332.19,334.55,275.5,288.88,289.9,289.98,289.99,290.0,295.0,297.0,299.0,299.0,299.0,299.93,299.94,299.95,299.99,300.0,300.0,300.0,305.0,305.0,305.0,305.0,309.5,309.99,315.0,315.0,315.0,319.0,319.95,319.99
2026-09-03 06:01:13,Pokemon VSTAR Universe Booster Display (Jpn),single,432,162.18,163.18,172.47,161.58,163.57,177.28,177.19,162.18,163.18,172.47,176.88,177.09,177.46,177.99,178.19,178.98,179.19,182.18,182.19,182.19,183.19,184.55,184.68,185.19,187.19,188.79,189.5,191.19,192.09,192.19,192.19,193.1,194.18,194.55,194.55,196.46,197.14,154.99,155.0,155.0,155.99,159.99,160.0,160.0,165.0,167.0,169.69,169.9,169.99,170.0,170.0,171.0,172.0,174.99,174.99,175.0,175.0,175.0,175.0,175.0,176.0,177.49,178.0,180.0,180.0,184.0,184.0
2026-09-03 06:01:13,Pokemon Flareon VMAX Premium Collection EU Version (Eng),single,76,304.48,307.18,307.19,299.37,300.33,311.9,317.08,304.48,307.18,307.19,307.19,307.19,307.5,309.55,317.5,319.54,319.55,319.55,322.19,322.5,337.74,347.41,363.73,375.72,382.45,413.72,419.54,506.19,507.18,507.18,507.18,518.79,750.0,950.0,982.94,,,285.0,290.0,295.0,299.99,299.99,299.99,300.0,300.0,300.0,300.0,300.0,300.0,300.0,315.0,320.0,329.99,349.99,350.0,359.95,399.99,499.0,499.99,499.99,499.99,500.0,650.0,850.0,890.0,,
2026-09-03 06:01:13,Pokemon Jolteon VMAX Premium Collection EU Version (Eng),single,73,294.99,298.97,302.09,297.1,297.12,305.61,309.53,294.99,298.97,302.09,302.19,304.48,304.98,307.18,307.19,307.19,309.55,317.5,317.79,319.5,322.19,327.19,329.55,347.41,363.73,363.73,367.73,375.72,382.45,413.72,419.54,506.19,507.18,518.79,750.0,950.0,,290.0,290.0,293.98,294.9,295.0,295.0,298.99,299.0,299.95,299.99,299.99,300.0,300.0,300.0,300.0,310.0,315.0,320.0,329.99,349.99,349.99,350.0,359.95,399.99,499.0,499.99,500.0,650.0,850.0,
2026-09-03 06:01:13,Pokemon Vaporeon VMAX Premium Collection EU Version (Eng),single,65,319.5,319.99,322.19,316.75,322.73,329.8,337.18,319.5,319.99,322.19,327.18,327.19,327.19,327.79,332.5,337.19,337.19,347.5,354.19,357.18,357.19,363.73,387.41,413.72,419.54,422.45,425.72,457.18,506.19,518.79,850.0,950.0,954.55,982.94,,,,299.95,300.0,309.0,310.0,315.0,315.0,319.99,320.0,320.0,325.0,330.0,330.0,347.0,349.99,349.99,350.0,369.99,399.95,399.99,400.0,449.99,499.0,500.0,750.0,850.0,890.0,925.0,,,
2026-09-03 06:01:13,Pokemon Celebrations ETB (De),single,350,307.19,327.18,329.41,327.3,332.16,334.49,339.35,307.19,327.18,329.41,332.14,332.19,332.19,335.09,337.18,337.19,340.52,352.18,356.19,357.18,357.19,357.19,360.69,365.19,367.18,376.49,377.19,378.74,388.1,393.69,393.79,397.19,402.19,406.88,407.19,407.19,407.79,300.0,319.99,322.22,324.95,325.0,325.0,327.9,329.99,330.0,333.33,344.99,349.0,349.99,350.0,350.0,350.0,353.5,358.0,359.95,359.99,370.0,371.5,375.0,386.5,389.0,390.0,395.0,399.69,400.0,400.0
2026-09-03 06:01:13,Pokemon Champions Path ETB (Eng),single,165,139.69,147.19,152.19,148.5,149.76,160.66,162.26,139.69,147.19,152.19,155.19,157.18,157.19,164.18,164.99,167.19,167.19,168.78,172.19,172.5,173.99,174.24,176.19,176.19,177.19,178.1,179.55,182.5,183.1,184.97,186.18,186.19,189.5,193.19,193.99,194.5,194.5,132.5,140.0,145.0,145.0,148.0,149.99,149.99,149.99,150.0,150.0,150.0,156.99,159.0,160.0,160.0,160.0,160.0,164.75,165.0,169.0,169.0,169.95,169.99,170.0,174.95,174.95,179.0,179.95,179.99,179.99
2026-09-03 06:01:13,Pokemon Tag Team Pikachu & Zekrom GX Premium Collection (Eng),single,55,284.55,292.19,292.19,301.61,308.13,318.78,324.2,284.55,292.19,292.19,307.18,309.55,316.42,321.4,326.42,337.5,339.55,341.47,342.74,347.19,347.5,357.19,368.55,371.49,377.19,385.98,406.74,425.47,425.72,454.48,487.19,506.19,506.19,523.0,650.0,1014.18,,265.0,285.0,285.0,290.0,299.0,299.9,299.99,309.0,315.0,315.0,320.0,325.0,325.0,340.0,349.0,349.99,350.0,370.0,379.99,399.0,399.99,400.0,449.99,480.0,499.0,499.0,500.0,550.0,1000.0,
2026-09-03 06:01:13,Pokemon Tag Team Reshiram & Charizard GX Premium Collection (Eng),single,27,297.19,319.5,326.19,329.12,341.33,345.65,355.74,297.19,319.5,326.19,335.39,337.18,341.47,344.55,346.19,366.48,367.74,368.79,378.55,396.19,404.48,406.19,407.19,490.98,650.0,773.0,2214.13,,,,,,,,,,,290.0,299.95,310.0,315.0,319.0,325.0,329.99,339.0,344.98,350.0,350.0,359.0,389.0,399.0,399.99,400.0,479.99,550.0,750.0,2199.95,,,,,,,,,,
2026-09-03 06:01:13,Pokemon VMAX Climax Booster Display (Jpn),single,157,164.19,171.17,171.18,162.68,163.49,174.73,176.23,164.19,171.17,171.18,172.19,173.19,174.55,176.19,176.19,177.19,177.19,177.99,182.18,182.49,183.05,184.55,185.7,187.18,187.19,187.47,187.5,188.79,192.19,192.74,193.1,194.19,194.97,197.09,197.14,197.19,197.19,155.0,157.0,159.99,160.0,160.0,163.5,163.98,163.99,165.0,165.0,165.0,166.0,169.0,169.0,169.9,169.99,170.0,170.0,170.0,170.0,174.99,175.0,179.99,180.0,185.0,185.0,187.0,189.9,189.95,189.99
2026-09-03 06:01:13,Pokemon Battle Region Booster Display (Jpn),single,85,78.48,80.18,81.09,75.35,75.98,84.38,87.68,78.48,80.18,81.09,82.14,82.18,84.19,85.99,86.18,86.19,87.08,92.47,93.05,96.47,96.99,102.47,103.1,103.69,105.82,106.47,106.99,107.18,107.19,108.69,111.87,113.09,113.1,113.47,117.46,117.47,120.24,69.0,70.0,72.99,73.9,74.95,74.99,74.99,75.0,77.0,78.99,79.0,79.0,79.89,79.95,79.99,80.0,80.0,84.9,85.0,89.0,89.34,89.9,90.0,96.0,99.0,99.98,99.99,99.99,100.0,100.0
2026-09-03 06:01:13,Pokemon Clay Burst Booster Display (Jpn),single,233,92.18,92.19,95.19,88.0,89.33,100.45,101.89,92.18,92.19,95.19,96.47,98.1,99.19,101.99,102.19,103.98,106.47,106.48,107.18,107.19,109.25,110.35,112.37,112.98,112.98,113.1,113.47,115.08,117.09,117.18,117.18,118.65,118.99,119.14,122.5,125.79,127.0,79.0,84.99,85.0,85.0,85.0,88.0,89.0,90.0,90.0,92.0,93.16,93.9,94.9,95.0,95.0,96.0,99.88,99.88,99.99,99.99,100.0,100.0,100.0,105.0,107.89,109.9,109.99,109.99,109.99,111.95
2026-09-03 06:01:13,Pokemon Fusion Strike Booster Display (Eng),single,203,791.17,793.18,794.18,813.49,821.52,851.44,859.82,791.17,793.18,794.18,814.17,844.5,862.41,864.08,869.55,878.55,884.08,893.1,894.18,895.0,909.55,909.55,914.17,914.18,923.72,929.54,929.9,938.0,945.0,950.0,962.73,964.17,964.17,970.0,982.85,995.99,999.99,776.99,779.0,780.0,795.0,795.0,799.99,814.95,838.0,840.0,845.0,849.0,849.9,850.0,850.0,859.99,869.9,870.0,880.0,880.0,880.0,895.99,899.0,899.9,899.99,899.99,899.99,900.0,900.0,900.0,949.99
2026-09-03 06:01:13,Pokemon Astral Radiance Booster Display (Eng),single,272,357.18,366.19,379.29,356.84,360.51,382.89,384.45,357.18,366.19,379.29,379.5,379.55,381.5,382.5,384.55,388.1,388.1,390.49,395.47,395.72,396.47,402.19,407.09,407.19,407.19,412.5,412.72,422.19,422.5,422.98,437.18,443.72,447.5,451.63,457.17,457.18,469.43,348.99,349.99,350.0,350.0,356.79,359.0,359.0,359.95,360.0,360.0,365.0,369.0,370.0,370.0,379.99,379.99,390.0,395.0,399.9,399.98,400.0,400.0,400.0,415.0,425.0,429.99,444.44,449.88,449.88,449.98
2026-09-03 06:01:13,Pokemon Lost Origin ETB (Eng),single,251,192.19,196.18,197.18,188.81,189.62,200.83,202.27,192.19,196.18,197.18,197.18,197.42,201.19,202.09,202.18,202.5,206.89,207.14,207.19,207.19,208.55,208.99,212.05,214.55,214.89,216.18,217.19,217.5,217.79,219.54,221.5,221.5,221.69,222.14,223.0,223.99,223.99,180.0,180.0,184.99,185.0,188.99,189.0,189.99,189.99,190.0,192.5,194.0,194.9,194.99,195.0,195.0,199.0,199.0,199.0,199.0,199.95,199.99,199.99,199.99,199.99,200.0,200.0,205.0,208.99,209.9,209.9
2026-09-03 06:01:13,Pokemon Crown Zenith Galarian Articuno Tin US Version (Eng),single,24,141.0,144.06,156.19,149.12,165.93,167.78,179.86,141.0,144.06,156.19,157.19,162.5,166.47,172.5,173.99,176.19,177.18,177.18,178.09,207.18,207.19,300.96,442.75,,,,,,,,,,,,,,,133.0,133.06,140.0,140.0,144.99,149.0,149.99,150.0,150.0,169.0,169.99,169.99,199.99,200.0,289.97,400.0,,,,,,,,,,,,,,
2026-09-03 06:01:13,Pokemon Crown Zenith Galarian Zapdos Tin US Version (Eng),single,31,132.99,134.19,135.18,130.94,136.83,145.41,150.51,132.99,134.19,135.18,137.18,137.42,144.08,149.1,151.63,152.5,156.19,157.18,157.19,163.09,172.5,177.18,207.18,227.19,442.75,,,,,,,,,,,,,116.0,120.0,124.99,127.0,127.99,129.99,129.99,130.0,133.08,144.44,149.0,149.99,150.0,150.0,169.99,199.99,220.0,400.0,,,,,,,,,,,,
2026-09-03 06:01:13,Pokemon Crown Zenith Galarian Moltres Tin US Version (Eng),single,20,157.0,157.19,167.14,156.24,175.64,172.86,195.92,157.0,157.19,167.14,167.18,167.18,172.5,172.5,172.75,177.18,186.47,193.09,202.75,207.18,442.75,,,,,,,,,,,,,,,,,130.0,149.0,150.0,150.0,150.0,159.95,159.99,159.99,159.99,160.0,160.0,169.99,199.99,400.0,,,,,,,,,,,,,,,,
2026-09-03 06:01:13,Pokemon 151 Zapdos ex Collection (Eng),single,199,122.19,126.18,126.19,120.62,121.52,134.78,136.38,122.19,126.18,126.19,126.19,133.0,137.09,137.18,138.05,138.73,141.79,142.42,143.04,143.05,143.09,147.5,147.5,147.74,152.19,152.5,157.18,157.19,158.1,158.19,162.75,163.05,163.1,163.1,168.0,172.49,197.5,109.0,109.99,115.0,118.99,119.0,119.0,120.0,123.0,124.95,125.0,125.0,125.0,129.0,129.9,129.94,129.95,129.99,130.0,130.0,130.0,134.9,145.0,149.95,149.99,149.99,150.0,150.0,150.0,151.0,175.0
2026-09-03 06:01:13,Pokemon 151 UPC (Eng),single,397,705.67,715.68,745.68,734.37,733.59,759.43,758.7,705.67,715.68,745.68,750.68,755.68,760.68,765.67,765.68,765.68,765.68,766.45,774.5,774.55,779.54,788.68,789.68,795.68,799.55,802.05,804.5,809.55,812.19,813.68,814.68,819.55,820.19,825.0,825.68,829.55,829.55,689.99,700.0,720.0,725.0,730.0,735.0,735.0,740.0,744.95,745.0,745.0,745.0,749.0,749.99,749.99,750.0,750.0,750.0,770.0,770.0,772.5,773.0,774.0,774.95,779.0,780.0,780.0,780.0,780.0,785.0
2026-09-03 06:01:13,Pokemon 151 UPC (De),single,397,655.68,660.68,660.68,680.61,693.52,696.3,709.2,655.68,660.68,660.68,665.68,690.68,695.67,710.67,715.63,715.67,715.68,734.68,740.58,744.68,765.63,765.67,765.68,765.68,775.68,805.9,805.9,805.9,812.98,814.68,815.17,815.67,815.67,895.68,898.95,899.0,915.67,640.0,645.0,645.0,650.0,675.0,679.99,694.99,699.95,699.99,700.0,719.0,724.9,729.0,749.95,749.99,750.0,750.0,760.0,798.95,799.0,799.0,799.49,799.99,799.99,799.99,800.0,800.0,800.0,849.99,850.0
2026-09-03 06:01:13,Pokemon 151 Booster Display (Jpn),single,527,274.99,277.18,277.19,266.12,266.12,281.25,280.91,274.99,277.18,277.19,279.89,282.07,282.1,282.18,282.19,282.19,282.19,282.19,282.19,282.19,282.19,282.79,283.79,284.54,284.55,287.19,287.19,287.19,287.19,290.99,290.99,292.18,294.18,297.18,297.19,297.79,298.0,249.0,249.0,260.0,264.0,264.99,265.0,265.0,269.99,270.0,270.0,270.0,270.0,274.88,274.9,274.99,275.0,275.0,275.0,275.0,275.0,275.0,275.0,275.0,277.9,279.0,280.0,280.0,280.0,280.0,280.0
2026-09-03 06:01:13,Pokemon Paradigm Trigger Booster Display (Jpn),single,165,114.18,127.09,129.19,120.86,122.72,135.19,135.55,114.18,127.09,129.19,132.47,133.79,136.09,137.18,137.19,137.47,138.1,138.1,140.14,141.19,143.98,147.09,147.19,147.42,148.0,151.42,152.19,153.1,156.19,156.19,156.99,157.46,157.75,163.05,166.19,166.37,171.98,106.99,115.0,115.0,115.0,119.9,120.0,122.0,125.0,125.0,125.0,128.9,129.99,130.0,130.0,132.95,134.0,134.0,139.0,139.9,139.99,139.99,140.0,140.0,140.0,145.0,148.9,149.0,149.0,149.95,159.0
2026-09-03 06:01:13,Pokemon Star Birth Booster Display (Jpn),single,126,122.19,131.19,132.19,126.55,127.69,136.25,137.79,122.19,131.19,132.19,132.19,133.14,136.19,137.18,137.99,138.98,142.14,143.05,143.09,145.18,145.9,146.18,146.19,147.19,147.5,149.19,156.19,157.19,157.19,157.47,161.47,164.48,166.47,166.99,167.99,182.19,183.1,115.0,120.0,124.0,125.0,125.0,125.0,125.95,128.48,129.0,129.95,129.99,129.99,134.95,134.99,137.99,138.99,139.0,140.0,140.0,142.0,144.0,149.0,149.0,149.0,150.0,150.0,150.0,150.0,159.99,175.0
2026-09-03 06:01:13,Pokemon Violet ex Booster Display (Jpn),single,209,73.08,76.09,77.18,67.97,68.74,78.89,80.73,73.08,76.09,77.18,77.18,77.18,77.19,78.1,79.69,81.89,82.69,83.18,84.78,87.18,87.47,88.09,91.99,92.98,92.98,93.05,93.09,93.88,94.24,94.53,94.88,95.08,95.89,96.79,96.89,97.19,98.09,64.9,64.99,65.0,65.89,65.99,68.0,68.9,69.99,69.99,69.99,70.0,70.0,70.0,72.5,74.99,75.0,75.0,75.5,75.99,77.54,78.9,79.88,79.88,79.9,79.95,79.99,79.99,79.99,80.0,80.0
2026-09-03 06:01:13,Pokemon Brilliant Stars Booster Display (De),single,218,337.19,342.14,342.19,335.71,341.64,346.15,353.85,337.19,342.14,342.19,343.79,344.09,344.85,346.18,347.14,348.79,352.14,357.18,357.19,373.73,384.89,386.19,387.19,406.19,407.18,446.19,454.97,456.69,486.19,488.79,502.19,503.17,506.19,506.87,507.18,518.78,518.79,310.0,325.0,330.0,330.0,334.95,335.0,336.9,338.99,339.9,339.95,344.95,349.99,350.0,379.0,379.9,380.0,399.0,399.99,439.0,449.5,449.99,470.0,479.0,495.0,495.98,499.0,499.68,499.99,499.99,500.0
2026-09-03 06:01:13,Pokemon Lost Origin Booster Display (De),single,341,365.18,372.19,377.18,380.84,384.49,388.03,391.66,365.18,372.19,377.18,380.19,381.19,383.18,386.14,387.19,403.09,406.08,406.13,406.19,406.87,406.89,407.18,407.19,407.19,432.19,436.19,456.18,457.17,457.18,457.19,457.19,462.89,487.14,488.79,493.79,497.19,506.14,357.99,365.0,369.99,373.0,374.0,375.99,378.95,380.0,395.9,398.89,398.94,399.0,399.68,399.99,400.0,400.0,401.9,425.0,429.0,448.99,449.98,449.99,449.99,450.0,450.0,470.0,475.0,479.95,490.0,499.0
2026-09-03 06:01:13,Pokemon Twilight Masquerade Booster Display (De),single,285,237.19,252.19,256.14,261.7,267.85,272.41,277.23,237.19,252.19,256.14,258.79,272.08,272.14,277.09,277.19,278.74,287.07,287.09,288.78,302.13,304.98,306.87,306.87,318.79,407.18,1014.17,,,,,,,,,,,,230.0,240.0,245.0,248.95,259.95,264.89,264.95,269.9,269.99,270.0,279.88,279.9,294.94,299.68,299.68,299.99,300.0,399.99,999.99,,,,,,,,,,,
2026-09-03 06:01:13,Pokemon Prismatic Evolutions Mini Tin Display (Eng),single,327,257.19,259.55,262.19,246.64,246.21,265.9,266.74,257.19,259.55,262.19,264.55,264.98,265.18,265.79,267.08,267.99,269.44,270.47,270.8,270.91,272.5,272.5,274.4,274.77,276.45,277.75,281.0,281.18,282.5,284.85,286.18,286.5,286.68,287.18,289.54,292.19,292.74,235.0,235.0,240.0,244.0,244.44,245.0,249.89,249.9,249.9,249.99,249.99,250.0,250.0,250.0,250.0,255.0,255.22,257.99,259.89,259.9,259.99,259.99,260.0,264.0,269.99,273.99,275.0,278.99,279.49,279.9
2026-09-03 06:01:13,Pokemon Prismatic Evolutions Booster Bundle Display (Eng),case,199,1023.0,1055.5,1056.5,1045.0,1106.2,1123.0,1174.85,1023.0,1055.5,1056.5,1180.0,1200.0,1211.5,1236.7,1250.0,1263.58,1271.7,1285.68,1285.7,1285.7,1286.65,1293.86,1296.86,1300.0,1310.73,1320.73,1361.7,1365.55,1365.56,1386.7,1399.0,1400.0,1400.0,1400.0,1400.0,1415.67,1415.68,999.0,1000.0,1000.0,1080.0,1100.0,1145.0,1150.0,1189.0,1199.0,1200.0,1200.0,1235.0,1247.0,1247.9,1249.0,1249.0,1249.95,1250.0,1270.0,1299.0,1300.0,1300.0,1300.0,1300.0,1325.0,1325.0,1349.87,1349.88,1350.0,1350.0
2026-09-03 06:01:13,Pokemon Prismatic Evolutions ETB (De),single,2017,152.19,152.19,155.09,151.49,153.06,158.68,160.25,152.19,152.19,155.09,156.19,157.18,157.19,157.19,162.19,162.19,162.19,162.19,166.19,167.19,167.19,167.19,167.19,172.19,172.19,172.19,177.14,177.18,178.79,182.19,183.8,187.18,187.18,187.19,187.19,187.19,187.19,145.0,145.0,147.9,149.0,149.99,150.0,150.0,155.0,155.0,155.0,155.0,159.0,160.0,160.0,160.0,160.0,160.0,165.0,165.0,165.0,169.95,169.99,170.0,174.9,174.99,175.0,175.0,179.99,179.99,180.0
2026-09-03 06:01:13,Pokemon Prismatic Evolutions ETB (Eng),single,2017,171.06,172.19,178.0,163.12,163.92,181.23,181.18,171.06,172.19,178.0,178.55,179.55,181.19,182.09,182.42,183.54,184.5,184.5,184.55,184.55,184.97,186.07,187.42,188.5,189.54,189.55,189.55,189.55,189.84,189.85,192.19,192.42,192.5,192.87,193.0,193.98,193.98,154.99,155.0,159.0,160.0,162.0,163.99,164.95,165.0,165.0,165.0,165.0,168.95,169.99,170.0,170.0,170.0,170.0,170.0,170.0,170.0,170.0,172.0,174.0,174.9,174.99,174.99,174.99,175.0,175.0,175.0
2026-09-03 06:01:13,Prismatic Evolutions Super-Premium Collection (Eng),single,1342,283.77,284.77,287.77,275.23,278.55,293.06,295.46,283.77,284.77,287.77,288.69,289.62,294.54,294.55,294.77,295.98,298.55,299.54,303.69,303.69,304.05,307.89,308.54,308.64,308.69,308.69,317.99,318.69,318.77,319.5,319.5,319.54,321.9,322.49,326.69,328.18,329.5,264.0,265.0,268.0,269.85,274.99,275.0,275.0,279.0,279.99,280.0,284.5,288.99,289.0,289.99,295.0,295.0,299.0,299.9,299.95,299.95,299.95,299.99,299.99,299.99,300.0,300.0,309.95,309.99,310.0,310.0
2026-09-03 06:01:13,Prismatic Evolutions Super-Premium Collection (De),single,1342,213.66,213.67,213.69,207.62,209.32,216.94,218.61,213.66,213.67,213.69,213.69,215.69,217.68,218.69,218.69,218.69,218.69,221.4,222.69,223.69,223.69,224.77,227.69,228.69,228.69,228.69,228.69,231.69,233.59,233.68,236.88,238.69,238.69,238.69,238.69,241.2,241.21,204.97,204.98,205.0,205.0,205.0,207.0,208.99,210.0,210.0,210.0,210.0,214.0,214.9,215.0,215.0,219.0,219.99,220.0,220.0,220.0,220.0,220.0,220.0,223.0,224.9,224.99,227.5,229.99,230.0,230.0
2026-09-03 06:01:13,Pokemon Black Bolt & White Flare Unova Mini Tin Display (Eng),single,133,241.99,242.19,242.19,243.36,247.72,251.39,258.53,241.99,242.19,242.19,247.09,248.5,251.48,251.49,251.98,256.19,262.19,267.42,269.94,271.2,286.99,287.18,294.55,299.5,302.14,306.87,307.17,307.18,312.7,319.54,407.19,614.17,1014.17,,,,,224.0,235.0,235.0,236.0,239.9,245.0,245.99,245.99,249.0,249.99,250.0,255.0,259.99,269.95,275.0,279.8,279.95,279.99,294.95,299.68,299.98,299.99,299.99,400.0,599.99,999.99,,,,
2026-09-03 06:01:13,Pokemon Lost Abyss Booster Display (Jpn),single,115,217.47,234.48,235.19,236.0,236.72,246.73,249.76,217.47,234.48,235.19,240.94,242.19,242.19,248.78,252.19,255.19,257.14,257.18,258.79,264.55,268.0,272.19,289.19,294.55,297.18,306.19,307.17,307.18,307.18,307.19,313.73,313.73,318.1,318.78,319.99,329.99,352.19,200.0,219.95,228.0,229.99,229.99,235.0,235.0,240.0,245.0,245.0,245.0,248.0,249.95,249.99,250.0,250.0,265.0,275.0,280.0,282.0,289.99,289.99,293.9,299.0,299.0,299.0,299.98,299.99,299.99,299.99
2026-09-03 06:01:13,Pokemon Terastal Festival ex Booster Display (Jpn),single,925,112.47,113.79,115.99,102.48,104.32,117.45,118.88,112.47,113.79,115.99,116.05,116.45,116.47,117.19,117.19,118.05,122.19,122.99,123.0,123.1,123.1,125.19,126.19,126.19,127.08,127.18,127.18,127.18,127.19,127.19,127.98,128.09,132.18,133.09,133.09,133.18,134.85,95.0,95.0,98.98,99.0,99.0,100.0,102.95,104.95,105.0,109.99,110.0,110.0,110.0,110.0,114.99,115.0,115.0,116.0,118.0,119.0,119.0,119.89,119.99,119.99,119.99,119.99,120.0,120.0,120.0,120.0
2026-09-03 18:01:18,Pokemon Destined Rivals Booster Display (Eng),single,1317,357.5,363.1,365.47,347.11,345.79,370.4,370.33,357.5,363.1,365.47,367.4,367.5,369.55,372.5,373.0,373.9,373.9,373.9,373.9,374.39,374.39,374.55,376.47,376.47,376.47,377.19,380.47,381.5,382.42,382.42,382.49,383.0,383.5,383.55,383.79,383.9,384.24,325.0,335.0,339.0,344.9,345.0,349.0,349.0,350.0,350.0,350.0,350.0,350.0,350.0,350.0,350.0,350.0,350.0,350.0,350.0,354.0,355.0,359.99,360.0,360.0,360.0,360.0,361.0,364.0,365.0,365.0
2026-09-03 18:01:18,Pokemon Destined Rivals Booster Display Case (Eng),case,183,2250.73,2267.45,2289.99,2203.75,2228.3,2287.47,2299.59,2250.73,2267.45,2289.99,2292.45,2300.0,2300.0,2310.22,2311.17,2331.45,2342.45,2350.0,2400.0,2400.0,2488.89,2500.0,2517.48,2518.47,2553.4,2553.4,2599.0,2599.89,2602.4,2641.45,2642.45,2692.45,2749.0,2761.16,2761.17,2795.0,2800.0,2129.0,2189.99,2200.0,2200.0,2225.0,2250.0,2250.0,2250.0,2289.0,2300.0,2300.0,2300.0,2300.0,2400.0,2450.0,2450.0,2479.0,2499.0,2499.0,2499.0,2499.89,2499.99,2599.0,2599.0,2600.0,2645.0,2650.0,2650.0,2699.0,2699.99
2026-09-03 18:01:18,Pokemon Black Bolt ETB (Eng),single,504,140.18,140.19,141.5,129.87,130.39,145.54,146.34,140.18,140.19,141.5,142.17,142.19,146.29,147.19,148.0,148.42,148.55,148.56,149.42,149.9,151.1,151.42,151.5,152.18,152.19,152.6,152.98,153.0,153.59,153.6,153.6,155.99,156.14,156.44,157.09,157.09,157.09,120.0,125.0,125.0,127.5,127.5,130.0,131.0,132.0,132.99,132.99,133.0,134.0,134.95,134.96,134.98,135.0,135.0,137.5,139.0,139.9,139.99,139.99,140.0,140.0,140.0,140.0,140.0,140.0,143.9,144.5
2026-09-03 18:01:18,Pokemon Ascended Heroes ETB (Eng),single,1436,172.18,176.14,176.19,161.98,162.32,178.6,179.33,172.18,176.14,176.19,176.19,176.42,177.42,178.99,179.89,181.5,182.18,182.37,182.42,182.5,182.5,182.99,184.49,184.5,184.5,184.54,184.55,185.19,185.41,185.42,186.07,186.19,186.42,186.42,186.46,186.5,186.55,154.99,159.0,159.0,159.99,160.0,160.0,162.0,164.95,164.95,164.95,164.99,164.99,164.99,165.0,165.0,165.0,165.5,167.0,167.95,167.99,168.0,168.95,169.0,169.0,169.0,169.0,169.0,169.0,169.95,169.99
2026-09-03 18:01:18,Pokemon Ascended Heroes ETB Case (Eng),case,138,1742.44,1746.12,1792.44,1723.74,1752.89,1782.75,1812.47,1742.44,1746.12,1792.44,1792.45,1800.0,1841.45,1842.45,1845.0,1861.16,1861.17,1867.45,1887.45,1892.45,1919.0,1947.8,1992.44,1996.8,1997.8,2000.0,2000.0,2017.48,2042.44,2042.45,2047.8,2048.89,2083.25,2090.0,2096.8,2096.8,2099.99,1684.95,1699.99,1700.0,1745.0,1749.99,1750.0,1799.0,1799.99,1800.0,1800.0,1819.0,1825.0,1845.0,1850.0,1850.0,1899.0,1900.0,1900.0,1900.0,1949.99,1950.0,1990.0,1999.0,1999.0,1999.0,1999.99,1999.99,1999.99,2000.0,2000.0
2026-09-03 18:01:18,Pokemon 30th Celebration ETB (Eng),single,722,181.49,181.86,181.9,173.98,174.18,182.79,185.75,181.49,181.86,181.9,182.0,182.19,182.45,182.93,182.99,183.9,183.99,190.42,191.99,192.49,192.74,192.95,194.94,199.5,201.9,203.5,204.9,204.98,209.5,214.4,216.4,217.39,219.5,227.35,232.74,236.4,237.32,168.99,169.95,169.99,173.0,174.0,174.94,174.95,174.95,175.0,175.0,175.0,175.0,175.0,177.0,179.95,179.95,181.85,185.0,185.0,189.95,189.99,195.0,195.95,196.98,198.98,199.95,199.99,209.9,209.93,218.98
2026-09-03 18:01:18,Pokemon 30th Celebration Booster Bundle (Eng),single,335,101.38,101.43,101.73,95.16,95.65,106.12,108.79,101.38,101.43,101.73,102.4,102.48,104.98,107.99,108.9,109.98,110.5,111.19,113.5,114.98,117.17,123.19,133.1,,,,,,,,,,,,,,,84.99,89.99,93.51,93.93,94.0,94.9,94.94,95.0,97.49,97.5,98.59,99.95,99.98,99.99,99.99,99.99,,,,,,,,,,,,,,
2026-09-03 18:01:18,Pokemon 30th Celebration Umbreon UPC (Eng),single,67,598.93,599.95,600.93,622.22,614.77,642.48,633.87,598.93,599.95,600.93,609.55,614.1,617.13,628.06,633.19,639.98,796.9,,,,,,,,,,,,,,,,,,,,,580.0,589.94,589.94,599.0,599.0,599.94,599.98,600.0,609.93,780.0,,,,,,,,,,,,,,,,,,,,
2026-09-03 18:01:18,Pokemon 30th Celebration Espeon UPC (Eng),single,98,585.98,588.93,593.13,584.97,599.97,603.35,618.05,585.98,588.93,593.13,594.55,595.1,599.94,600.93,613.19,614.95,614.99,618.06,796.9,,,,,,,,,,,,,,,,,,,565.0,574.99,574.99,575.0,579.94,580.0,580.0,589.94,599.93,599.93,599.95,780.0,,,,,,,,,,,,,,,,,,
2026-09-03 18:01:18,Pokemon 30th Celebration Mini Tin Display (Eng),single,52,307.45,360.99,368.9,368.6,357.87,381.98,372.43,307.45,360.99,368.9,372.3,372.42,379.86,379.9,388.19,396.9,397.4,,,,,,,,,,,,,,,,,,,,,299.95,329.99,355.0,359.95,360.0,360.0,374.0,379.85,379.98,380.0,,,,,,,,,,,,,,,,,,,,
2026-09-03 18:01:18,Pokemon Destined Rivals Booster Display (De),single,1317,277.19,281.19,282.19,278.21,279.9,286.58,288.74,277.19,281.19,282.19,284.85,286.19,286.19,286.19,287.09,287.78,292.18,292.38,296.19,297.08,297.18,297.19,297.19,297.19,298.79,302.18,304.85,304.89,305.19,305.54,305.98,306.18,306.19,306.19,307.09,307.18,307.19,268.99,270.0,274.0,275.0,279.0,279.0,279.0,279.88,279.9,279.9,280.0,284.99,289.0,289.89,289.99,289.99,290.0,290.0,290.0,294.99,298.0,298.99,299.0,299.0,299.0,299.0,299.9,299.9,299.9,299.99
2026-09-03 18:01:18,Pokemon Ascended Heroes Mini Tin Display (Eng),single,190,282.8,311.0,311.47,297.26,300.8,320.77,322.49,282.8,311.0,311.47,311.5,321.38,321.45,323.88,324.49,324.8,327.18,329.55,336.36,337.14,337.18,337.19,337.42,350.99,352.19,357.19,359.55,366.45,366.9,369.55,369.55,371.2,386.44,386.99,403.97,403.99,406.39,250.0,280.0,280.0,285.0,287.0,292.0,299.99,309.89,310.0,314.19,318.99,319.99,319.99,320.0,325.0,329.95,329.99,330.0,340.0,344.99,345.0,349.99,350.0,350.0,350.0,350.0,379.8,390.0,398.99,399.0
2026-09-03 18:01:18,Pokemon Ascended Heroes Booster Bundle Display (Eng),case,214,1145.0,1176.0,1186.6,1093.75,1114.49,1187.08,1191.5,1145.0,1176.0,1186.6,1186.7,1199.0,1200.0,1200.0,1200.0,1209.98,1211.7,1236.69,1240.99,1250.0,1299.0,1300.0,1300.0,1300.0,1300.0,1320.0,1336.7,1336.7,1349.0,1350.0,1350.0,1350.0,1362.0,1399.99,1536.69,1563.73,1600.0,1045.0,1076.0,1099.0,1100.0,1100.0,1100.0,1149.9,1150.0,1150.0,1175.0,1198.99,1199.0,1199.99,1199.99,1200.0,1200.0,1200.0,1200.0,1220.0,1249.0,1250.0,1250.0,1250.0,1262.0,1299.99,1300.0,1300.0,1499.99,1500.0,1500.0
2026-09-03 18:01:18,Pokemon Ascended Heroes Pokemon Center ETB (Eng),single,291,367.42,395.39,410.39,406.62,414.06,433.48,438.04,367.42,395.39,410.39,411.5,416.19,419.55,438.1,455.19,455.38,461.5,463.72,467.42,467.69,469.19,471.9,476.47,489.55,492.19,497.18,497.19,499.55,499.55,503.79,507.19,509.55,518.55,519.55,519.55,522.0,522.0,350.0,370.0,385.0,390.0,399.99,400.0,400.0,409.0,429.99,439.0,440.0,448.0,449.95,450.0,450.0,462.0,470.0,480.0,480.0,485.0,485.0,489.99,490.0,490.0,495.0,499.0,499.0,499.0,499.99,500.0
2026-09-03 18:01:18,Pokemon Ascended Heroes Pokemon Center ETB (De),single,291,162.19,162.39,163.19,157.6,158.39,169.18,169.59,162.19,162.39,163.19,163.19,167.19,171.14,172.19,172.19,172.19,172.19,172.19,172.19,172.19,173.99,175.18,177.19,177.19,177.39,178.9,182.19,182.19,182.19,182.38,184.19,186.19,187.09,187.09,187.18,187.18,187.19,140.0,149.99,154.9,155.0,155.0,156.0,156.0,159.99,160.0,163.95,165.0,165.0,165.0,165.0,165.0,165.0,165.0,167.99,170.0,170.0,170.0,175.0,175.0,175.0,177.0,179.0,179.9,179.9,179.99,179.99
2026-09-03 18:01:18,Pokemon Ascended Heroes ETB (De),single,1436,107.5,117.18,117.18,110.62,110.63,117.82,117.91,107.5,117.18,117.18,117.19,117.19,117.19,117.19,118.19,118.3,120.09,120.14,120.18,120.18,120.19,120.69,121.09,121.19,121.19,122.14,122.19,122.19,122.19,122.19,122.19,122.19,122.19,122.19,122.19,122.19,122.19,99.0,109.99,109.99,110.0,110.0,110.0,110.0,111.0,111.11,112.9,112.95,112.99,112.99,113.0,113.5,113.9,114.0,114.0,114.95,115.0,115.0,115.0,115.0,115.0,115.0,115.0,115.0,115.0,115.0,115.0
2026-09-03 18:01:18,Pokemon Silver Tempest Booster Display (Eng),single,311,409.54,412.19,412.19,401.75,403.53,420.07,422.22,409.54,412.19,412.19,417.19,419.42,419.55,422.09,422.19,423.39,424.55,427.18,427.18,431.5,432.19,433.0,434.55,434.55,438.1,438.79,439.55,442.19,442.74,445.38,446.19,453.73,454.08,456.19,457.19,457.19,460.49,389.99,390.0,398.0,399.0,400.0,400.0,402.0,405.0,405.0,405.0,409.0,410.0,410.0,414.9,415.0,415.0,415.0,419.99,419.99,419.99,420.0,420.0,425.0,425.0,435.0,439.0,446.89,449.0,449.0,449.95
2026-09-03 18:01:18,Pokemon Lost Origin Booster Display (Eng),single,341,614.16,614.18,614.18,605.99,608.19,627.79,638.55,614.16,614.18,614.18,614.18,623.1,624.18,634.16,634.18,634.18,644.18,660.49,664.13,664.17,664.17,674.55,678.55,678.55,689.55,689.84,689.95,694.07,694.08,696.07,699.0,703.55,704.18,708.76,713.18,713.18,718.12,580.0,589.95,599.0,599.98,600.0,600.0,600.0,610.0,619.0,619.98,620.0,620.0,620.0,620.0,625.0,630.0,632.99,640.0,645.0,649.0,649.0,649.95,649.99,649.99,649.99,650.0,660.0,674.0,675.0,675.66
2026-09-03 18:01:18,Pokemon Chilling Reign Booster Display (Eng),single,171,386.19,405.18,417.5,409.23,414.19,430.1,431.4,386.19,405.18,417.5,422.5,424.09,425.39,431.5,437.18,438.1,444.55,447.19,447.19,447.45,447.5,449.55,457.18,457.19,464.55,466.42,469.55,469.55,469.55,471.85,503.72,504.85,507.14,507.19,507.19,510.4,518.55,379.0,395.0,397.99,400.0,400.0,400.0,409.0,416.9,424.95,425.0,425.0,429.99,430.0,439.99,440.0,440.0,445.0,449.0,449.99,450.0,450.0,450.0,450.0,450.0,499.0,499.0,499.9,499.9,499.95,500.0
2026-09-03 18:01:18,Pokemon Crown Zenith ETB (Eng),single,346,294.99,297.18,297.19,290.61,292.21,303.42,306.22,294.99,297.18,297.19,297.19,298.0,306.19,307.12,307.13,307.14,307.41,312.19,313.99,314.55,315.29,317.79,321.5,322.5,322.5,322.74,326.98,327.14,327.18,327.19,327.5,329.05,329.41,329.54,329.98,330.39,331.9,275.5,288.88,289.9,289.98,289.99,289.99,290.0,290.0,290.0,295.0,297.0,299.0,299.0,299.0,299.93,299.94,299.95,299.99,300.0,300.0,300.0,305.0,305.0,305.0,305.0,309.5,309.99,315.0,315.0,315.0
2026-09-03 18:01:18,Pokemon VSTAR Universe Booster Display (Jpn),single,710,172.47,176.88,177.09,165.2,165.97,178.53,179.83,172.47,176.88,177.09,177.19,177.46,177.99,178.19,178.98,179.19,182.18,182.19,183.19,184.55,184.68,185.19,187.19,188.79,189.5,191.19,192.09,192.19,192.19,193.1,194.18,194.55,194.55,194.55,196.46,197.14,197.18,155.0,155.0,159.99,160.0,160.0,165.0,167.0,169.69,169.9,169.99,170.0,170.0,171.0,172.0,174.99,174.99,175.0,175.0,175.0,175.0,175.0,176.0,177.49,178.0,180.0,180.0,184.0,184.0,184.9,185.0
2026-09-03 18:01:18,Pokemon Flareon VMAX Premium Collection EU Version (Eng),single,76,304.48,307.18,307.19,299.37,300.33,311.9,317.08,304.48,307.18,307.19,307.19,307.19,307.5,309.55,317.5,319.54,319.55,319.55,322.19,322.5,337.74,347.41,363.73,375.72,382.45,413.72,419.54,506.19,507.18,507.18,507.18,518.79,750.0,950.0,982.94,,,285.0,290.0,295.0,299.99,299.99,299.99,300.0,300.0,300.0,300.0,300.0,300.0,300.0,315.0,320.0,329.99,349.99,350.0,359.95,399.99,499.0,499.99,499.99,499.99,500.0,650.0,850.0,890.0,,
2026-09-03 18:01:18,Pokemon Jolteon VMAX Premium Collection EU Version (Eng),single,73,294.99,298.97,302.09,297.73,298.12,305.61,310.34,294.99,298.97,302.09,302.19,304.48,304.98,307.18,307.19,307.19,309.55,317.79,319.5,322.19,327.19,329.55,347.41,363.73,363.73,367.73,375.72,382.45,413.72,419.54,506.19,507.18,518.79,750.0,950.0,,,290.0,290.0,293.98,294.9,295.0,298.99,299.0,299.95,299.99,299.99,300.0,300.0,300.0,300.0,310.0,315.0,320.0,329.99,349.99,349.99,350.0,359.95,399.99,499.0,499.99,500.0,650.0,850.0,,
2026-09-03 18:01:18,Pokemon Vaporeon VMAX Premium Collection EU Version (Eng),single,65,319.5,319.99,322.19,319.25,325.39,331.68,340.84,319.5,319.99,322.19,327.18,327.19,327.19,327.79,337.19,337.19,347.5,354.19,357.18,357.19,363.73,387.41,413.72,419.54,422.45,425.72,457.18,506.19,518.79,850.0,950.0,954.55,982.94,,,,,299.95,300.0,309.0,315.0,315.0,319.99,320.0,320.0,325.0,330.0,330.0,347.0,349.99,349.99,350.0,369.99,399.95,399.99,400.0,449.99,499.0,500.0,750.0,850.0,890.0,925.0,,,,
2026-09-03 18:01:18,Pokemon Celebrations ETB (De),single,350,307.19,327.18,329.41,327.3,331.49,334.49,339.35,307.19,327.18,329.41,332.14,332.19,332.19,335.09,337.18,337.19,340.52,352.18,356.19,357.18,357.19,357.19,360.69,365.19,367.18,376.49,377.19,378.1,378.74,393.69,393.79,397.19,402.19,406.88,407.19,407.19,407.79,300.0,319.99,322.22,324.95,325.0,325.0,327.9,329.99,330.0,333.33,340.0,344.99,349.0,349.99,350.0,350.0,353.5,358.0,359.95,359.99,370.0,371.5,375.0,386.5,389.0,390.0,395.0,399.69,400.0,400.0
2026-09-03 18:01:18,Pokemon Champions Path ETB (Eng),single,165,139.69,147.19,152.19,148.5,149.76,160.66,162.26,139.69,147.19,152.19,155.19,157.18,157.19,164.18,164.99,167.19,167.19,168.78,172.19,172.5,173.99,174.24,176.19,176.19,177.19,178.1,179.55,182.5,183.1,184.97,186.18,186.19,189.5,193.19,193.99,194.5,194.5,132.5,140.0,145.0,145.0,148.0,149.99,149.99,149.99,150.0,150.0,150.0,156.99,159.0,160.0,160.0,160.0,160.0,164.75,165.0,169.0,169.0,169.95,169.99,170.0,174.95,174.95,179.0,179.95,179.99,179.99
2026-09-03 18:01:18,Pokemon Tag Team Pikachu & Zekrom GX Premium Collection (Eng),single,55,284.55,292.19,292.19,301.61,308.13,318.78,324.2,284.55,292.19,292.19,307.18,309.55,316.42,321.4,326.42,337.5,339.55,341.47,342.74,347.19,347.5,357.19,368.55,371.49,377.19,385.98,406.74,425.47,425.72,454.48,487.19,506.19,506.19,523.0,650.0,1014.18,,265.0,285.0,285.0,290.0,299.0,299.9,299.99,309.0,315.0,315.0,320.0,325.0,325.0,340.0,349.0,349.99,350.0,370.0,379.99,399.0,399.99,400.0,449.99,480.0,499.0,499.0,500.0,550.0,1000.0,
2026-09-03 18:01:18,Pokemon Tag Team Reshiram & Charizard GX Premium Collection (Eng),single,27,297.19,319.5,326.19,329.12,342.66,345.78,357.07,297.19,319.5,326.19,335.39,337.18,341.47,344.55,346.19,366.48,368.79,378.55,387.74,396.19,404.48,406.19,407.19,490.98,650.0,773.0,2214.13,,,,,,,,,,,290.0,299.95,310.0,315.0,319.0,325.0,329.99,339.0,344.98,350.0,359.0,370.0,389.0,399.0,399.99,400.0,479.99,550.0,750.0,2199.95,,,,,,,,,,
2026-09-03 18:01:18,Pokemon VMAX Climax Booster Display (Jpn),single,157,164.19,167.18,171.17,162.18,163.22,174.73,175.97,164.19,167.18,171.17,172.19,173.19,174.55,176.19,176.19,177.19,177.19,177.99,182.18,182.49,183.05,184.55,185.7,187.18,187.19,187.47,187.5,188.79,192.19,192.74,193.1,194.19,194.97,197.09,197.14,197.19,197.19,155.0,157.0,159.99,159.99,160.0,160.0,163.5,163.98,165.0,165.0,165.0,166.0,169.0,169.0,169.9,169.99,170.0,170.0,170.0,170.0,174.99,175.0,179.99,180.0,185.0,185.0,187.0,189.9,189.95,189.99
2026-09-03 18:01:18,Pokemon Battle Region Booster Display (Jpn),single,85,78.48,80.18,81.09,75.35,75.98,84.38,87.68,78.48,80.18,81.09,82.14,82.18,84.19,85.99,86.18,86.19,87.08,92.47,93.05,96.47,96.99,102.47,103.1,103.69,105.82,106.47,106.99,107.18,107.19,108.69,111.87,113.09,113.1,113.47,117.46,117.47,120.24,69.0,70.0,72.99,73.9,74.95,74.99,74.99,75.0,77.0,78.99,79.0,79.0,79.89,79.95,79.99,80.0,80.0,84.9,85.0,89.0,89.34,89.9,90.0,96.0,99.0,99.98,99.99,99.99,100.0,100.0
2026-09-03 18:01:18,Pokemon Clay Burst Booster Display (Jpn),single,256,92.18,92.19,95.19,88.0,89.47,100.45,101.89,92.18,92.19,95.19,96.47,98.1,99.19,101.99,102.19,103.98,106.47,106.48,107.18,107.19,109.25,110.35,112.37,112.98,112.98,113.1,113.47,115.08,117.09,117.18,117.18,118.65,118.99,119.14,122.5,125.79,127.46,79.0,84.99,85.0,85.0,85.0,88.0,89.0,90.0,90.0,92.0,93.16,94.9,95.0,95.0,96.0,99.88,99.88,99.99,99.99,100.0,100.0,100.0,105.0,107.89,109.9,109.99,109.99,109.99,111.95,118.99
2026-09-03 18:01:18,Pokemon Fusion Strike Booster Display (Eng),single,203,791.17,793.18,794.18,813.49,821.52,851.44,859.82,791.17,793.18,794.18,814.17,844.5,862.41,864.08,869.55,878.55,884.08,893.1,894.18,895.0,909.55,909.55,914.17,914.18,923.72,929.54,929.9,938.0,945.0,950.0,962.73,964.17,964.17,970.0,982.85,995.99,999.99,776.99,779.0,780.0,795.0,795.0,799.99,814.95,838.0,840.0,845.0,849.0,849.9,850.0,850.0,859.99,869.9,870.0,880.0,880.0,880.0,895.99,899.0,899.9,899.99,899.99,899.99,900.0,900.0,900.0,949.99
2026-09-03 18:01:18,Pokemon Astral Radiance Booster Display (Eng),single,272,357.18,366.19,379.29,357.59,361.91,384.01,386.16,357.18,366.19,379.29,379.5,379.55,382.5,384.55,388.1,388.1,390.49,395.47,395.72,396.47,402.19,407.09,407.19,407.19,412.5,412.72,422.19,422.5,422.98,437.18,443.72,447.5,451.63,457.17,457.18,469.43,469.43,348.99,349.99,350.0,350.0,356.79,359.0,359.95,360.0,360.0,365.0,369.0,370.0,370.0,379.99,379.99,390.0,395.0,399.9,399.98,400.0,400.0,400.0,415.0,425.0,429.99,444.44,449.88,449.88,449.98,449.99
2026-09-03 18:01:18,Pokemon Lost Origin ETB (Eng),single,242,192.19,196.18,197.18,187.87,188.62,199.62,201.15,192.19,196.18,197.18,197.18,197.19,197.42,201.19,202.09,202.18,202.5,204.55,206.19,206.89,207.14,207.19,207.19,207.98,208.55,208.99,212.05,212.41,214.55,214.89,216.18,217.19,217.5,217.79,219.54,221.5,221.5,180.0,180.0,184.99,185.0,185.0,188.99,189.0,189.99,189.99,190.0,190.0,192.5,194.0,194.9,194.99,194.99,194.99,195.0,195.0,199.0,199.0,199.0,199.0,199.0,199.95,199.99,199.99,199.99,199.99,200.0
2026-09-03 18:01:18,Pokemon Crown Zenith Galarian Articuno Tin US Version (Eng),single,24,141.0,144.06,156.19,149.12,165.93,167.78,179.86,141.0,144.06,156.19,157.19,162.5,166.47,172.5,173.99,176.19,177.18,177.18,178.09,207.18,207.19,300.96,442.75,,,,,,,,,,,,,,,133.0,133.06,140.0,140.0,144.99,149.0,149.99,150.0,150.0,169.0,169.99,169.99,199.99,200.0,289.97,400.0,,,,,,,,,,,,,,
2026-09-03 18:01:18,Pokemon Crown Zenith Galarian Zapdos Tin US Version (Eng),single,28,132.99,134.19,135.18,130.94,136.83,145.41,150.51,132.99,134.19,135.18,137.18,137.42,144.08,149.1,151.63,152.5,156.19,157.18,157.19,163.09,172.5,177.18,207.18,227.19,442.75,,,,,,,,,,,,,116.0,120.0,124.99,127.0,127.99,129.99,129.99,130.0,133.08,144.44,149.0,149.99,150.0,150.0,169.99,199.99,220.0,400.0,,,,,,,,,,,,
2026-09-03 18:01:18,Pokemon Crown Zenith Galarian Moltres Tin US Version (Eng),single,20,157.0,157.19,167.14,156.24,175.64,172.86,195.92,157.0,157.19,167.14,167.18,167.18,172.5,172.5,172.75,177.18,186.47,193.09,202.75,207.18,442.75,,,,,,,,,,,,,,,,,130.0,149.0,150.0,150.0,150.0,159.95,159.99,159.99,159.99,160.0,160.0,169.99,199.99,400.0,,,,,,,,,,,,,,,,
2026-09-03 18:01:18,Pokemon 151 Zapdos ex Collection (Eng),single,199,122.19,126.18,126.19,120.62,121.52,134.78,136.38,122.19,126.18,126.19,126.19,133.0,137.09,137.18,138.05,138.73,141.79,142.42,143.04,143.05,143.09,147.5,147.5,147.74,152.19,152.5,157.18,157.19,158.1,158.19,162.75,163.05,163.1,163.1,168.0,172.49,197.5,109.0,109.99,115.0,118.99,119.0,119.0,120.0,123.0,124.95,125.0,125.0,125.0,129.0,129.9,129.94,129.95,129.99,130.0,130.0,130.0,134.9,145.0,149.95,149.99,149.99,150.0,150.0,150.0,151.0,175.0
2026-09-03 18:01:18,Pokemon 151 UPC (Eng),single,397,705.67,715.68,745.68,734.37,733.59,759.43,758.7,705.67,715.68,745.68,750.68,755.68,760.68,765.67,765.68,765.68,765.68,766.45,774.5,774.55,779.54,788.68,789.68,795.68,799.55,802.05,804.5,809.55,812.19,813.68,814.68,819.55,820.19,825.0,825.68,829.55,829.55,689.99,700.0,720.0,725.0,730.0,735.0,735.0,740.0,744.95,745.0,745.0,745.0,749.0,749.99,749.99,750.0,750.0,750.0,770.0,770.0,772.5,773.0,774.0,774.95,779.0,780.0,780.0,780.0,780.0,785.0
2026-09-03 18:01:18,Pokemon 151 UPC (De),single,397,655.68,660.68,665.68,689.87,700.52,705.55,716.2,655.68,660.68,665.68,690.68,695.67,710.67,715.63,715.67,715.68,734.68,740.58,744.68,765.63,765.67,765.68,765.68,805.9,805.9,805.9,812.98,814.68,815.17,815.67,815.67,895.68,898.95,899.0,915.67,915.67,915.67,640.0,645.0,650.0,675.0,679.99,694.99,699.95,699.99,700.0,719.0,724.9,729.0,749.95,749.99,750.0,750.0,798.95,799.0,799.0,799.49,799.99,799.99,799.99,800.0,800.0,800.0,849.99,850.0,850.0,880.0
2026-09-03 18:01:18,Pokemon 151 Booster Display (Jpn),single,527,274.99,276.19,277.18,267.37,267.12,280.62,280.58,274.99,276.19,277.18,277.19,279.89,282.07,282.1,282.18,282.19,282.19,282.19,282.19,282.19,282.19,283.79,284.55,287.19,287.19,287.19,287.19,290.99,292.18,294.18,297.18,297.19,297.79,298.0,298.1,298.79,301.19,249.0,249.0,260.0,265.0,265.0,269.0,269.99,270.0,270.0,270.0,270.0,274.88,274.9,274.99,275.0,275.0,275.0,275.0,275.0,275.0,275.0,277.9,279.0,280.0,280.0,280.0,280.0,280.0,284.99,286.99
2026-09-03 18:01:18,Pokemon Paradigm Trigger Booster Display (Jpn),single,165,114.18,127.09,129.19,120.86,122.72,135.19,135.55,114.18,127.09,129.19,132.47,133.79,136.09,137.18,137.19,137.47,138.1,138.1,140.14,141.19,143.98,147.09,147.19,147.42,148.0,151.42,152.19,153.1,156.19,156.19,156.99,157.46,157.75,163.05,166.19,166.37,171.98,106.99,115.0,115.0,115.0,119.9,120.0,122.0,125.0,125.0,125.0,128.9,129.99,130.0,130.0,132.95,134.0,134.0,139.0,139.9,139.99,139.99,140.0,140.0,140.0,145.0,148.9,149.0,149.0,149.95,159.0
2026-09-03 18:01:18,Pokemon Star Birth Booster Display (Jpn),single,126,122.19,131.19,132.19,126.55,127.69,136.25,137.79,122.19,131.19,132.19,132.19,133.14,136.19,137.18,137.99,138.98,142.14,143.05,143.09,145.18,145.9,146.18,146.19,147.19,147.5,149.19,156.19,157.19,157.19,157.47,161.47,164.48,166.47,166.99,167.99,182.19,183.1,115.0,120.0,124.0,125.0,125.0,125.0,125.95,128.48,129.0,129.95,129.99,129.99,134.95,134.99,137.99,138.99,139.0,140.0,140.0,142.0,144.0,149.0,149.0,149.0,150.0,150.0,150.0,150.0,159.99,175.0
2026-09-03 18:01:18,Pokemon Violet ex Booster Display (Jpn),single,207,73.08,76.09,77.18,67.97,68.74,78.89,80.73,73.08,76.09,77.18,77.18,77.18,77.19,78.1,79.69,81.89,82.69,83.18,84.78,87.18,87.47,88.09,91.99,92.98,92.98,93.05,93.09,93.88,94.24,94.53,94.88,95.08,95.89,96.79,96.89,97.19,98.09,64.9,64.99,65.0,65.89,65.99,68.0,68.9,69.99,69.99,69.99,70.0,70.0,70.0,72.5,74.99,75.0,75.0,75.5,75.99,77.54,78.9,79.88,79.88,79.9,79.95,79.99,79.99,79.99,80.0,80.0
2026-09-03 18:01:18,Pokemon Brilliant Stars Booster Display (De),single,218,343.79,348.79,357.18,382.11,402.36,393.59,415.34,343.79,348.79,357.18,373.73,384.89,386.19,387.19,406.19,407.18,446.19,454.97,456.69,486.19,488.79,502.19,503.17,506.19,506.87,507.18,518.78,518.79,604.13,1014.17,1514.18,,,,,,,310.0,325.0,330.0,349.99,379.0,379.9,380.0,399.0,399.99,439.0,449.5,449.99,470.0,479.0,495.0,495.98,499.0,499.68,499.99,499.99,500.0,589.95,999.99,1500.0,,,,,,
2026-09-03 18:01:18,Pokemon Lost Origin Booster Display (De),single,341,383.18,386.14,387.19,396.59,405.5,403.74,412.55,383.18,386.14,387.19,403.09,406.08,406.13,406.19,406.89,407.18,407.19,407.19,432.19,436.19,456.18,457.17,457.18,457.19,457.19,462.89,487.14,488.79,493.79,497.19,506.14,506.19,506.19,506.19,506.44,507.14,507.14,375.99,378.95,380.0,395.9,398.89,398.94,399.0,399.99,400.0,400.0,401.9,425.0,429.0,448.99,449.98,449.99,449.99,450.0,450.0,470.0,475.0,479.95,490.0,499.0,499.0,499.0,499.95,499.95,499.95,499.99
2026-09-03 18:01:18,Pokemon Twilight Masquerade Booster Display (De),single,285,252.19,256.14,258.79,267.31,274.52,277.74,284.66,252.19,256.14,258.79,272.08,272.14,277.19,278.74,287.07,287.09,288.78,302.13,304.98,306.87,306.87,318.79,407.18,1014.17,,,,,,,,,,,,,,240.0,245.0,248.95,259.95,264.89,264.95,269.99,270.0,279.88,279.9,294.94,299.68,299.68,299.99,300.0,399.99,999.99,,,,,,,,,,,,,
2026-09-03 18:01:18,Pokemon Prismatic Evolutions Mini Tin Display (Eng),single,327,259.55,262.19,264.55,246.64,246.54,268.14,269.17,259.55,262.19,264.55,265.18,265.79,267.99,269.44,270.47,270.8,270.91,272.5,272.5,274.4,274.77,276.45,277.75,281.0,281.18,282.5,284.85,286.18,286.5,286.68,287.18,289.54,292.19,292.74,294.55,297.17,297.19,235.0,235.0,240.0,244.0,244.44,245.0,249.89,249.9,249.9,249.99,249.99,250.0,250.0,250.0,255.0,255.22,257.99,259.9,259.99,260.0,264.0,269.99,273.99,275.0,278.99,279.49,279.9,279.9,279.95,279.99
2026-09-03 18:01:18,Pokemon Prismatic Evolutions Booster Bundle Display (Eng),case,199,1031.5,1056.5,1136.7,1081.25,1123.7,1146.17,1185.29,1031.5,1056.5,1136.7,1180.0,1211.5,1214.68,1236.7,1250.0,1263.58,1271.7,1285.68,1285.7,1285.7,1293.86,1296.86,1300.0,1310.73,1320.73,1361.7,1365.55,1365.56,1386.7,1399.0,1400.0,1400.0,1400.0,1400.0,1415.67,1415.68,1425.0,975.0,1000.0,1080.0,1100.0,1145.0,1150.0,1189.0,1199.0,1199.0,1200.0,1200.0,1235.0,1247.0,1247.9,1249.0,1249.0,1250.0,1270.0,1299.0,1300.0,1300.0,1300.0,1300.0,1325.0,1325.0,1349.87,1349.88,1350.0,1350.0,1350.0
2026-09-03 18:01:18,Pokemon Prismatic Evolutions ETB (De),single,2017,147.19,152.19,152.19,153.5,154.53,160.69,162.06,147.19,152.19,152.19,156.19,157.18,162.19,162.19,162.19,166.19,167.19,167.19,167.19,167.19,172.19,172.19,172.19,172.19,177.14,177.18,178.79,182.19,183.8,187.18,187.18,187.19,187.19,187.19,187.19,187.19,188.79,140.0,145.0,145.0,149.0,149.99,155.0,155.0,155.0,159.0,160.0,160.0,160.0,160.0,160.0,165.0,165.0,165.0,165.0,169.95,169.99,170.0,174.9,174.99,175.0,175.0,179.99,179.99,180.0,180.0,180.0
2026-09-03 18:01:18,Pokemon Prismatic Evolutions ETB (Eng),single,2017,176.07,177.42,179.55,163.86,165.32,183.36,183.59,176.07,177.42,179.55,181.19,183.54,184.5,184.5,184.5,184.55,184.55,184.97,186.07,186.5,187.42,188.5,189.54,189.55,189.55,189.55,189.84,189.85,192.19,192.42,192.5,192.87,193.0,193.98,193.98,193.99,193.99,160.0,160.0,160.0,162.0,163.99,164.95,164.95,165.0,165.0,165.0,168.95,169.99,170.0,170.0,170.0,170.0,170.0,170.0,170.0,170.0,172.0,174.0,174.99,174.99,174.99,175.0,175.0,175.0,175.0,175.0
2026-09-03 18:01:18,Prismatic Evolutions Super-Premium Collection (Eng),single,1802,284.76,287.77,288.69,276.69,280.3,295.56,297.66,284.76,287.77,288.69,289.77,294.54,294.55,295.98,298.55,299.54,302.9,303.69,303.69,304.05,307.89,308.54,308.64,308.69,308.69,317.99,318.69,318.77,319.5,319.5,319.54,321.9,322.49,326.69,328.18,329.5,329.54,264.99,268.0,270.0,270.0,274.99,275.0,279.0,279.99,280.0,284.5,288.99,289.0,289.99,295.0,295.0,299.0,299.9,299.95,299.95,299.95,299.99,299.99,299.99,300.0,300.0,309.95,309.99,310.0,310.0,318.0
2026-09-03 18:01:18,Prismatic Evolutions Super-Premium Collection (De),single,1802,211.69,213.66,213.67,205.75,206.86,214.94,215.95,211.69,213.66,213.67,213.68,213.69,213.69,213.69,215.69,217.68,217.69,218.69,218.69,218.69,218.69,219.68,221.4,222.69,223.69,223.69,224.77,228.69,228.69,228.69,228.69,231.69,233.59,236.88,238.19,238.69,238.69,203.0,204.97,204.98,204.99,205.0,205.0,205.0,205.0,207.0,208.99,209.0,210.0,210.0,210.0,210.0,210.99,214.0,214.9,215.0,215.0,219.99,220.0,220.0,220.0,220.0,220.0,220.0,223.0,224.9,227.5
2026-09-03 18:01:18,Pokemon Black Bolt & White Flare Unova Mini Tin Display (Eng),single,133,241.99,242.19,242.19,243.36,247.72,251.39,258.53,241.99,242.19,242.19,247.09,248.5,251.48,251.49,251.98,256.19,262.19,267.42,269.94,271.2,286.99,287.18,294.55,299.5,302.14,306.87,307.17,307.18,312.7,319.54,407.19,614.17,1014.17,,,,,224.0,235.0,235.0,236.0,239.9,245.0,245.99,245.99,249.0,249.99,250.0,255.0,259.99,269.95,275.0,279.8,279.95,279.99,294.95,299.68,299.98,299.99,299.99,400.0,599.99,999.99,,,,
2026-09-03 18:01:18,Pokemon Lost Abyss Booster Display (Jpn),single,115,217.47,234.48,235.19,236.0,236.72,246.73,249.76,217.47,234.48,235.19,240.94,242.19,242.19,248.78,252.19,255.19,257.14,257.18,258.79,264.55,268.0,272.19,289.19,289.55,294.55,297.18,306.19,307.17,307.18,307.18,307.19,313.73,313.73,318.1,318.78,319.99,329.99,200.0,219.95,228.0,229.99,229.99,235.0,235.0,240.0,245.0,245.0,245.0,248.0,249.95,249.99,250.0,250.0,265.0,270.0,275.0,280.0,282.0,289.99,289.99,293.9,299.0,299.0,299.0,299.98,299.99,299.99
2026-09-03 18:01:18,Pokemon Terastal Festival ex Booster Display (Jpn),single,925,112.47,115.99,116.05,103.86,105.66,118.32,119.71,112.47,115.99,116.05,116.45,116.47,117.19,117.19,118.05,122.19,122.99,123.0,123.1,123.1,125.19,126.19,126.19,127.08,127.18,127.18,127.18,127.19,127.19,127.98,128.09,132.18,133.09,133.09,133.18,134.85,137.14,95.0,98.98,99.0,99.0,100.0,102.95,104.95,105.0,109.99,110.0,110.0,110.0,110.0,114.99,115.0,115.0,116.0,118.0,119.0,119.0,119.89,119.99,119.99,119.99,119.99,120.0,120.0,120.0,120.0,120.0
2026-09-04 12:06:25,Pokemon Destined Rivals Booster Display (Eng),single,1317,357.5,373.0,373.9,350.0,350.47,374.93,375.59,357.5,373.0,373.9,373.9,373.9,373.9,374.39,376.47,376.47,376.47,377.19,380.47,381.5,382.42,382.42,382.49,383.0,383.5,383.55,383.79,383.9,384.24,384.5,384.9,386.06,386.07,386.19,386.47,386.5,386.55,335.0,349.0,350.0,350.0,350.0,350.0,350.0,350.0,350.0,350.0,350.0,350.0,354.0,359.0,359.99,360.0,360.0,360.0,360.0,361.0,364.0,365.0,365.0,365.0,365.0,365.0,367.0,368.99,369.0,369.0
2026-09-04 12:06:25,Pokemon Destined Rivals Booster Display Case (Eng),case,183,2250.73,2267.45,2289.99,2203.75,2228.3,2287.47,2299.59,2250.73,2267.45,2289.99,2292.45,2300.0,2300.0,2310.22,2311.17,2331.45,2342.45,2350.0,2400.0,2400.0,2488.89,2500.0,2517.48,2518.47,2553.4,2553.4,2599.0,2599.89,2602.4,2641.45,2642.45,2692.45,2749.0,2761.16,2761.17,2795.0,2800.0,2129.0,2189.99,2200.0,2200.0,2225.0,2250.0,2250.0,2250.0,2289.0,2300.0,2300.0,2300.0,2300.0,2400.0,2450.0,2450.0,2479.0,2499.0,2499.0,2499.0,2499.89,2499.99,2599.0,2599.0,2600.0,2645.0,2650.0,2650.0,2699.0,2699.99
2026-09-04 12:06:25,Pokemon Black Bolt ETB (Eng),single,504,140.18,140.19,141.5,130.17,130.42,145.57,146.36,140.18,140.19,141.5,142.17,142.19,146.55,147.19,148.0,148.42,148.55,148.69,149.42,149.9,151.1,151.42,151.5,152.18,152.19,152.6,152.98,153.0,153.59,153.59,153.6,153.6,155.99,156.14,156.44,157.09,157.09,120.0,125.0,125.0,127.5,129.9,130.0,131.0,132.0,132.95,132.99,132.99,133.0,134.0,134.95,134.98,135.0,135.0,137.5,139.0,139.9,139.99,139.99,139.99,140.0,140.0,140.0,140.0,140.0,140.0,143.9
2026-09-04 12:06:25,Pokemon Ascended Heroes ETB (Eng),single,1436,172.18,172.42,176.14,160.99,161.52,177.94,178.67,172.18,172.42,176.14,176.19,176.42,176.99,177.42,178.99,179.89,181.5,182.18,182.37,182.42,182.5,182.5,182.99,184.49,184.5,184.5,184.54,184.55,184.55,185.19,185.41,185.42,186.07,186.19,186.42,186.42,186.46,154.99,155.0,159.0,159.0,159.99,160.0,160.0,162.0,162.99,164.95,164.95,164.95,164.99,164.99,164.99,165.0,165.0,165.0,165.0,165.5,167.0,167.95,167.99,168.0,168.0,168.95,169.0,169.0,169.0,169.0
2026-09-04 12:06:25,Pokemon Ascended Heroes ETB Case (Eng),case,138,1746.12,1790.0,1792.44,1721.25,1751.39,1793.72,1814.85,1746.12,1790.0,1792.44,1792.45,1800.0,1837.45,1841.45,1842.45,1845.0,1861.16,1861.17,1867.45,1887.45,1892.45,1919.0,1947.8,1992.44,1996.8,1997.8,2000.0,2000.0,2004.89,2017.48,2042.44,2042.45,2047.8,2049.99,2083.25,2090.0,2096.8,1684.95,1690.0,1700.0,1745.0,1749.99,1750.0,1795.0,1799.0,1799.99,1800.0,1800.0,1819.0,1825.0,1845.0,1850.0,1850.0,1899.0,1900.0,1900.0,1900.0,1949.99,1949.99,1950.0,1990.0,1995.0,1999.0,1999.0,1999.0,1999.99,1999.99
2026-09-04 12:06:25,Pokemon 30th Celebration ETB (Eng),single,954,181.49,181.86,181.9,173.35,172.91,182.79,184.3,181.49,181.86,181.9,182.0,182.19,182.45,182.93,182.99,183.9,183.93,183.99,183.99,187.99,190.42,192.49,192.74,192.95,194.94,199.5,201.9,203.5,204.9,204.98,209.5,214.4,216.4,217.39,219.5,227.35,232.74,164.99,166.93,169.95,169.99,173.0,174.0,174.94,174.95,174.95,175.0,175.0,175.0,175.0,175.0,175.0,177.0,179.95,179.95,181.85,185.0,185.0,189.95,189.99,195.0,195.95,196.98,198.98,199.95,199.99,209.9
2026-09-04 12:06:25,Pokemon 30th Celebration Booster Bundle (Eng),single,384,101.38,101.43,101.73,95.78,95.8,107.21,110.64,101.38,101.43,101.73,102.4,104.98,107.99,108.9,109.98,110.5,111.19,114.98,117.17,123.19,133.1,,,,,,,,,,,,,,,,,84.99,89.99,93.51,93.93,94.0,94.9,94.94,97.49,97.5,99.95,99.98,99.99,99.99,99.99,,,,,,,,,,,,,,,,
2026-09-04 12:06:25,Pokemon 30th Celebration Umbreon UPC (Eng),single,81,598.93,599.95,600.93,597.34,611.59,612.94,628.65,598.93,599.95,600.93,605.04,609.55,609.98,614.95,617.13,617.9,628.06,633.19,639.98,796.9,,,,,,,,,,,,,,,,,,580.0,589.94,589.94,589.94,599.0,599.94,599.95,599.98,599.99,600.0,609.93,612.0,780.0,,,,,,,,,,,,,,,,,
2026-09-04 12:06:25,Pokemon 30th Celebration Espeon UPC (Eng),single,105,588.93,590.09,593.13,587.46,601.79,606.22,620.51,588.93,590.09,593.13,594.55,599.94,600.93,613.19,614.95,614.99,618.06,796.9,,,,,,,,,,,,,,,,,,,,565.0,574.99,574.99,575.0,579.94,580.0,589.94,599.93,599.93,599.95,780.0,,,,,,,,,,,,,,,,,,,
2026-09-04 12:06:25,Pokemon 30th Celebration Mini Tin Display (Eng),single,49,307.45,330.94,340.94,358.58,349.87,371.17,364.1,307.45,330.94,340.94,342.25,368.9,372.42,379.86,379.9,388.19,396.9,397.4,,,,,,,,,,,,,,,,,,,,299.94,299.95,329.95,329.95,355.0,359.95,360.0,374.0,379.85,379.98,380.0,,,,,,,,,,,,,,,,,,,
2026-09-04 12:06:25,Pokemon Destined Rivals Booster Display (De),single,1317,272.19,272.19,277.18,274.37,275.31,282.65,284.08,272.19,272.19,277.18,277.19,281.19,282.19,284.85,286.19,286.19,286.19,287.09,287.78,292.18,292.38,296.19,297.08,297.18,297.19,297.19,297.19,298.79,302.18,304.85,304.89,305.19,305.54,305.98,306.18,306.19,306.19,265.0,265.0,268.99,269.99,270.0,274.0,275.0,279.0,279.0,279.0,279.88,279.9,279.9,280.0,284.99,289.0,289.89,289.99,289.99,290.0,290.0,290.0,294.99,298.0,298.99,299.0,299.0,299.0,299.0,299.9
2026-09-04 12:06:25,Pokemon Ascended Heroes Mini Tin Display (Eng),single,190,282.8,311.0,311.47,297.26,300.47,320.77,322.49,282.8,311.0,311.47,311.5,321.38,321.45,323.88,324.49,324.8,327.18,329.55,336.36,337.14,337.18,337.19,337.42,345.99,352.19,357.19,359.55,366.45,366.9,369.55,369.55,371.2,386.44,386.99,403.97,403.99,406.39,250.0,280.0,280.0,285.0,287.0,292.0,299.99,309.89,310.0,314.19,314.99,318.99,319.99,320.0,325.0,329.95,329.99,330.0,340.0,344.99,345.0,349.99,350.0,350.0,350.0,350.0,379.8,390.0,398.99,399.0
2026-09-04 12:06:25,Pokemon Ascended Heroes Booster Bundle Display (Eng),case,214,1030.0,1145.0,1176.0,1080.0,1089.99,1173.58,1176.0,1030.0,1145.0,1176.0,1186.6,1186.7,1199.0,1200.0,1200.0,1200.0,1236.69,1240.99,1250.0,1299.0,1300.0,1300.0,1300.0,1300.0,1320.0,1336.7,1336.7,1349.0,1350.0,1350.0,1350.0,1362.0,1399.99,1536.69,1563.73,1600.0,1600.0,930.0,1045.0,1076.0,1099.0,1100.0,1100.0,1100.0,1149.9,1150.0,1150.0,1198.99,1199.0,1199.99,1200.0,1200.0,1200.0,1200.0,1220.0,1249.0,1250.0,1250.0,1250.0,1262.0,1299.99,1300.0,1300.0,1499.99,1500.0,1500.0,1500.0
2026-09-04 12:06:25,Pokemon Ascended Heroes Pokemon Center ETB (Eng),single,291,367.19,367.42,370.39,373.62,386.2,400.03,413.07,367.19,367.42,370.39,376.19,385.39,410.39,411.5,413.1,413.73,419.55,425.39,455.19,455.38,461.5,463.72,467.42,467.69,469.19,469.55,471.9,476.47,489.55,492.19,497.18,497.19,499.55,499.55,503.79,507.19,518.55,345.0,350.0,350.0,360.0,360.0,369.0,375.0,385.0,390.0,399.99,400.0,400.0,429.99,439.0,440.0,448.0,449.95,450.0,450.0,450.0,462.0,470.0,480.0,480.0,485.0,485.0,489.99,490.0,499.0,499.0
2026-09-04 12:06:25,Pokemon Ascended Heroes Pokemon Center ETB (De),single,291,153.6,162.19,162.19,155.23,155.39,164.83,166.36,153.6,162.19,162.19,162.19,162.39,163.19,163.19,167.19,167.19,171.14,172.19,172.19,172.19,172.19,172.19,172.19,173.99,175.18,177.19,177.19,178.9,179.55,182.19,182.19,182.38,186.19,187.09,187.18,187.19,192.19,140.0,140.0,149.99,154.9,155.0,155.0,155.0,156.0,156.0,159.99,160.0,160.0,160.0,163.95,165.0,165.0,165.0,165.0,165.0,165.0,167.99,170.0,170.0,170.0,170.0,175.0,175.0,179.0,179.9,179.99
2026-09-04 12:06:25,Pokemon Ascended Heroes ETB (De),single,1436,107.5,111.19,111.19,108.23,108.26,115.42,115.53,107.5,111.19,111.19,112.19,116.07,116.18,116.18,117.18,117.19,117.19,117.19,117.19,118.19,118.3,120.09,120.14,120.18,120.18,120.19,120.69,121.09,121.19,121.19,122.14,122.19,122.19,122.19,122.19,122.19,122.19,99.0,104.0,104.0,105.0,108.88,108.99,108.99,109.99,110.0,110.0,110.0,110.0,111.0,111.11,112.9,112.95,112.99,112.99,113.0,113.5,113.9,114.0,114.0,114.95,115.0,115.0,115.0,115.0,115.0,115.0
2026-09-04 12:06:25,Pokemon Silver Tempest Booster Display (Eng),single,322,397.19,412.18,412.19,402.37,403.86,419.15,420.91,397.19,412.18,412.19,412.19,417.19,419.42,422.09,422.19,423.39,424.55,427.18,427.18,431.5,432.19,433.0,434.55,434.55,438.1,438.79,439.55,442.19,442.74,445.38,446.19,453.73,454.08,456.19,457.19,457.19,460.49,390.0,390.0,398.0,399.0,400.0,402.0,404.99,405.0,405.0,405.0,409.0,410.0,410.0,414.9,415.0,415.0,415.0,419.99,419.99,419.99,420.0,420.0,425.0,425.0,435.0,439.0,446.89,449.0,449.0,449.99
2026-09-04 12:06:25,Pokemon Lost Origin Booster Display (Eng),single,366,613.68,614.16,614.18,608.56,611.49,632.47,642.48,613.68,614.16,614.18,614.18,624.18,634.16,634.18,634.18,644.18,660.49,664.13,664.17,664.17,678.55,678.55,689.84,689.95,694.07,694.08,696.07,699.0,703.55,704.18,708.76,713.18,713.18,718.12,719.0,720.0,720.0,589.95,599.0,599.5,599.98,600.0,600.0,610.0,619.0,619.98,620.0,620.0,620.0,620.0,625.0,630.0,632.99,640.0,649.0,649.0,649.95,649.99,649.99,649.99,650.0,674.0,675.0,675.66,679.89,679.9,680.0
2026-09-04 12:06:25,Pokemon Chilling Reign Booster Display (Eng),single,175,386.19,405.18,417.5,409.23,414.19,430.1,431.4,386.19,405.18,417.5,422.5,424.09,425.39,431.5,437.18,438.1,444.55,447.19,447.19,447.45,447.5,449.55,457.19,464.55,466.42,469.55,469.55,469.55,471.85,503.72,504.85,507.19,507.19,510.4,518.55,519.55,521.5,379.0,395.0,397.99,400.0,400.0,400.0,409.0,416.9,424.95,425.0,425.0,429.99,430.0,439.99,440.0,440.0,445.0,449.0,450.0,450.0,450.0,450.0,450.0,499.0,499.0,499.9,499.9,500.0,500.0,500.0
2026-09-04 12:06:25,Pokemon Crown Zenith ETB (Eng),single,346,294.99,297.18,297.19,291.48,292.87,305.3,308.21,294.99,297.18,297.19,298.0,306.19,307.12,307.13,307.14,307.41,312.19,314.55,315.29,317.79,319.55,321.5,322.5,322.5,322.74,326.98,327.14,327.18,327.19,327.5,329.05,329.41,329.54,329.98,330.39,331.9,332.18,275.5,288.88,289.9,289.98,289.99,289.99,290.0,290.0,295.0,297.0,299.0,299.0,299.0,299.93,299.94,299.95,300.0,300.0,300.0,300.0,305.0,305.0,305.0,305.0,309.5,309.99,315.0,315.0,315.0,319.0
2026-09-04 12:06:25,Pokemon VSTAR Universe Booster Display (Jpn),single,710,172.47,176.88,177.09,165.2,165.97,178.53,179.63,172.47,176.88,177.09,177.19,177.46,177.99,178.19,178.98,179.19,182.18,182.19,182.19,183.19,184.55,184.68,185.19,187.19,188.79,189.5,191.19,192.09,192.19,192.19,193.1,194.18,194.55,194.55,194.55,196.46,197.14,155.0,155.0,159.99,160.0,160.0,165.0,167.0,169.69,169.9,169.99,170.0,170.0,171.0,172.0,174.99,174.99,175.0,175.0,175.0,175.0,175.0,175.0,176.0,177.49,178.0,180.0,180.0,184.0,184.0,184.9
2026-09-04 12:06:25,Pokemon Flareon VMAX Premium Collection EU Version (Eng),single,76,304.48,307.18,307.19,299.37,300.33,311.9,317.08,304.48,307.18,307.19,307.19,307.19,307.5,309.55,317.5,319.54,319.55,319.55,322.19,322.5,337.74,347.41,363.73,375.72,382.45,413.72,419.54,506.19,507.18,507.18,507.18,518.79,750.0,950.0,982.94,,,285.0,290.0,295.0,299.99,299.99,299.99,300.0,300.0,300.0,300.0,300.0,300.0,300.0,315.0,320.0,329.99,349.99,350.0,359.95,399.99,499.0,499.99,499.99,499.99,500.0,650.0,850.0,890.0,,
2026-09-04 12:06:25,Pokemon Jolteon VMAX Premium Collection EU Version (Eng),single,73,294.99,298.97,302.09,297.73,298.12,305.61,310.34,294.99,298.97,302.09,302.19,304.48,304.98,307.18,307.19,307.19,309.55,317.79,319.5,322.19,327.19,329.55,347.41,363.73,363.73,367.73,375.72,382.45,413.72,419.54,506.19,507.18,518.79,750.0,950.0,,,290.0,290.0,293.98,294.9,295.0,298.99,299.0,299.95,299.99,299.99,300.0,300.0,300.0,300.0,310.0,315.0,320.0,329.99,349.99,349.99,350.0,359.95,399.99,499.0,499.99,500.0,650.0,850.0,,
2026-09-04 12:06:25,Pokemon Vaporeon VMAX Premium Collection EU Version (Eng),single,63,319.5,319.99,322.19,319.25,325.39,331.68,340.84,319.5,319.99,322.19,327.18,327.19,327.19,327.79,337.19,337.19,347.5,354.19,357.18,357.19,363.73,387.41,413.72,419.54,422.45,425.72,457.18,506.19,518.79,850.0,950.0,954.55,982.94,,,,,299.95,300.0,309.0,315.0,315.0,319.99,320.0,320.0,325.0,330.0,330.0,347.0,349.99,349.99,350.0,369.99,399.95,399.99,400.0,449.99,499.0,500.0,750.0,850.0,890.0,925.0,,,,
2026-09-04 12:06:25,Pokemon Celebrations ETB (De),single,342,307.19,327.17,327.18,325.0,327.82,332.19,335.68,307.19,327.17,327.18,329.41,332.14,332.18,332.19,332.19,335.09,337.18,337.19,340.52,352.18,356.19,357.19,357.19,360.69,365.19,367.18,376.49,377.19,378.1,378.74,393.69,393.79,397.19,402.19,406.88,407.19,407.19,300.0,319.98,319.99,322.22,324.95,324.99,325.0,325.0,327.9,329.99,330.0,333.33,340.0,344.99,349.0,350.0,350.0,353.5,358.0,359.95,359.99,370.0,371.5,375.0,386.5,389.0,390.0,395.0,399.69,400.0
2026-09-04 12:06:25,Pokemon Champions Path ETB (Eng),single,159,139.69,147.19,152.19,148.25,149.63,160.66,162.41,139.69,147.19,152.19,155.19,157.18,157.19,164.18,164.99,167.19,167.19,168.78,172.19,172.5,174.24,176.19,176.19,177.19,178.1,179.55,181.1,182.5,183.1,184.97,186.18,186.19,189.5,193.19,193.99,194.5,194.5,132.5,140.0,145.0,145.0,148.0,148.0,149.99,149.99,150.0,150.0,150.0,156.99,159.0,160.0,160.0,160.0,160.0,164.75,165.0,169.0,169.0,169.95,169.99,170.0,174.95,174.95,179.0,179.95,179.99,179.99
2026-09-04 12:06:25,Pokemon Tag Team Pikachu & Zekrom GX Premium Collection (Eng),single,55,284.55,292.19,292.19,301.61,308.13,318.78,324.2,284.55,292.19,292.19,307.18,309.55,316.42,321.4,326.42,337.5,339.55,341.47,342.74,347.19,347.5,357.19,368.55,371.49,377.19,385.98,406.74,425.47,425.72,454.48,487.19,506.19,506.19,523.0,650.0,1014.18,,265.0,285.0,285.0,290.0,299.0,299.9,299.99,309.0,315.0,315.0,320.0,325.0,325.0,340.0,349.0,349.99,350.0,370.0,379.99,399.0,399.99,400.0,449.99,480.0,499.0,499.0,500.0,550.0,1000.0,
2026-09-04 12:06:25,Pokemon Tag Team Reshiram & Charizard GX Premium Collection (Eng),single,27,297.19,319.5,325.19,329.0,342.59,345.65,357.01,297.19,319.5,325.19,335.39,337.18,341.47,344.55,346.19,366.48,368.79,378.55,387.74,396.19,404.48,406.19,407.19,490.98,650.0,773.0,2214.13,,,,,,,,,,,290.0,299.95,310.0,315.0,318.0,325.0,329.99,339.0,344.98,350.0,359.0,370.0,389.0,399.0,399.99,400.0,479.99,550.0,750.0,2199.95,,,,,,,,,,
2026-09-04 12:06:25,Pokemon VMAX Climax Booster Display (Jpn),single,157,164.19,167.18,171.17,162.18,163.22,174.73,175.97,164.19,167.18,171.17,172.19,173.19,174.55,176.19,176.19,177.19,177.19,177.99,182.18,182.49,183.05,184.55,185.7,187.18,187.19,187.47,187.5,188.79,192.19,192.74,193.1,194.19,194.97,197.09,197.19,197.19,202.99,155.0,157.0,159.99,159.99,160.0,160.0,163.5,163.98,165.0,165.0,165.0,166.0,169.0,169.0,169.9,169.99,170.0,170.0,170.0,170.0,174.99,175.0,179.99,180.0,185.0,185.0,187.0,189.9,189.99,189.99
2026-09-04 12:06:25,Pokemon Battle Region Booster Display (Jpn),single,84,78.48,80.18,81.09,74.85,75.64,84.38,87.01,78.48,80.18,81.09,82.14,82.18,84.19,85.99,86.18,86.19,87.08,92.47,92.47,93.05,96.47,96.99,102.47,103.1,103.69,105.82,106.47,106.99,107.18,107.19,108.69,111.87,113.09,113.1,113.47,117.46,117.47,69.0,70.0,72.99,73.9,74.95,74.99,74.99,75.0,75.0,77.0,78.99,79.0,79.0,79.89,79.95,79.99,80.0,80.0,84.9,85.0,89.0,89.34,89.9,90.0,96.0,99.0,99.98,99.99,99.99,100.0
2026-09-04 12:06:25,Pokemon Clay Burst Booster Display (Jpn),single,256,92.19,95.19,96.47,88.62,89.8,100.7,102.23,92.19,95.19,96.47,97.19,98.1,99.19,101.99,102.19,103.98,106.47,106.48,107.18,107.19,109.25,110.35,112.37,112.98,112.98,113.1,113.47,115.08,117.09,117.18,117.18,118.65,118.99,119.14,122.5,125.79,127.46,79.0,85.0,85.0,85.0,88.0,89.0,90.0,90.0,90.0,92.0,93.16,94.9,95.0,95.0,96.0,99.88,99.88,99.99,99.99,100.0,100.0,100.0,105.0,107.89,109.9,109.99,109.99,109.99,111.95,118.99
2026-09-04 12:06:25,Pokemon Fusion Strike Booster Display (Eng),single,200,791.17,793.18,794.18,814.62,822.19,850.77,858.79,791.17,793.18,794.18,814.17,844.5,862.41,864.08,864.18,878.55,884.08,893.1,894.18,895.0,899.55,909.55,914.17,914.18,923.72,929.54,929.9,938.0,945.0,950.0,962.73,964.17,964.17,970.0,982.85,995.99,999.99,776.99,779.0,780.0,795.0,795.0,799.99,814.95,838.0,845.0,849.0,849.9,850.0,850.0,850.0,859.99,869.9,870.0,870.0,880.0,880.0,895.99,899.0,899.9,899.99,899.99,899.99,900.0,900.0,900.0,949.99
2026-09-04 12:06:25,Pokemon Astral Radiance Booster Display (Eng),single,272,357.18,366.19,379.29,357.59,361.91,384.01,386.16,357.18,366.19,379.29,379.5,379.55,382.5,384.55,388.1,388.1,390.49,395.47,395.72,396.47,402.19,407.09,407.19,407.19,412.5,412.72,422.19,422.5,422.98,437.18,443.72,447.5,451.63,457.17,457.18,469.43,469.43,348.99,349.99,350.0,350.0,356.79,359.0,359.95,360.0,360.0,365.0,369.0,370.0,370.0,379.99,379.99,390.0,395.0,399.9,399.98,400.0,400.0,400.0,415.0,425.0,429.99,444.44,449.88,449.88,449.98,449.99
2026-09-04 12:06:25,Pokemon Lost Origin ETB (Eng),single,242,192.19,197.18,197.42,189.74,190.46,203.2,203.76,192.19,197.18,197.42,201.19,202.09,202.18,202.5,206.19,206.89,207.14,207.19,207.19,208.55,208.99,209.55,212.41,214.55,214.89,216.18,217.5,217.79,219.54,221.5,221.5,221.69,222.14,223.0,223.99,223.99,228.78,180.0,180.0,184.99,185.0,189.0,189.99,190.0,190.0,194.0,194.9,194.99,194.99,195.0,195.0,199.0,199.0,199.0,199.0,199.0,199.95,199.99,199.99,199.99,199.99,200.0,200.0,205.0,208.99,209.9,209.9
2026-09-04 12:06:25,Pokemon Crown Zenith Galarian Articuno Tin US Version (Eng),single,24,141.0,144.06,156.19,149.12,165.93,167.78,179.86,141.0,144.06,156.19,157.19,162.5,166.47,172.5,173.99,176.19,177.18,177.18,178.09,207.18,207.19,300.96,442.75,,,,,,,,,,,,,,,133.0,133.06,140.0,140.0,144.99,149.0,149.99,150.0,150.0,169.0,169.99,169.99,199.99,200.0,289.97,400.0,,,,,,,,,,,,,,
2026-09-04 12:06:25,Pokemon Crown Zenith Galarian Zapdos Tin US Version (Eng),single,28,132.99,134.19,135.18,130.94,136.83,145.41,150.51,132.99,134.19,135.18,137.18,137.42,144.08,149.1,151.63,152.5,156.19,157.18,157.19,163.09,172.5,177.18,207.18,227.19,442.75,,,,,,,,,,,,,116.0,120.0,124.99,127.0,127.99,129.99,129.99,130.0,133.08,144.44,149.0,149.99,150.0,150.0,169.99,199.99,220.0,400.0,,,,,,,,,,,,
2026-09-04 12:06:25,Pokemon Crown Zenith Galarian Moltres Tin US Version (Eng),single,20,157.0,157.19,167.14,156.24,175.64,172.86,195.92,157.0,157.19,167.14,167.18,167.18,172.5,172.5,172.75,177.18,186.47,193.09,202.75,207.18,442.75,,,,,,,,,,,,,,,,,130.0,149.0,150.0,150.0,150.0,159.95,159.99,159.99,159.99,160.0,160.0,169.99,199.99,400.0,,,,,,,,,,,,,,,,
2026-09-04 12:06:25,Pokemon 151 Zapdos ex Collection (Eng),single,196,122.19,126.18,126.19,120.62,121.52,134.78,136.38,122.19,126.18,126.19,126.19,133.0,137.09,137.18,138.05,138.73,141.79,142.42,143.04,143.05,143.09,147.5,147.5,147.74,152.19,152.5,157.18,157.19,158.1,158.19,162.75,163.05,163.1,163.1,168.0,172.49,197.5,109.0,109.99,115.0,118.99,119.0,119.0,120.0,123.0,124.95,125.0,125.0,125.0,129.0,129.9,129.94,129.95,129.99,130.0,130.0,130.0,134.9,145.0,149.95,149.99,149.99,150.0,150.0,150.0,151.0,175.0
2026-09-04 12:06:25,Pokemon 151 UPC (Eng),single,393,705.67,715.68,735.68,731.87,732.26,756.93,755.83,705.67,715.68,735.68,745.68,750.68,760.68,765.67,765.68,765.68,765.68,765.68,766.45,774.5,774.55,779.54,788.68,789.68,795.68,799.55,802.05,804.5,809.55,812.19,813.68,814.68,819.55,820.19,825.0,825.68,829.55,689.99,700.0,720.0,720.0,725.0,730.0,735.0,735.0,744.95,745.0,745.0,745.0,749.0,749.99,749.99,750.0,750.0,750.0,750.0,770.0,770.0,772.5,773.0,774.0,774.95,779.0,780.0,780.0,780.0,780.0
2026-09-04 12:06:25,Pokemon 151 UPC (De),single,393,655.68,660.68,664.68,681.11,693.78,696.8,709.46,655.68,660.68,664.68,665.68,690.68,695.67,710.67,715.63,715.67,715.68,734.68,740.58,744.68,765.63,765.68,765.68,805.9,805.9,805.9,812.98,814.68,815.17,815.67,815.67,895.68,898.95,899.0,915.67,915.67,915.67,640.0,645.0,649.0,650.0,675.0,679.99,694.99,699.95,699.99,700.0,719.0,724.9,729.0,749.95,750.0,750.0,798.95,799.0,799.0,799.49,799.99,799.99,799.99,800.0,800.0,800.0,849.99,850.0,850.0,880.0
2026-09-04 12:06:25,Pokemon 151 Booster Display (Jpn),single,535,276.19,277.18,277.19,269.23,270.18,281.25,280.95,276.19,277.18,277.19,279.89,282.07,282.1,282.18,282.19,282.19,282.19,282.19,282.19,282.19,282.19,282.19,282.79,283.79,284.55,287.19,287.19,287.19,287.19,290.98,290.99,292.18,294.18,294.55,297.18,297.19,297.79,260.0,264.0,265.0,265.0,269.0,269.99,269.99,270.0,270.0,274.88,274.9,274.99,275.0,275.0,275.0,275.0,275.0,275.0,275.0,275.0,275.0,275.0,277.9,279.0,280.0,280.0,280.0,280.0,280.0,280.0
2026-09-04 12:06:25,Pokemon Paradigm Trigger Booster Display (Jpn),single,172,114.18,116.19,127.09,120.24,121.45,132.98,133.05,114.18,116.19,127.09,127.19,129.19,132.47,136.09,137.18,137.19,137.47,138.1,138.1,140.14,141.19,143.98,147.09,147.19,147.42,148.0,151.42,152.19,153.1,156.19,156.19,156.99,157.46,157.75,163.05,166.19,166.37,106.99,109.0,115.0,115.0,119.9,120.0,120.0,122.0,125.0,125.0,125.0,128.9,129.99,130.0,130.0,132.95,134.0,134.0,139.0,139.9,139.99,139.99,140.0,140.0,140.0,145.0,148.9,149.0,149.0,149.95
2026-09-04 12:06:25,Pokemon Star Birth Booster Display (Jpn),single,110,122.19,131.19,132.19,126.55,127.69,136.25,137.79,122.19,131.19,132.19,132.19,133.14,136.19,137.18,137.99,138.98,142.14,143.05,143.09,145.18,145.9,146.18,146.19,147.19,147.5,149.19,156.19,157.19,157.19,157.47,161.47,164.48,166.47,166.99,167.47,167.99,182.19,115.0,120.0,124.0,125.0,125.0,125.0,125.95,128.48,129.0,129.95,129.99,129.99,134.95,134.99,137.99,138.99,139.0,140.0,140.0,142.0,144.0,149.0,149.0,149.0,150.0,150.0,150.0,150.0,150.0,159.99
2026-09-04 12:06:25,Pokemon Violet ex Booster Display (Jpn),single,207,73.08,77.18,77.18,68.36,69.62,79.64,81.79,73.08,77.18,77.18,77.18,77.19,78.1,79.69,81.89,82.69,83.18,84.78,87.18,87.47,88.09,91.99,92.98,92.98,93.05,93.09,93.88,94.24,94.53,94.88,95.08,95.89,96.79,96.89,97.19,98.09,102.19,64.9,64.99,65.0,65.89,65.99,69.99,69.99,69.99,70.0,70.0,70.0,72.5,74.99,75.0,75.0,75.5,75.99,77.54,78.9,79.88,79.88,79.9,79.95,79.99,79.99,79.99,80.0,80.0,87.89,89.0
2026-09-04 12:06:25,Pokemon Brilliant Stars Booster Display (De),single,218,337.19,342.14,343.79,340.83,353.3,352.51,364.74,337.19,342.14,343.79,344.09,344.85,347.14,352.14,357.18,357.19,373.73,384.89,386.19,387.19,406.19,407.18,446.19,454.97,456.69,486.19,488.79,502.19,503.17,506.19,506.87,507.18,518.78,518.79,604.13,1014.17,1514.18,310.0,325.0,330.0,334.95,336.9,339.9,339.95,344.95,349.99,350.0,379.0,379.9,380.0,399.0,399.99,439.0,449.5,449.99,470.0,479.0,495.0,495.98,499.0,499.68,499.99,499.99,500.0,589.95,999.99,1500.0
2026-09-04 12:06:25,Pokemon Lost Origin Booster Display (De),single,366,362.19,365.18,372.19,373.37,379.51,380.56,386.68,362.19,365.18,372.19,377.18,377.18,380.19,381.19,383.18,386.14,387.19,403.09,406.08,406.13,406.19,406.89,407.18,407.19,407.19,432.19,436.19,456.18,457.17,457.18,457.19,457.19,462.89,487.14,488.79,493.79,497.19,355.0,357.99,365.0,369.99,369.99,373.0,374.0,375.99,378.95,380.0,395.9,398.89,398.94,399.0,399.99,400.0,400.0,401.9,425.0,429.0,448.99,449.98,449.99,449.99,450.0,450.0,470.0,475.0,479.95,490.0
2026-09-04 12:06:25,Pokemon Twilight Masquerade Booster Display (De),single,289,252.19,256.14,258.79,266.06,272.51,276.27,281.88,252.19,256.14,258.79,272.08,272.14,277.09,277.19,278.74,287.07,287.09,288.78,302.13,304.98,306.87,306.87,318.79,407.18,1014.17,,,,,,,,,,,,,240.0,245.0,248.95,259.95,264.89,264.95,269.9,269.99,270.0,279.88,279.9,294.94,299.68,299.68,299.99,300.0,399.99,999.99,,,,,,,,,,,,
2026-09-04 12:06:25,Pokemon Prismatic Evolutions Mini Tin Display (Eng),single,327,262.19,264.55,265.18,247.89,247.74,269.13,270.79,262.19,264.55,265.18,265.79,267.99,269.44,270.47,270.8,270.91,272.5,272.5,274.4,276.45,277.75,281.0,281.18,282.5,284.85,286.18,286.5,286.68,287.18,289.54,292.19,292.74,294.55,297.17,297.19,297.45,299.5,235.0,235.0,244.0,244.44,245.0,249.89,249.9,249.9,249.99,249.99,250.0,250.0,250.0,255.0,257.99,259.9,259.99,260.0,264.0,269.99,273.99,275.0,278.99,279.49,279.9,279.9,279.95,279.99,280.0,285.0
2026-09-04 12:06:25,Pokemon Prismatic Evolutions Booster Bundle Display (Eng),case,194,1031.5,1056.5,1180.0,1103.5,1142.2,1165.67,1203.75,1031.5,1056.5,1180.0,1211.5,1214.68,1236.7,1263.58,1271.7,1285.68,1285.7,1285.7,1293.86,1296.86,1300.0,1310.73,1320.73,1361.7,1365.55,1365.56,1386.7,1399.0,1400.0,1400.0,1400.0,1400.0,1415.67,1415.68,1425.0,1447.8,1447.8,975.0,1000.0,1080.0,1145.0,1189.0,1199.0,1199.0,1200.0,1200.0,1235.0,1247.0,1247.9,1249.0,1249.0,1250.0,1270.0,1299.0,1300.0,1300.0,1300.0,1300.0,1325.0,1325.0,1349.87,1349.88,1350.0,1350.0,1350.0,1350.0,1399.0
2026-09-04 12:06:25,Pokemon Prismatic Evolutions ETB (De),single,1950,147.19,152.14,152.19,152.25,153.53,159.44,161.05,147.19,152.14,152.19,156.19,157.18,157.19,162.19,162.19,162.19,166.19,167.19,167.19,167.19,167.19,172.19,172.19,172.19,177.14,177.18,178.79,182.19,183.8,187.18,187.18,187.19,187.19,187.19,187.19,187.19,188.79,140.0,144.95,145.0,149.0,149.99,150.0,155.0,155.0,155.0,159.0,160.0,160.0,160.0,160.0,160.0,165.0,165.0,165.0,169.95,169.99,170.0,174.9,174.99,175.0,175.0,179.99,179.99,180.0,180.0,180.0
2026-09-04 12:06:25,Pokemon Prismatic Evolutions ETB (Eng),single,1950,176.07,178.0,178.55,163.24,164.59,182.61,183.4,176.07,178.0,178.55,179.55,181.19,183.54,184.5,184.5,184.5,184.55,184.55,186.07,187.42,188.5,189.54,189.55,189.55,189.55,189.55,189.85,192.19,192.42,192.5,192.87,193.0,193.98,193.98,193.99,193.99,194.5,155.0,159.0,160.0,160.0,162.0,163.99,164.95,164.95,165.0,165.0,168.95,169.99,170.0,170.0,170.0,170.0,170.0,170.0,170.0,170.0,172.0,174.0,174.99,174.99,174.99,175.0,175.0,175.0,175.0,175.0
2026-09-04 12:06:25,Prismatic Evolutions Super-Premium Collection (Eng),single,1802,287.77,287.77,288.77,273.47,276.42,292.62,295.06,287.77,287.77,288.77,288.93,289.62,289.77,294.55,294.77,295.98,298.55,299.54,299.55,302.9,303.69,303.69,304.05,307.89,308.54,308.64,308.69,308.69,309.54,317.99,318.69,318.77,319.5,319.5,319.54,319.77,321.9,268.0,268.0,269.0,269.85,270.0,270.0,275.0,275.0,279.0,279.94,279.99,280.0,284.5,288.99,289.0,289.99,289.99,295.0,295.0,299.0,299.9,299.95,299.95,299.95,299.99,299.99,299.99,300.0,300.0,300.0
2026-09-04 12:06:25,Prismatic Evolutions Super-Premium Collection (De),single,1802,213.66,213.67,213.68,206.37,207.73,215.69,216.93,213.66,213.67,213.68,213.69,213.69,213.69,215.69,217.69,218.69,218.69,218.69,218.69,219.68,221.4,222.69,223.69,223.69,224.77,228.69,228.69,228.69,228.69,231.69,233.59,238.19,238.69,238.69,238.69,238.69,241.2,204.97,204.98,204.99,205.0,205.0,205.0,205.0,207.0,209.0,210.0,210.0,210.0,210.0,210.99,214.0,214.9,215.0,215.0,219.99,220.0,220.0,220.0,220.0,220.0,220.0,223.0,224.9,227.5,229.5,230.0
2026-09-04 12:06:25,Pokemon Black Bolt & White Flare Unova Mini Tin Display (Eng),single,135,241.99,242.19,242.19,243.36,247.72,251.39,258.53,241.99,242.19,242.19,247.09,248.5,251.48,251.49,251.98,256.19,262.19,267.42,269.94,271.2,286.99,287.18,294.55,299.5,302.14,306.87,307.17,307.18,312.7,319.54,407.19,614.17,1014.17,,,,,224.0,235.0,235.0,236.0,239.9,245.0,245.99,245.99,249.0,249.99,250.0,255.0,259.99,269.95,275.0,279.8,279.95,279.99,294.95,299.68,299.98,299.99,299.99,400.0,599.99,999.99,,,,
2026-09-04 12:06:25,Pokemon Lost Abyss Booster Display (Jpn),single,115,217.47,234.48,235.19,232.87,234.72,246.73,249.76,217.47,234.48,235.19,240.94,242.19,242.19,248.78,252.19,255.19,257.14,257.18,258.79,264.55,268.0,272.19,283.73,289.19,289.55,294.55,297.18,306.19,307.17,307.18,307.18,307.19,313.73,318.1,318.78,319.99,329.99,200.0,219.95,220.0,228.0,229.99,229.99,235.0,235.0,240.0,245.0,245.0,245.0,248.0,249.95,249.99,250.0,265.0,270.0,275.0,280.0,282.0,289.99,289.99,293.9,299.0,299.0,299.0,299.98,299.99,299.99
2026-09-04 12:06:25,Pokemon Terastal Festival ex Booster Display (Jpn),single,941,115.99,116.45,117.19,108.12,109.73,121.85,122.74,115.99,116.45,117.19,118.05,122.19,122.99,123.0,123.1,123.1,125.19,126.19,126.19,127.08,127.18,127.18,127.18,127.19,127.19,127.98,128.09,132.18,133.09,133.09,133.18,133.49,134.85,137.14,137.19,137.47,137.47,98.98,99.0,100.0,104.95,105.0,109.99,110.0,110.0,110.0,114.99,115.0,115.0,116.0,118.0,119.0,119.0,119.89,119.99,119.99,119.99,119.99,120.0,120.0,120.0,120.0,120.0,120.0,120.0,120.0,120.0
2026-09-04 18:01:17,Pokemon Destined Rivals Booster Display (Eng),single,1317,363.1,367.4,367.5,349.25,347.59,372.27,372.73,363.1,367.4,367.5,369.55,372.5,373.0,373.9,373.9,373.9,373.9,374.39,374.55,376.47,376.47,380.47,381.5,382.42,382.42,382.49,383.0,383.5,383.55,383.79,383.9,384.5,384.9,386.06,386.07,386.19,386.47,325.0,344.9,345.0,349.0,350.0,350.0,350.0,350.0,350.0,350.0,350.0,350.0,350.0,350.0,350.0,354.0,355.0,359.99,360.0,360.0,360.0,360.0,361.0,364.0,365.0,365.0,365.0,365.0,365.0,367.0
2026-09-04 18:01:17,Pokemon Destined Rivals Booster Display Case (Eng),case,183,2250.73,2267.45,2289.99,2203.75,2228.3,2287.47,2299.59,2250.73,2267.45,2289.99,2292.45,2300.0,2300.0,2310.22,2311.17,2331.45,2342.45,2350.0,2400.0,2400.0,2488.89,2500.0,2517.48,2518.47,2553.4,2553.4,2599.0,2599.89,2602.4,2641.45,2642.45,2692.45,2749.0,2761.16,2761.17,2795.0,2800.0,2129.0,2189.99,2200.0,2200.0,2225.0,2250.0,2250.0,2250.0,2289.0,2300.0,2300.0,2300.0,2300.0,2400.0,2450.0,2450.0,2479.0,2499.0,2499.0,2499.0,2499.89,2499.99,2599.0,2599.0,2600.0,2645.0,2650.0,2650.0,2699.0,2699.99
2026-09-04 18:01:17,Pokemon Black Bolt ETB (Eng),single,504,140.19,141.5,142.17,131.54,131.65,146.83,147.65,140.19,141.5,142.17,142.19,146.55,147.19,148.55,148.69,149.42,149.9,151.1,151.42,151.5,152.18,152.19,152.6,152.98,153.0,153.59,153.59,153.6,153.6,155.99,156.14,156.44,157.09,157.09,157.18,157.19,157.42,120.0,125.0,127.5,129.9,130.0,132.0,132.95,132.99,133.0,134.0,134.95,134.98,135.0,135.0,137.5,139.0,139.9,139.99,139.99,139.99,140.0,140.0,140.0,140.0,140.0,140.0,143.9,144.5,144.99,144.99
2026-09-04 18:01:17,Pokemon Ascended Heroes ETB (Eng),single,1436,172.18,172.42,176.14,160.99,161.52,178.34,178.94,172.18,172.42,176.14,176.19,176.42,176.99,177.42,179.89,181.5,182.18,182.37,182.42,182.5,182.5,182.99,184.49,184.5,184.5,184.54,184.55,184.55,185.18,185.19,185.41,185.42,186.07,186.19,186.42,186.42,186.46,154.99,155.0,159.0,159.0,159.99,160.0,160.0,162.0,162.99,164.95,164.95,164.95,164.99,164.99,165.0,165.0,165.0,165.0,167.0,167.95,167.99,168.0,168.0,168.95,169.0,169.0,169.0,169.0,169.0,169.95
2026-09-04 18:01:17,Pokemon Ascended Heroes ETB Case (Eng),case,138,1792.45,1837.45,1841.45,1786.0,1797.8,1841.59,1852.85,1792.45,1837.45,1841.45,1842.45,1845.0,1861.16,1861.17,1867.45,1887.45,1892.45,1919.0,1947.8,1996.8,1997.8,2000.0,2000.0,2004.89,2017.48,2042.44,2042.45,2047.8,2049.99,2083.25,2090.0,2096.8,2096.8,2099.99,2099.99,2100.0,2142.45,1745.0,1750.0,1795.0,1799.0,1799.99,1800.0,1800.0,1819.0,1825.0,1845.0,1850.0,1850.0,1899.0,1900.0,1900.0,1900.0,1949.99,1950.0,1990.0,1995.0,1999.0,1999.0,1999.0,1999.99,1999.99,1999.99,2000.0,2000.0,2000.0,2080.0
2026-09-04 18:01:17,Pokemon 30th Celebration ETB (Eng),single,954,181.49,181.86,181.9,173.35,172.91,182.79,184.3,181.49,181.86,181.9,182.0,182.19,182.45,182.93,182.99,183.9,183.93,183.99,183.99,187.99,190.42,192.49,192.74,192.95,194.94,199.5,201.9,203.5,204.9,204.98,209.5,214.4,216.4,217.39,219.5,227.35,232.74,164.99,166.93,169.95,169.99,173.0,174.0,174.94,174.95,174.95,175.0,175.0,175.0,175.0,175.0,175.0,177.0,179.95,179.95,181.85,185.0,185.0,189.95,189.99,195.0,195.95,196.98,198.98,199.95,199.99,209.9
2026-09-04 18:01:17,Pokemon 30th Celebration Booster Bundle (Eng),single,384,101.38,101.43,101.73,95.78,95.8,107.21,110.64,101.38,101.43,101.73,102.4,104.98,107.99,108.9,109.98,110.5,111.19,114.98,117.17,123.19,133.1,,,,,,,,,,,,,,,,,84.99,89.99,93.51,93.93,94.0,94.9,94.94,97.49,97.5,99.95,99.98,99.99,99.99,99.99,,,,,,,,,,,,,,,,
2026-09-04 18:01:17,Pokemon 30th Celebration Umbreon UPC (Eng),single,81,598.93,599.95,600.93,597.34,611.59,612.94,628.65,598.93,599.95,600.93,605.04,609.55,609.98,614.95,617.13,617.9,628.06,633.19,639.98,796.9,,,,,,,,,,,,,,,,,,580.0,589.94,589.94,589.94,599.0,599.94,599.95,599.98,599.99,600.0,609.93,612.0,780.0,,,,,,,,,,,,,,,,,
2026-09-04 18:01:17,Pokemon 30th Celebration Espeon UPC (Eng),single,105,585.98,588.93,590.09,584.34,599.56,602.72,617.64,585.98,588.93,590.09,593.13,594.55,599.94,600.93,613.19,614.95,614.99,618.06,796.9,,,,,,,,,,,,,,,,,,,565.0,574.99,574.99,574.99,575.0,579.94,580.0,589.94,599.93,599.93,599.95,780.0,,,,,,,,,,,,,,,,,,
2026-09-04 18:01:17,Pokemon 30th Celebration Mini Tin Display (Eng),single,49,307.45,330.94,340.94,358.58,349.87,371.17,364.1,307.45,330.94,340.94,342.25,368.9,372.42,379.86,379.9,388.19,396.9,397.4,,,,,,,,,,,,,,,,,,,,299.94,299.95,329.95,329.95,355.0,359.95,360.0,374.0,379.85,379.98,380.0,,,,,,,,,,,,,,,,,,,
2026-09-04 18:01:17,Pokemon Destined Rivals Booster Display (De),single,1317,272.19,277.18,277.19,274.37,275.91,283.47,284.85,272.19,277.18,277.19,281.19,282.19,283.79,284.85,286.19,286.19,286.19,287.09,287.78,292.18,292.38,296.19,297.08,297.09,297.18,297.19,297.19,297.19,302.18,304.85,304.89,305.19,305.54,305.98,306.18,306.19,306.19,265.0,265.0,268.99,269.99,270.0,274.0,275.0,279.0,279.0,279.0,279.88,279.9,279.9,284.99,289.0,289.89,289.9,289.99,289.99,290.0,290.0,290.0,294.99,298.0,298.99,299.0,299.0,299.0,299.0,299.9
2026-09-04 18:01:17,Pokemon Ascended Heroes Mini Tin Display (Eng),single,190,282.8,311.0,311.47,297.26,300.47,320.77,322.49,282.8,311.0,311.47,311.5,321.38,321.45,323.88,324.49,324.8,327.18,329.55,336.36,337.14,337.18,337.19,337.42,345.99,352.19,357.19,359.55,366.45,366.9,369.55,369.55,371.2,386.44,386.99,403.97,403.99,406.39,250.0,280.0,280.0,285.0,287.0,292.0,299.99,309.89,310.0,314.19,314.99,318.99,319.99,320.0,325.0,329.95,329.99,330.0,340.0,344.99,345.0,349.99,350.0,350.0,350.0,350.0,379.8,390.0,398.99,399.0
2026-09-04 18:01:17,Pokemon Ascended Heroes Booster Bundle Display (Eng),case,214,1030.0,1145.0,1176.0,1080.0,1089.99,1173.58,1176.0,1030.0,1145.0,1176.0,1186.6,1186.7,1199.0,1200.0,1200.0,1200.0,1236.69,1240.99,1250.0,1299.0,1300.0,1300.0,1300.0,1300.0,1320.0,1336.7,1336.7,1349.0,1350.0,1350.0,1350.0,1362.0,1399.99,1536.69,1563.73,1600.0,1600.0,930.0,1045.0,1076.0,1099.0,1100.0,1100.0,1100.0,1149.9,1150.0,1150.0,1198.99,1199.0,1199.99,1200.0,1200.0,1200.0,1200.0,1220.0,1249.0,1250.0,1250.0,1250.0,1262.0,1299.99,1300.0,1300.0,1499.99,1500.0,1500.0,1500.0
2026-09-04 18:01:17,Pokemon Ascended Heroes Pokemon Center ETB (Eng),single,291,367.19,367.42,370.39,371.75,388.4,398.88,415.26,367.19,367.42,370.39,376.19,385.39,395.39,411.5,413.1,413.73,425.39,455.19,455.38,461.5,463.72,467.42,467.69,469.19,469.55,471.9,476.47,489.55,492.19,497.18,497.19,499.55,499.55,503.79,507.19,518.55,519.55,345.0,350.0,350.0,360.0,360.0,369.0,370.0,375.0,390.0,399.99,400.0,429.99,439.0,440.0,448.0,449.95,450.0,450.0,450.0,462.0,470.0,480.0,480.0,485.0,485.0,489.99,490.0,499.0,499.0,499.0
2026-09-04 18:01:17,Pokemon Ascended Heroes Pokemon Center ETB (De),single,291,162.18,162.19,162.19,155.73,155.72,164.83,166.93,162.18,162.19,162.19,162.19,162.39,163.19,167.14,167.19,167.19,167.19,172.19,172.19,172.19,172.19,172.19,173.99,175.18,177.19,177.19,177.39,178.9,179.55,182.19,182.19,182.38,186.19,187.09,187.18,187.19,192.19,140.0,149.99,154.9,154.99,155.0,155.0,155.0,155.0,156.0,159.95,159.99,160.0,160.0,160.0,160.0,165.0,165.0,165.0,165.0,165.0,167.99,170.0,170.0,170.0,170.0,175.0,175.0,179.0,179.9,179.99
2026-09-04 18:01:17,Pokemon Ascended Heroes ETB (De),single,1436,110.69,111.19,112.19,109.37,109.69,116.56,116.88,110.69,111.19,112.19,116.18,117.18,117.19,117.19,117.19,117.19,118.19,118.3,120.09,120.14,120.18,120.18,120.19,121.09,121.14,121.19,121.19,122.14,122.19,122.19,122.19,122.19,122.19,122.19,122.19,122.19,122.19,103.5,104.0,105.0,108.99,109.99,110.0,110.0,110.0,110.0,111.0,111.11,112.9,112.95,112.99,112.99,113.0,113.9,113.95,114.0,114.0,114.95,115.0,115.0,115.0,115.0,115.0,115.0,115.0,115.0,115.0
2026-09-04 18:01:17,Pokemon Silver Tempest Booster Display (Eng),single,322,397.19,402.19,407.19,398.0,399.87,412.14,414.57,397.19,402.19,407.19,407.19,409.54,412.18,412.19,412.19,417.19,419.42,422.09,422.19,423.39,427.18,427.18,431.5,432.19,433.0,434.55,434.55,438.1,438.79,439.55,442.19,442.74,445.38,446.19,453.73,454.08,456.19,389.99,390.0,390.0,395.0,398.0,399.0,400.0,400.0,400.0,402.0,404.99,405.0,405.0,409.0,410.0,410.0,414.9,415.0,415.0,415.0,419.99,419.99,419.99,420.0,420.0,425.0,425.0,435.0,439.0,446.89
2026-09-04 18:01:17,Pokemon Lost Origin Booster Display (Eng),single,366,613.68,614.16,614.18,605.93,608.16,627.79,638.51,613.68,614.16,614.18,614.18,623.1,624.18,634.16,634.18,634.18,644.18,660.49,664.13,664.17,664.17,674.55,678.55,678.55,689.84,689.95,694.07,694.08,696.07,699.0,703.55,704.18,708.76,713.18,713.18,718.12,719.0,580.0,589.95,599.0,599.5,599.98,600.0,600.0,610.0,619.0,619.98,620.0,620.0,620.0,620.0,625.0,630.0,632.99,640.0,645.0,649.0,649.0,649.95,649.99,649.99,649.99,650.0,674.0,675.0,675.66,679.89
2026-09-04 18:01:17,Pokemon Chilling Reign Booster Display (Eng),single,175,386.19,405.18,417.5,409.23,415.19,430.43,432.74,386.19,405.18,417.5,422.5,424.09,425.39,431.5,437.18,438.1,447.19,447.19,447.45,447.5,449.55,464.55,466.42,469.55,469.55,469.55,471.85,503.72,504.85,507.19,507.19,510.4,518.55,519.55,521.5,522.5,563.73,379.0,395.0,397.99,400.0,400.0,400.0,409.0,416.9,424.95,425.0,429.99,430.0,439.99,440.0,440.0,445.0,449.0,450.0,450.0,450.0,450.0,499.0,499.0,499.9,499.9,500.0,500.0,500.0,500.0,500.0
2026-09-04 18:01:17,Pokemon Crown Zenith ETB (Eng),single,346,294.99,297.18,297.19,290.61,292.15,303.27,305.7,294.99,297.18,297.19,297.19,298.0,306.19,306.19,307.12,307.13,307.14,307.41,312.19,314.55,315.29,317.79,319.55,321.5,322.5,322.5,322.74,326.98,327.14,327.18,327.19,327.5,329.05,329.41,329.54,329.98,330.39,275.5,288.88,289.9,289.98,289.99,289.99,290.0,290.0,290.0,295.0,297.0,299.0,299.0,299.0,299.0,299.93,299.94,299.95,300.0,300.0,300.0,305.0,305.0,305.0,305.0,309.5,309.99,315.0,315.0,315.0
2026-09-04 18:01:17,Pokemon VSTAR Universe Booster Display (Jpn),single,710,176.88,177.09,177.19,166.45,167.3,179.17,180.48,176.88,177.09,177.19,177.46,177.99,178.19,178.98,179.19,182.18,182.19,182.19,183.19,184.55,184.68,185.19,187.19,188.79,189.5,191.19,192.09,192.19,192.19,193.1,194.18,194.55,194.55,194.55,196.46,197.14,197.18,155.0,159.99,160.0,160.0,165.0,167.0,169.69,169.9,169.99,170.0,170.0,171.0,172.0,174.99,174.99,175.0,175.0,175.0,175.0,175.0,175.0,176.0,177.49,178.0,180.0,180.0,184.0,184.0,184.9,185.0
2026-09-04 18:01:17,Pokemon Flareon VMAX Premium Collection EU Version (Eng),single,76,304.48,307.18,307.19,299.37,300.33,311.9,317.08,304.48,307.18,307.19,307.19,307.19,307.5,309.55,317.5,319.54,319.55,319.55,322.19,322.5,337.74,347.41,363.73,375.72,382.45,413.72,419.54,506.19,507.18,507.18,507.18,518.79,750.0,950.0,982.94,,,285.0,290.0,295.0,299.99,299.99,299.99,300.0,300.0,300.0,300.0,300.0,300.0,300.0,315.0,320.0,329.99,349.99,350.0,359.95,399.99,499.0,499.99,499.99,499.99,500.0,650.0,850.0,890.0,,
2026-09-04 18:01:17,Pokemon Jolteon VMAX Premium Collection EU Version (Eng),single,73,294.99,298.97,302.09,297.73,298.12,305.61,310.34,294.99,298.97,302.09,302.19,304.48,304.98,307.18,307.19,307.19,309.55,317.79,319.5,322.19,327.19,329.55,347.41,363.73,363.73,367.73,375.72,382.45,413.72,419.54,506.19,507.18,518.79,750.0,950.0,,,290.0,290.0,293.98,294.9,295.0,298.99,299.0,299.95,299.99,299.99,300.0,300.0,300.0,300.0,310.0,315.0,320.0,329.99,349.99,349.99,350.0,359.95,399.99,499.0,499.99,500.0,650.0,850.0,,
2026-09-04 18:01:17,Pokemon Vaporeon VMAX Premium Collection EU Version (Eng),single,63,319.5,319.99,322.19,319.25,325.39,331.68,340.84,319.5,319.99,322.19,327.18,327.19,327.19,327.79,337.19,337.19,347.5,354.19,357.18,357.19,363.73,387.41,413.72,419.54,422.45,425.72,457.18,506.19,518.79,850.0,950.0,954.55,982.94,,,,,299.95,300.0,309.0,315.0,315.0,319.99,320.0,320.0,325.0,330.0,330.0,347.0,349.99,349.99,350.0,369.99,399.95,399.99,400.0,449.99,499.0,500.0,750.0,850.0,890.0,925.0,,,,
2026-09-04 18:01:17,Pokemon Celebrations ETB (De),single,342,307.19,327.17,327.18,325.0,327.82,332.19,335.68,307.19,327.17,327.18,329.41,332.14,332.18,332.19,332.19,335.09,337.18,337.19,340.52,352.18,356.19,357.19,357.19,360.69,365.19,367.18,376.49,377.19,378.1,378.74,393.69,393.79,397.19,402.19,406.88,407.19,407.19,300.0,319.98,319.99,322.22,324.95,324.99,325.0,325.0,327.9,329.99,330.0,333.33,340.0,344.99,349.0,350.0,350.0,353.5,358.0,359.95,359.99,370.0,371.5,375.0,386.5,389.0,390.0,395.0,399.69,400.0
2026-09-04 18:01:17,Pokemon Champions Path ETB (Eng),single,159,147.19,152.19,155.19,148.5,151.13,162.74,164.83,147.19,152.19,155.19,157.18,157.19,164.18,164.99,167.19,167.19,168.78,172.19,172.5,174.24,176.1,176.19,176.19,177.19,178.1,179.55,182.5,183.1,184.97,186.18,186.19,189.5,193.19,193.99,194.5,194.5,197.18,140.0,143.0,145.0,145.0,148.0,149.99,149.99,150.0,150.0,150.0,156.99,159.0,160.0,160.0,160.0,160.0,164.75,165.0,169.0,169.0,169.95,169.99,170.0,174.95,174.95,179.0,179.95,179.99,179.99,180.0
2026-09-04 18:01:17,Pokemon Tag Team Pikachu & Zekrom GX Premium Collection (Eng),single,55,284.55,292.19,292.19,301.61,308.13,318.78,324.2,284.55,292.19,292.19,307.18,309.55,316.42,321.4,326.42,337.5,339.55,341.47,342.74,347.19,347.5,357.19,368.55,371.49,377.19,385.98,406.74,425.47,425.72,454.48,487.19,506.19,506.19,523.0,650.0,1014.18,,265.0,285.0,285.0,290.0,299.0,299.9,299.99,309.0,315.0,315.0,320.0,325.0,325.0,340.0,349.0,349.99,350.0,370.0,379.99,399.0,399.99,400.0,449.99,480.0,499.0,499.0,500.0,550.0,1000.0,
2026-09-04 18:01:17,Pokemon Tag Team Reshiram & Charizard GX Premium Collection (Eng),single,27,297.19,319.5,325.19,329.0,342.59,345.65,357.01,297.19,319.5,325.19,335.39,337.18,341.47,344.55,346.19,366.48,368.79,378.55,387.74,396.19,404.48,406.19,407.19,490.98,650.0,773.0,2214.13,,,,,,,,,,,290.0,299.95,310.0,315.0,318.0,325.0,329.99,339.0,344.98,350.0,359.0,370.0,389.0,399.0,399.99,400.0,479.99,550.0,750.0,2199.95,,,,,,,,,,
2026-09-04 18:01:17,Pokemon VMAX Climax Booster Display (Jpn),single,157,164.19,167.18,171.17,162.18,163.22,174.73,175.97,164.19,167.18,171.17,172.19,173.19,174.55,176.19,176.19,177.19,177.19,177.99,182.18,182.49,183.05,184.55,185.7,187.18,187.19,187.47,187.5,188.79,192.19,192.74,193.1,194.19,194.97,197.09,197.19,197.19,197.19,155.0,157.0,159.99,159.99,160.0,160.0,163.5,163.98,165.0,165.0,165.0,166.0,169.0,169.0,169.9,169.99,170.0,170.0,170.0,170.0,174.99,175.0,179.99,180.0,185.0,185.0,187.0,189.9,189.99,189.99
2026-09-04 18:01:17,Pokemon Battle Region Booster Display (Jpn),single,84,78.48,80.18,81.09,74.85,75.64,84.38,87.01,78.48,80.18,81.09,82.14,82.18,84.19,85.99,86.18,86.19,87.08,92.47,92.47,93.05,96.47,96.99,102.47,103.1,103.69,105.82,106.47,106.99,107.18,107.19,108.1,108.69,111.87,113.09,113.1,113.47,117.46,69.0,70.0,72.99,73.9,74.95,74.99,74.99,75.0,75.0,77.0,78.99,79.0,79.0,79.89,79.95,79.99,80.0,80.0,84.9,85.0,89.0,89.34,89.9,90.0,95.0,96.0,99.0,99.98,99.99,99.99
2026-09-04 18:01:17,Pokemon Clay Burst Booster Display (Jpn),single,256,92.19,95.19,96.47,88.37,89.4,100.7,102.03,92.19,95.19,96.47,97.19,98.1,99.19,101.99,102.19,103.98,106.47,106.48,107.18,107.19,107.46,109.25,110.35,112.37,112.98,112.98,113.1,113.47,115.08,117.09,117.18,117.18,118.65,118.99,119.14,122.5,125.79,79.0,85.0,85.0,85.0,88.0,89.0,89.99,90.0,90.0,90.0,92.0,93.16,94.9,95.0,95.0,96.0,99.88,99.88,99.99,99.99,100.0,100.0,100.0,105.0,107.89,109.9,109.99,109.99,109.99,111.95
2026-09-04 18:01:17,Pokemon Fusion Strike Booster Display (Eng),single,200,791.17,793.18,794.18,814.62,822.19,850.77,858.79,791.17,793.18,794.18,814.17,844.5,862.41,864.08,864.18,878.55,884.08,893.1,894.18,895.0,899.55,909.55,914.17,914.18,923.72,929.54,929.9,938.0,945.0,950.0,962.73,964.17,970.0,982.85,995.99,999.99,1000.0,776.99,779.0,780.0,795.0,795.0,799.99,814.95,838.0,845.0,849.0,849.9,850.0,850.0,850.0,859.99,869.9,870.0,870.0,880.0,880.0,895.99,899.0,899.9,899.99,899.99,899.99,900.0,900.0,900.0,949.99
2026-09-04 18:01:17,Pokemon Astral Radiance Booster Display (Eng),single,272,357.18,366.19,379.29,357.59,361.91,384.01,386.16,357.18,366.19,379.29,379.5,379.55,382.5,384.55,388.1,388.1,390.49,395.47,395.72,396.47,402.19,407.09,407.19,407.19,412.5,412.72,422.19,422.5,422.98,437.18,443.72,447.5,451.63,457.17,457.18,469.43,469.43,348.99,349.99,350.0,350.0,356.79,359.0,359.95,360.0,360.0,365.0,369.0,370.0,370.0,379.99,379.99,390.0,395.0,399.9,399.98,400.0,400.0,400.0,415.0,425.0,429.99,444.44,449.88,449.88,449.98,449.99
2026-09-04 18:01:17,Pokemon Lost Origin ETB (Eng),single,242,192.19,197.18,197.42,190.99,191.39,203.32,204.55,192.19,197.18,197.42,201.19,202.09,202.18,202.5,206.89,207.14,207.19,207.19,208.55,209.55,212.41,214.55,214.89,216.18,217.5,217.79,219.54,221.5,221.5,221.69,222.14,223.0,223.99,223.99,228.78,232.19,232.75,180.0,180.0,185.0,189.0,189.99,190.0,190.0,194.0,194.9,194.99,194.99,195.0,195.0,199.0,199.0,199.0,199.0,199.95,199.99,199.99,199.99,199.99,200.0,200.0,205.0,208.99,209.9,209.9,209.99,214.5
2026-09-04 18:01:17,Pokemon Crown Zenith Galarian Articuno Tin US Version (Eng),single,24,141.0,144.06,156.19,149.12,165.93,167.78,179.86,141.0,144.06,156.19,157.19,162.5,166.47,172.5,173.99,176.19,177.18,177.18,178.09,207.18,207.19,300.96,442.75,,,,,,,,,,,,,,,133.0,133.06,140.0,140.0,144.99,149.0,149.99,150.0,150.0,169.0,169.99,169.99,199.99,200.0,289.97,400.0,,,,,,,,,,,,,,
2026-09-04 18:01:17,Pokemon Crown Zenith Galarian Zapdos Tin US Version (Eng),single,28,132.99,134.19,135.18,130.94,136.83,145.41,150.51,132.99,134.19,135.18,137.18,137.42,144.08,149.1,151.63,152.5,156.19,157.18,157.19,163.09,172.5,177.18,207.18,227.19,442.75,,,,,,,,,,,,,116.0,120.0,124.99,127.0,127.99,129.99,129.99,130.0,133.08,144.44,149.0,149.99,150.0,150.0,169.99,199.99,220.0,400.0,,,,,,,,,,,,
2026-09-04 18:01:17,Pokemon Crown Zenith Galarian Moltres Tin US Version (Eng),single,20,157.0,157.19,167.14,156.24,176.71,174.74,196.99,157.0,157.19,167.14,167.18,172.5,172.5,172.75,177.18,182.18,186.47,193.09,202.75,207.18,442.75,,,,,,,,,,,,,,,,,130.0,149.0,150.0,150.0,150.0,159.95,159.99,159.99,160.0,160.0,169.99,174.99,199.99,400.0,,,,,,,,,,,,,,,,
2026-09-04 18:01:17,Pokemon 151 Zapdos ex Collection (Eng),single,196,122.19,126.18,126.19,120.62,121.52,134.78,136.38,122.19,126.18,126.19,126.19,133.0,137.09,137.18,138.05,138.73,141.79,142.42,143.04,143.05,143.09,147.5,147.5,147.74,152.19,152.5,157.18,157.19,158.1,158.19,162.75,163.05,163.1,163.1,168.0,172.49,197.5,109.0,109.99,115.0,118.99,119.0,119.0,120.0,123.0,124.95,125.0,125.0,125.0,129.0,129.9,129.94,129.95,129.99,130.0,130.0,130.0,134.9,145.0,149.95,149.99,149.99,150.0,150.0,150.0,151.0,175.0
2026-09-04 18:01:17,Pokemon 151 UPC (Eng),single,393,705.67,715.68,735.68,731.24,731.6,755.68,754.24,705.67,715.68,735.68,745.68,750.68,755.68,760.68,765.67,765.68,765.68,765.68,765.68,766.45,774.5,774.55,779.54,788.68,789.68,795.68,799.55,802.05,804.5,809.55,812.19,813.68,814.68,819.55,820.19,825.0,825.68,689.99,700.0,720.0,720.0,725.0,730.0,735.0,735.0,740.0,744.95,745.0,745.0,745.0,749.0,749.99,749.99,750.0,750.0,750.0,750.0,770.0,770.0,772.5,773.0,774.0,774.95,779.0,780.0,780.0,780.0
2026-09-04 18:01:17,Pokemon 151 UPC (De),single,393,655.68,660.68,665.68,689.87,700.52,705.55,716.2,655.68,660.68,665.68,690.68,695.67,710.67,715.63,715.67,715.68,734.68,740.58,744.68,765.63,765.68,765.68,805.9,805.9,805.9,812.98,814.68,815.17,815.67,815.67,895.68,898.95,899.0,915.67,915.67,915.67,949.99,640.0,645.0,650.0,675.0,679.99,694.99,699.95,699.99,700.0,719.0,724.9,729.0,749.95,750.0,750.0,798.95,799.0,799.0,799.49,799.99,799.99,799.99,800.0,800.0,800.0,849.99,850.0,850.0,880.0,899.99
2026-09-04 18:01:17,Pokemon 151 Booster Display (Jpn),single,535,274.99,275.18,276.19,269.0,269.58,278.87,279.47,274.99,275.18,276.19,276.89,277.18,277.18,277.19,282.07,282.1,282.18,282.19,282.19,282.19,282.19,282.19,282.19,282.19,282.19,283.79,284.55,287.19,287.19,287.19,287.19,290.98,290.99,292.18,294.18,294.55,297.18,260.0,265.0,265.0,267.99,269.0,269.99,269.99,269.99,270.0,270.0,270.0,271.9,274.88,274.99,275.0,275.0,275.0,275.0,275.0,275.0,275.0,275.0,275.0,275.0,277.9,279.0,280.0,280.0,280.0,280.0
2026-09-04 18:01:17,Pokemon Paradigm Trigger Booster Display (Jpn),single,172,114.18,116.19,127.09,120.24,121.45,132.98,133.05,114.18,116.19,127.09,127.19,129.19,132.47,136.09,137.18,137.19,137.47,138.1,138.1,140.14,141.19,143.98,147.09,147.19,147.42,148.0,151.42,152.19,153.1,156.19,156.19,157.46,157.75,163.05,166.19,166.37,171.98,106.99,109.0,115.0,115.0,119.9,120.0,120.0,122.0,125.0,125.0,125.0,128.9,129.99,130.0,130.0,132.95,134.0,134.0,139.9,139.99,139.99,140.0,140.0,140.0,145.0,148.9,149.0,149.0,149.95,159.0
2026-09-04 18:01:17,Pokemon Star Birth Booster Display (Jpn),single,110,122.19,131.19,132.19,126.55,127.69,136.25,137.79,122.19,131.19,132.19,132.19,133.14,136.19,137.18,137.99,138.98,142.14,143.05,143.09,145.18,145.9,146.18,146.19,147.19,147.5,149.19,156.19,157.19,157.19,157.47,161.47,164.48,166.47,167.47,167.99,182.19,183.1,115.0,120.0,124.0,125.0,125.0,125.0,125.95,128.48,129.0,129.95,129.99,129.99,134.95,134.99,137.99,138.99,139.0,140.0,140.0,142.0,144.0,149.0,149.0,150.0,150.0,150.0,150.0,150.0,159.99,175.0
2026-09-04 18:01:17,Pokemon Violet ex Booster Display (Jpn),single,207,73.08,77.18,77.18,68.36,69.62,79.64,81.79,73.08,77.18,77.18,77.18,77.19,78.1,79.69,81.89,82.69,83.18,84.78,87.18,87.47,88.09,91.99,92.98,92.98,93.05,93.09,93.88,94.24,94.53,94.88,95.08,95.89,96.79,96.89,97.19,98.09,102.19,64.9,64.99,65.0,65.89,65.99,69.99,69.99,69.99,70.0,70.0,70.0,72.5,74.99,75.0,75.0,75.5,75.99,77.54,78.9,79.88,79.88,79.9,79.95,79.99,79.99,79.99,80.0,80.0,87.89,89.0
2026-09-04 18:01:17,Pokemon Brilliant Stars Booster Display (De),single,218,337.19,341.18,342.14,338.83,348.9,348.56,360.34,337.19,341.18,342.14,343.79,344.09,344.85,347.14,352.14,357.18,357.19,373.73,384.89,386.19,387.19,406.19,407.18,446.19,454.97,456.69,486.19,488.79,502.19,503.17,506.19,506.87,507.18,518.78,518.79,604.13,1014.17,310.0,325.0,330.0,333.99,334.95,336.9,339.9,339.95,344.95,349.99,350.0,379.0,379.9,380.0,399.0,399.99,439.0,449.5,449.99,470.0,479.0,495.0,495.98,499.0,499.68,499.99,499.99,500.0,589.95,999.99
2026-09-04 18:01:17,Pokemon Lost Origin Booster Display (De),single,366,365.18,372.19,377.18,379.09,383.5,386.28,390.67,365.18,372.19,377.18,380.19,381.19,383.18,386.14,387.19,392.09,403.09,406.08,406.13,406.19,406.89,407.18,407.19,407.19,432.19,436.19,456.18,457.17,457.18,457.19,457.19,462.89,487.14,488.79,493.79,497.19,506.14,357.99,365.0,369.99,373.0,374.0,375.99,378.95,380.0,384.9,395.9,398.89,398.94,399.0,399.99,400.0,400.0,401.9,425.0,429.0,448.99,449.98,449.99,449.99,450.0,450.0,470.0,475.0,479.95,490.0,499.0
2026-09-04 18:01:17,Pokemon Twilight Masquerade Booster Display (De),single,289,252.19,256.14,258.79,266.06,272.51,276.27,281.88,252.19,256.14,258.79,272.08,272.14,277.09,277.19,278.74,287.07,287.09,288.78,302.13,304.98,306.87,306.87,318.79,407.18,1014.17,,,,,,,,,,,,,240.0,245.0,248.95,259.95,264.89,264.95,269.9,269.99,270.0,279.88,279.9,294.94,299.68,299.68,299.99,300.0,399.99,999.99,,,,,,,,,,,,
2026-09-04 18:01:17,Pokemon Prismatic Evolutions Mini Tin Display (Eng),single,327,262.19,264.55,265.18,247.89,247.74,269.13,270.54,262.19,264.55,265.18,265.79,267.99,269.44,270.47,270.8,270.91,272.5,272.5,274.4,276.45,277.19,277.75,281.0,281.18,282.5,284.85,286.18,286.5,286.68,287.18,289.54,292.19,292.74,294.55,297.17,297.19,297.45,235.0,235.0,244.0,244.44,245.0,249.89,249.9,249.9,249.99,249.99,250.0,250.0,250.0,255.0,257.99,259.9,259.99,260.0,264.0,269.99,270.0,273.99,275.0,278.99,279.49,279.9,279.9,279.95,279.99,280.0
2026-09-04 18:01:17,Pokemon Prismatic Evolutions Booster Bundle Display (Eng),case,194,1031.5,1056.5,1180.0,1100.0,1136.2,1164.92,1196.35,1031.5,1056.5,1180.0,1211.5,1211.7,1214.68,1236.7,1263.58,1271.7,1285.68,1285.7,1285.7,1293.86,1296.86,1300.0,1310.73,1320.73,1361.7,1365.55,1365.56,1386.7,1399.0,1400.0,1400.0,1400.0,1400.0,1415.67,1415.68,1425.0,1447.8,975.0,1000.0,1080.0,1145.0,1175.0,1189.0,1199.0,1199.0,1200.0,1200.0,1235.0,1247.0,1247.9,1249.0,1249.0,1250.0,1270.0,1299.0,1300.0,1300.0,1300.0,1300.0,1325.0,1325.0,1349.87,1349.88,1350.0,1350.0,1350.0,1350.0
2026-09-04 18:01:17,Pokemon Prismatic Evolutions ETB (De),single,1950,151.69,152.19,156.19,154.12,155.17,161.31,162.69,151.69,152.19,156.19,157.18,157.19,162.19,162.19,162.19,166.19,167.19,167.19,167.19,167.19,172.19,172.19,172.19,177.14,177.18,178.79,182.19,183.8,187.18,187.18,187.19,187.19,187.19,187.19,187.19,188.79,193.78,144.5,145.0,149.0,149.99,150.0,155.0,155.0,155.0,159.0,160.0,160.0,160.0,160.0,160.0,165.0,165.0,165.0,169.95,169.99,170.0,174.9,174.99,175.0,175.0,179.99,179.99,180.0,180.0,180.0,180.0
2026-09-04 18:01:17,Pokemon Prismatic Evolutions ETB (Eng),single,1950,179.55,183.54,184.5,166.6,166.99,185.57,186.36,179.55,183.54,184.5,184.5,184.5,184.55,184.55,186.07,187.42,188.5,189.54,189.55,189.55,189.55,189.55,189.55,189.85,192.19,192.42,192.5,192.87,193.0,193.98,193.98,193.99,193.99,194.5,194.54,194.54,194.54,160.0,162.0,163.99,164.95,164.95,165.0,165.0,168.95,169.99,170.0,170.0,170.0,170.0,170.0,170.0,170.0,170.0,170.0,172.0,174.99,174.99,174.99,175.0,175.0,175.0,175.0,175.0,175.0,179.0,179.99
2026-09-04 18:01:17,Prismatic Evolutions Super-Premium Collection (Eng),single,1802,284.76,287.77,288.69,273.49,276.23,291.38,294.13,284.76,287.77,288.69,288.77,288.93,289.55,289.77,294.55,294.77,295.98,298.55,299.55,302.9,303.69,303.69,304.05,307.89,308.54,308.64,308.69,308.69,317.99,318.69,318.77,319.5,319.5,319.54,319.77,321.9,322.49,264.99,268.0,269.0,270.0,270.0,270.0,275.0,275.0,279.0,279.94,280.0,280.0,284.5,288.99,289.0,289.99,295.0,295.0,299.0,299.9,299.95,299.95,299.95,299.99,299.99,299.99,300.0,300.0,300.0,309.95
2026-09-04 18:01:17,Prismatic Evolutions Super-Premium Collection (De),single,1802,213.66,213.67,213.68,206.99,208.19,216.3,217.39,213.66,213.67,213.68,213.69,213.69,215.69,217.68,218.59,218.69,218.69,218.69,219.68,220.69,221.4,222.69,223.69,223.69,224.77,228.69,228.69,228.69,228.69,233.59,238.19,238.69,238.69,238.69,238.69,241.2,241.21,204.97,204.98,204.99,205.0,205.0,205.0,207.0,208.99,209.9,210.0,210.0,210.0,210.99,212.0,214.0,214.9,215.0,215.0,219.99,220.0,220.0,220.0,220.0,220.0,220.0,224.9,227.5,229.5,230.0,230.0
2026-09-04 18:01:17,Pokemon Black Bolt & White Flare Unova Mini Tin Display (Eng),single,135,241.99,242.19,242.19,243.36,247.72,251.39,258.53,241.99,242.19,242.19,247.09,248.5,251.48,251.49,251.98,256.19,262.19,267.42,269.94,271.2,286.99,287.18,294.55,299.5,302.14,306.87,307.17,307.18,312.7,319.54,407.19,614.17,1014.17,,,,,224.0,235.0,235.0,236.0,239.9,245.0,245.99,245.99,249.0,249.99,250.0,255.0,259.99,269.95,275.0,279.8,279.95,279.99,294.95,299.68,299.98,299.99,299.99,400.0,599.99,999.99,,,,
2026-09-04 18:01:17,Pokemon Lost Abyss Booster Display (Jpn),single,115,217.47,234.48,235.19,232.87,234.72,246.73,249.76,217.47,234.48,235.19,240.94,242.19,242.19,248.78,252.19,255.19,257.14,257.18,258.79,264.55,268.0,272.19,283.73,289.19,289.55,294.55,297.18,306.19,307.17,307.18,307.18,307.19,313.73,318.1,318.78,329.99,352.19,200.0,219.95,220.0,228.0,229.99,229.99,235.0,235.0,240.0,245.0,245.0,245.0,248.0,249.95,249.99,250.0,265.0,270.0,275.0,280.0,282.0,289.99,289.99,293.9,299.0,299.0,299.98,299.99,299.99,299.99
2026-09-04 18:01:17,Pokemon Terastal Festival ex Booster Display (Jpn),single,941,112.19,112.47,115.99,102.12,104.39,119.04,119.84,112.19,112.47,115.99,116.45,116.47,117.19,118.05,122.19,122.99,122.99,123.0,123.1,123.1,125.19,126.19,126.19,127.08,127.18,127.18,127.18,127.19,127.19,127.98,128.09,132.1,132.18,133.09,133.09,133.18,133.49,95.0,98.98,99.0,99.0,99.0,100.0,104.95,105.0,105.0,105.0,109.99,110.0,110.0,110.0,114.99,115.0,115.0,116.0,118.0,119.0,119.0,119.89,119.99,119.99,119.99,119.99,120.0,120.0,120.0,120.0
2026-09-05 06:01:16,Pokemon Destined Rivals Booster Display (Eng),single,1317,357.42,365.47,366.19,347.86,346.79,372.07,372.28,357.42,365.47,366.19,367.4,373.0,373.9,373.9,373.9,373.9,374.39,374.39,376.47,376.47,377.0,380.47,381.5,382.42,382.42,382.49,383.5,383.55,383.79,383.9,384.24,384.5,384.9,386.06,386.07,386.19,386.47,329.99,339.0,340.0,344.9,349.0,349.0,350.0,350.0,350.0,350.0,350.0,350.0,350.0,350.0,350.0,354.0,359.0,359.99,360.0,360.0,360.0,361.0,364.0,365.0,365.0,365.0,365.0,365.0,367.0,368.99
2026-09-05 06:01:16,Pokemon Destined Rivals Booster Display Case (Eng),case,183,2250.73,2267.45,2289.99,2203.75,2228.3,2287.47,2299.59,2250.73,2267.45,2289.99,2292.45,2300.0,2300.0,2310.22,2311.17,2331.45,2342.45,2350.0,2400.0,2400.0,2400.0,2488.89,2500.0,2517.48,2518.47,2553.4,2553.4,2599.0,2599.89,2602.4,2641.45,2642.45,2692.45,2761.16,2761.17,2795.0,2800.0,2129.0,2189.99,2200.0,2200.0,2225.0,2250.0,2250.0,2250.0,2289.0,2300.0,2300.0,2300.0,2300.0,2300.0,2400.0,2450.0,2450.0,2479.0,2499.0,2499.0,2499.0,2499.89,2499.99,2599.0,2600.0,2645.0,2650.0,2650.0,2699.0,2699.99
2026-09-05 06:01:16,Pokemon Black Bolt ETB (Eng),single,504,140.18,140.19,141.5,130.42,130.68,145.6,146.57,140.18,140.19,141.5,142.17,142.19,146.55,147.19,148.0,148.55,148.69,149.42,149.9,151.1,151.42,151.5,152.18,152.19,152.6,152.98,153.0,153.59,153.59,153.6,153.6,155.99,156.14,156.44,157.09,157.09,157.18,120.0,125.0,125.0,127.5,129.9,130.0,132.0,132.95,132.99,132.99,133.0,134.0,134.95,134.98,135.0,135.0,137.5,139.0,139.9,139.99,139.99,139.99,140.0,140.0,140.0,140.0,140.0,140.0,143.9,144.5
2026-09-05 06:01:16,Pokemon Ascended Heroes ETB (Eng),single,1436,171.69,171.69,172.18,161.62,162.12,177.09,178.14,171.69,171.69,172.18,176.14,176.19,176.42,176.99,177.42,179.89,181.5,182.18,182.37,182.42,182.5,182.5,182.99,184.49,184.5,184.5,184.54,184.55,184.55,185.18,185.19,185.41,185.42,186.07,186.19,186.42,186.42,154.99,159.0,159.0,159.99,160.0,160.0,162.0,162.99,164.5,164.5,164.95,164.95,164.95,164.99,164.99,165.0,165.0,165.0,165.0,165.5,167.0,167.95,167.99,168.0,168.0,168.95,169.0,169.0,169.0,169.0
2026-09-05 06:01:16,Pokemon Ascended Heroes ETB Case (Eng),case,138,1791.45,1792.44,1792.45,1761.0,1780.7,1815.95,1833.25,1791.45,1792.44,1792.45,1837.45,1841.45,1842.45,1845.0,1861.16,1861.17,1867.45,1887.45,1892.45,1919.0,1947.8,1996.8,1997.8,2000.0,2000.0,2004.89,2017.48,2042.44,2042.45,2047.8,2049.99,2083.25,2090.0,2096.8,2096.8,2099.99,2099.99,1745.0,1749.0,1749.99,1750.0,1795.0,1799.0,1799.99,1800.0,1800.0,1819.0,1825.0,1845.0,1850.0,1850.0,1899.0,1900.0,1900.0,1900.0,1949.99,1950.0,1990.0,1995.0,1999.0,1999.0,1999.0,1999.99,1999.99,1999.99,2000.0,2000.0
2026-09-05 06:01:16,Pokemon 30th Celebration ETB (Eng),single,954,181.49,181.86,181.9,173.35,172.91,182.79,184.3,181.49,181.86,181.9,182.0,182.19,182.45,182.93,182.99,183.9,183.93,183.99,183.99,187.99,190.42,192.49,192.74,192.95,194.94,199.5,201.9,203.5,204.9,204.98,209.5,214.4,216.4,217.39,219.5,227.35,232.74,164.99,166.93,169.95,169.99,173.0,174.0,174.94,174.95,174.95,175.0,175.0,175.0,175.0,175.0,175.0,177.0,179.95,179.95,181.85,185.0,185.0,189.95,189.99,195.0,195.95,196.98,198.98,199.95,199.99,209.9
2026-09-05 06:01:16,Pokemon 30th Celebration Booster Bundle (Eng),single,384,101.38,101.43,101.73,95.78,95.8,107.21,110.64,101.38,101.43,101.73,102.4,104.98,107.99,108.9,109.98,110.5,111.19,114.98,117.17,123.19,133.1,,,,,,,,,,,,,,,,,84.99,89.99,93.51,93.93,94.0,94.9,94.94,97.49,97.5,99.95,99.98,99.99,99.99,99.99,,,,,,,,,,,,,,,,
2026-09-05 06:01:16,Pokemon 30th Celebration Umbreon UPC (Eng),single,81,598.93,599.95,600.93,599.84,613.39,616.46,630.62,598.93,599.95,600.93,609.55,609.98,614.95,617.13,617.9,628.06,633.19,639.98,796.9,,,,,,,,,,,,,,,,,,,580.0,589.94,589.94,599.0,599.94,599.95,599.98,599.99,600.0,609.93,612.0,780.0,,,,,,,,,,,,,,,,,,
2026-09-05 06:01:16,Pokemon 30th Celebration Espeon UPC (Eng),single,105,585.98,588.93,590.09,584.34,599.56,602.72,617.64,585.98,588.93,590.09,593.13,594.55,599.94,600.93,613.19,614.95,614.99,618.06,796.9,,,,,,,,,,,,,,,,,,,565.0,574.99,574.99,574.99,575.0,579.94,580.0,589.94,599.93,599.93,599.95,780.0,,,,,,,,,,,,,,,,,,
2026-09-05 06:01:16,Pokemon 30th Celebration Mini Tin Display (Eng),single,49,307.45,330.94,340.94,358.58,349.87,371.17,364.1,307.45,330.94,340.94,342.25,368.9,372.42,379.86,379.9,388.19,396.9,397.4,,,,,,,,,,,,,,,,,,,,299.94,299.95,329.95,329.95,355.0,359.95,360.0,374.0,379.85,379.98,380.0,,,,,,,,,,,,,,,,,,,
2026-09-05 06:01:16,Pokemon Destined Rivals Booster Display (De),single,1317,272.18,272.19,277.19,273.75,274.91,283.47,283.85,272.18,272.19,277.19,281.19,282.19,283.79,284.85,286.19,286.19,286.19,286.19,287.09,287.78,292.18,292.38,296.19,297.08,297.09,297.18,297.19,297.19,297.19,302.18,304.85,304.89,305.19,305.54,305.98,306.18,306.19,264.99,265.0,265.0,268.99,270.0,274.0,275.0,279.0,279.0,279.0,279.0,279.88,279.9,279.9,284.99,289.0,289.89,289.9,289.99,289.99,290.0,290.0,290.0,294.99,298.0,298.99,299.0,299.0,299.0,299.0
2026-09-05 06:01:16,Pokemon Ascended Heroes Mini Tin Display (Eng),single,190,282.8,311.0,311.47,297.88,301.8,320.77,323.02,282.8,311.0,311.47,311.5,321.38,321.45,323.88,324.49,324.8,327.18,336.36,337.14,337.18,337.19,337.42,345.99,352.19,357.19,359.55,366.45,366.9,369.55,369.55,371.2,386.44,386.99,403.97,403.99,406.39,407.08,250.0,280.0,280.0,285.0,287.0,292.0,299.99,309.89,314.19,314.99,318.99,319.99,320.0,325.0,329.95,329.99,330.0,340.0,344.99,345.0,349.99,350.0,350.0,350.0,350.0,379.8,390.0,398.99,399.0,399.89
2026-09-05 06:01:16,Pokemon Ascended Heroes Booster Bundle Display (Eng),case,214,1030.0,1145.0,1176.0,1080.0,1089.99,1173.58,1176.0,1030.0,1145.0,1176.0,1186.6,1186.7,1199.0,1200.0,1200.0,1200.0,1236.69,1240.99,1250.0,1299.0,1300.0,1300.0,1300.0,1300.0,1300.0,1320.0,1336.7,1336.7,1349.0,1350.0,1350.0,1362.0,1380.89,1399.99,1536.69,1563.73,1600.0,930.0,1045.0,1076.0,1099.0,1100.0,1100.0,1100.0,1149.9,1150.0,1150.0,1198.99,1199.0,1199.99,1200.0,1200.0,1200.0,1200.0,1200.0,1220.0,1249.0,1250.0,1250.0,1262.0,1299.99,1300.0,1300.0,1375.0,1499.99,1500.0,1500.0
2026-09-05 06:01:16,Pokemon Ascended Heroes Pokemon Center ETB (Eng),single,291,367.19,367.42,370.39,371.75,388.4,398.88,415.26,367.19,367.42,370.39,376.19,385.39,395.39,411.5,413.1,413.73,425.39,455.19,455.38,461.5,463.72,467.42,467.69,469.19,469.55,471.9,472.5,476.47,489.55,492.19,497.18,497.19,499.55,499.55,503.79,507.19,518.55,345.0,350.0,350.0,360.0,360.0,369.0,370.0,375.0,390.0,399.99,400.0,429.99,439.0,440.0,448.0,449.95,450.0,450.0,450.0,450.0,462.0,470.0,480.0,480.0,485.0,485.0,489.99,490.0,499.0,499.0
2026-09-05 06:01:16,Pokemon Ascended Heroes Pokemon Center ETB (De),single,291,153.6,157.19,162.18,156.23,156.65,167.82,168.61,153.6,157.19,162.18,162.39,167.14,167.19,167.19,172.08,172.19,172.19,172.19,173.99,175.18,177.19,177.19,178.9,179.55,182.19,182.38,186.19,187.18,187.18,187.19,192.19,196.47,196.48,197.09,197.18,197.19,203.1,140.0,140.0,149.99,150.0,154.9,154.99,159.95,159.99,160.0,160.0,160.0,164.89,165.0,165.0,165.0,167.99,170.0,170.0,170.0,170.0,175.0,179.0,179.99,179.99,180.0,185.0,189.69,189.9,189.99,189.99
2026-09-05 06:01:16,Pokemon Ascended Heroes ETB (De),single,1436,110.69,111.19,112.19,109.25,109.5,116.44,116.69,110.69,111.19,112.19,116.18,117.18,117.19,117.19,117.19,117.19,117.19,118.19,118.3,120.09,120.14,120.18,120.18,120.19,121.09,121.14,121.19,121.19,122.14,122.19,122.19,122.19,122.19,122.19,122.19,122.19,122.19,103.5,104.0,105.0,108.99,109.99,110.0,110.0,110.0,110.0,110.0,111.0,111.11,112.9,112.95,112.99,112.99,113.0,113.9,113.95,114.0,114.0,114.95,115.0,115.0,115.0,115.0,115.0,115.0,115.0,115.0
2026-09-05 06:01:16,Pokemon Silver Tempest Booster Display (Eng),single,324,402.19,407.19,407.19,401.75,403.86,415.58,418.36,402.19,407.19,407.19,412.18,412.19,412.19,417.19,419.42,422.09,422.19,423.39,427.18,427.18,431.5,432.19,433.0,434.55,434.55,438.79,438.99,439.55,442.19,442.74,445.38,446.19,453.73,454.08,456.19,457.19,457.19,390.0,395.0,398.0,399.0,400.0,400.0,402.0,404.99,405.0,405.0,409.0,410.0,410.0,414.9,415.0,415.0,415.0,419.99,419.99,419.99,420.0,420.0,424.99,425.0,425.0,435.0,439.0,446.89,449.0,449.0
2026-09-05 06:01:16,Pokemon Lost Origin Booster Display (Eng),single,354,614.16,614.18,614.18,612.37,617.39,647.46,654.63,614.16,614.18,614.18,634.16,634.18,644.18,660.49,664.13,664.17,664.17,674.55,678.55,678.55,689.84,689.95,694.07,694.08,696.07,699.0,703.55,704.18,708.76,713.1,713.18,713.18,718.12,719.0,720.0,720.0,725.0,589.95,599.0,599.98,600.0,600.0,619.0,619.98,620.0,620.0,620.0,625.0,630.0,632.99,640.0,645.0,649.0,649.0,649.95,649.99,649.99,649.99,650.0,670.0,674.0,675.0,675.66,679.89,679.9,680.0,690.0
2026-09-05 06:01:16,Pokemon Chilling Reign Booster Display (Eng),single,171,386.19,405.18,417.5,412.35,416.85,431.24,432.68,386.19,405.18,417.5,422.5,424.09,425.39,431.5,437.18,444.55,447.19,447.19,447.45,447.5,449.55,457.19,464.55,466.42,469.55,469.55,469.55,471.85,488.1,503.72,504.85,507.19,507.19,510.4,518.55,519.55,521.5,379.0,395.0,397.99,400.0,400.0,409.0,416.9,424.95,425.0,425.0,429.99,430.0,439.99,440.0,440.0,445.0,449.0,450.0,450.0,450.0,450.0,450.0,450.0,499.0,499.0,499.9,499.9,500.0,500.0,500.0
2026-09-05 06:01:16,Pokemon Crown Zenith ETB (Eng),single,347,294.99,297.18,297.19,290.62,293.12,303.17,304.86,294.99,297.18,297.19,297.19,297.19,306.19,306.19,307.12,307.13,307.14,307.19,307.41,312.19,313.99,314.55,315.29,317.79,319.55,321.5,322.5,322.5,322.74,326.98,327.14,327.18,327.19,327.5,329.05,329.41,329.54,288.88,289.9,289.98,289.99,289.99,290.0,290.0,290.0,290.0,295.0,297.0,299.0,299.0,299.0,299.0,299.93,299.94,299.95,299.99,300.0,300.0,300.0,300.0,305.0,305.0,305.0,305.0,309.5,309.99,315.0
2026-09-05 06:01:16,Pokemon VSTAR Universe Booster Display (Jpn),single,715,172.47,176.88,177.09,166.45,167.3,178.53,179.63,172.47,176.88,177.09,177.19,177.46,177.99,178.19,178.98,179.19,182.18,182.19,182.19,183.19,184.55,184.68,185.19,187.19,188.79,189.5,191.19,192.09,192.19,192.19,193.1,194.18,194.55,194.55,194.55,196.46,197.14,155.0,159.99,160.0,160.0,165.0,167.0,169.69,169.9,169.99,170.0,170.0,171.0,172.0,174.99,174.99,175.0,175.0,175.0,175.0,175.0,175.0,176.0,177.49,178.0,180.0,180.0,184.0,184.0,184.9,185.0
2026-09-05 06:01:16,Pokemon Flareon VMAX Premium Collection EU Version (Eng),single,76,304.48,307.18,307.19,300.0,303.0,313.15,320.7,304.48,307.18,307.19,307.19,307.19,307.5,317.5,319.54,319.55,319.55,322.19,322.5,337.74,347.41,363.73,375.72,382.45,413.72,419.54,506.19,507.18,507.18,507.18,518.79,750.0,950.0,982.94,,,,285.0,295.0,299.99,299.99,299.99,300.0,300.0,300.0,300.0,300.0,300.0,300.0,315.0,320.0,329.99,349.99,350.0,359.95,399.99,499.0,499.99,499.99,499.99,500.0,650.0,850.0,890.0,,,
2026-09-05 06:01:16,Pokemon Jolteon VMAX Premium Collection EU Version (Eng),single,72,294.99,298.97,302.09,298.48,299.79,306.64,312.86,294.99,298.97,302.09,302.19,304.48,304.98,307.18,307.19,307.19,317.79,319.5,322.19,327.19,329.55,347.41,363.73,363.73,367.73,375.72,382.45,413.72,419.54,506.19,507.18,518.79,750.0,950.0,,,,290.0,293.98,294.9,295.0,298.99,299.0,299.95,299.99,299.99,300.0,300.0,300.0,300.0,310.0,315.0,320.0,329.99,349.99,349.99,350.0,359.95,399.99,499.0,499.99,500.0,650.0,850.0,,,
2026-09-05 06:01:16,Pokemon Vaporeon VMAX Premium Collection EU Version (Eng),single,63,319.5,319.99,322.19,319.25,325.39,331.68,340.84,319.5,319.99,322.19,327.18,327.19,327.19,327.79,337.19,337.19,347.5,354.19,357.18,357.19,363.73,387.41,413.72,419.54,422.45,425.72,457.18,506.19,518.79,850.0,950.0,954.55,982.94,,,,,299.95,300.0,309.0,315.0,315.0,319.99,320.0,320.0,325.0,330.0,330.0,347.0,349.99,349.99,350.0,369.99,399.95,399.99,400.0,449.99,499.0,500.0,750.0,850.0,890.0,925.0,,,,
2026-09-05 06:01:16,Pokemon Celebrations ETB (De),single,350,307.19,327.17,327.18,325.0,327.82,332.19,335.68,307.19,327.17,327.18,329.41,332.14,332.18,332.19,332.19,335.09,337.18,337.19,340.52,352.18,356.19,357.19,357.19,360.69,365.19,367.18,376.49,377.19,378.1,378.74,393.69,393.79,397.19,402.19,406.88,407.19,407.19,300.0,319.98,319.99,322.22,324.95,324.99,325.0,325.0,327.9,329.99,330.0,333.33,340.0,344.99,349.0,350.0,350.0,353.5,358.0,359.95,359.99,370.0,371.5,375.0,386.5,389.0,390.0,395.0,399.69,400.0
2026-09-05 06:01:16,Pokemon Champions Path ETB (Eng),single,160,147.19,152.19,155.19,148.5,150.46,162.74,164.69,147.19,152.19,155.19,157.18,157.19,164.18,164.99,167.19,167.19,168.78,172.19,172.5,173.99,174.24,176.1,176.19,176.19,177.19,177.19,178.1,179.55,182.5,183.1,184.97,186.18,186.19,189.5,193.19,193.99,194.5,140.0,143.0,145.0,145.0,148.0,149.99,149.99,149.99,150.0,150.0,150.0,156.99,159.0,160.0,160.0,160.0,160.0,164.75,165.0,169.0,169.0,169.95,169.99,170.0,170.0,174.95,174.95,179.0,179.95,179.99
2026-09-05 06:01:16,Pokemon Tag Team Pikachu & Zekrom GX Premium Collection (Eng),single,55,284.55,292.19,292.19,301.61,308.13,318.78,324.2,284.55,292.19,292.19,307.18,309.55,316.42,321.4,326.42,337.5,339.55,341.47,342.74,347.19,347.5,357.19,368.55,371.49,377.19,385.98,406.74,425.47,425.72,454.48,487.19,506.19,506.19,523.0,650.0,1014.18,,265.0,285.0,285.0,290.0,299.0,299.9,299.99,309.0,315.0,315.0,320.0,325.0,325.0,340.0,349.0,349.99,350.0,370.0,379.99,399.0,399.99,400.0,449.99,480.0,499.0,499.0,500.0,550.0,1000.0,
2026-09-05 06:01:16,Pokemon Tag Team Reshiram & Charizard GX Premium Collection (Eng),single,26,297.19,319.5,325.19,329.0,342.59,345.65,357.01,297.19,319.5,325.19,335.39,337.18,341.47,344.55,346.19,366.48,368.79,378.55,387.74,396.19,404.48,406.19,407.19,490.98,650.0,773.0,2214.13,,,,,,,,,,,290.0,299.95,310.0,315.0,318.0,325.0,329.99,339.0,344.98,350.0,359.0,370.0,389.0,399.0,399.99,400.0,479.99,550.0,750.0,2199.95,,,,,,,,,,
2026-09-05 06:01:16,Pokemon VMAX Climax Booster Display (Jpn),single,157,164.19,167.18,171.17,162.18,163.22,174.73,175.97,164.19,167.18,171.17,172.19,173.19,174.55,176.19,176.19,177.19,177.19,177.99,182.18,182.49,183.05,184.55,185.7,187.18,187.19,187.47,187.5,188.79,192.19,192.74,193.1,194.19,194.97,197.09,197.19,197.19,197.19,155.0,157.0,159.99,159.99,160.0,160.0,163.5,163.98,165.0,165.0,165.0,166.0,169.0,169.0,169.9,169.99,170.0,170.0,170.0,170.0,174.99,175.0,179.99,180.0,185.0,185.0,187.0,189.9,189.99,189.99
2026-09-05 06:01:16,Pokemon Battle Region Booster Display (Jpn),single,84,78.48,80.18,81.09,74.85,75.64,84.38,87.01,78.48,80.18,81.09,82.14,82.18,84.19,85.99,86.18,86.19,87.08,92.47,92.47,93.05,96.47,96.99,102.47,103.1,103.69,105.82,106.47,106.99,107.18,107.19,108.1,108.69,111.87,113.09,113.1,113.47,117.46,69.0,70.0,72.99,73.9,74.95,74.99,74.99,75.0,75.0,77.0,78.99,79.0,79.0,79.89,79.95,79.99,80.0,80.0,84.9,85.0,89.0,89.34,89.9,90.0,95.0,96.0,99.0,99.98,99.99,99.99
2026-09-05 06:01:16,Pokemon Clay Burst Booster Display (Jpn),single,255,92.19,95.19,96.47,88.37,89.4,100.7,102.03,92.19,95.19,96.47,97.19,98.1,99.19,101.99,102.19,103.98,106.47,106.48,107.18,107.19,107.46,109.25,110.35,112.37,112.98,112.98,113.1,113.47,115.08,117.09,117.18,117.18,118.65,118.99,119.14,122.5,125.79,79.0,85.0,85.0,85.0,88.0,89.0,89.99,90.0,90.0,90.0,92.0,93.16,94.9,95.0,95.0,96.0,99.88,99.88,99.99,99.99,100.0,100.0,100.0,105.0,107.89,109.9,109.99,109.99,109.99,111.95
2026-09-05 06:01:16,Pokemon Fusion Strike Booster Display (Eng),single,199,791.17,793.18,794.18,814.62,821.52,851.9,860.8,791.17,793.18,794.18,814.17,844.5,862.41,864.08,864.18,878.55,893.1,894.18,895.0,899.55,909.55,914.17,914.18,923.72,929.54,929.9,938.0,945.0,950.0,950.0,962.73,964.17,970.0,982.85,995.99,999.99,1000.0,776.99,779.0,780.0,795.0,795.0,799.99,814.95,838.0,845.0,849.0,849.9,850.0,850.0,850.0,850.0,859.99,870.0,870.0,880.0,880.0,895.99,899.0,899.9,899.99,899.99,899.99,900.0,900.0,900.0,949.99
2026-09-05 06:01:16,Pokemon Astral Radiance Booster Display (Eng),single,276,357.18,360.48,366.19,356.34,360.25,380.97,383.05,357.18,360.48,366.19,379.29,379.5,379.55,382.5,384.55,388.1,388.1,390.49,395.47,395.72,396.47,402.19,407.09,407.19,407.19,412.72,422.19,422.5,422.98,437.18,443.72,447.5,451.63,457.17,457.18,469.43,469.43,348.99,349.99,350.0,350.0,354.99,356.79,359.0,359.95,360.0,360.0,365.0,369.0,370.0,370.0,379.99,379.99,395.0,399.9,399.98,400.0,400.0,400.0,415.0,425.0,429.99,444.44,449.88,449.88,449.98,449.99
2026-09-05 06:01:16,Pokemon Lost Origin ETB (Eng),single,234,192.19,197.18,197.42,188.5,189.52,202.88,203.43,192.19,197.18,197.42,201.19,202.09,202.18,202.5,204.55,206.19,206.89,207.14,207.19,207.19,208.55,208.99,209.55,212.41,214.55,214.89,216.18,217.5,217.79,219.54,221.5,221.5,221.69,222.14,223.0,223.99,223.99,180.0,180.0,184.99,185.0,185.0,189.0,189.99,190.0,190.0,194.0,194.9,194.99,194.99,195.0,195.0,199.0,199.0,199.0,199.0,199.0,199.95,199.99,199.99,199.99,199.99,200.0,200.0,205.0,208.99,209.9
2026-09-05 06:01:16,Pokemon Crown Zenith Galarian Articuno Tin US Version (Eng),single,24,141.0,144.06,156.19,149.12,165.93,167.78,179.86,141.0,144.06,156.19,157.19,162.5,166.47,172.5,173.99,176.19,177.18,177.18,178.09,207.18,207.19,300.96,442.75,,,,,,,,,,,,,,,133.0,133.06,140.0,140.0,144.99,149.0,149.99,150.0,150.0,169.0,169.99,169.99,199.99,200.0,289.97,400.0,,,,,,,,,,,,,,
2026-09-05 06:01:16,Pokemon Crown Zenith Galarian Zapdos Tin US Version (Eng),single,30,132.99,134.19,135.18,130.94,136.83,145.41,150.51,132.99,134.19,135.18,137.18,137.42,144.08,149.1,151.63,152.5,156.19,157.18,157.19,163.09,172.5,177.18,207.18,227.19,442.75,,,,,,,,,,,,,116.0,120.0,124.99,127.0,127.99,129.99,129.99,130.0,133.08,144.44,149.0,149.99,150.0,150.0,169.99,199.99,220.0,400.0,,,,,,,,,,,,
2026-09-05 06:01:16,Pokemon Crown Zenith Galarian Moltres Tin US Version (Eng),single,19,157.0,157.19,167.14,156.24,176.71,174.74,196.99,157.0,157.19,167.14,167.18,172.5,172.5,172.75,177.18,182.18,186.47,193.09,202.75,207.18,442.75,,,,,,,,,,,,,,,,,130.0,149.0,150.0,150.0,150.0,159.95,159.99,159.99,160.0,160.0,169.99,174.99,199.99,400.0,,,,,,,,,,,,,,,,
2026-09-05 06:01:16,Pokemon 151 Zapdos ex Collection (Eng),single,196,122.19,126.18,126.19,120.62,121.85,135.32,137.01,122.19,126.18,126.19,126.19,133.0,137.09,137.18,138.73,141.79,142.42,143.04,143.05,143.09,147.5,147.5,147.74,152.19,152.5,157.18,157.19,158.1,158.19,162.75,163.05,163.1,163.1,168.0,172.49,197.5,222.5,109.0,109.99,115.0,118.99,119.0,119.0,120.0,123.0,125.0,125.0,125.0,129.0,129.9,129.94,129.95,129.99,130.0,130.0,130.0,134.9,145.0,149.95,149.99,149.99,150.0,150.0,150.0,151.0,175.0,199.95
2026-09-05 06:01:16,Pokemon 151 UPC (Eng),single,393,705.67,714.68,715.68,725.62,728.87,749.43,751.2,705.67,714.68,715.68,735.68,745.68,750.68,755.68,760.68,765.67,765.68,765.68,765.68,765.68,766.45,788.68,789.68,795.68,799.55,802.05,804.5,809.55,812.19,813.68,814.68,819.55,820.19,825.0,825.68,829.55,829.55,689.99,699.0,700.0,720.0,720.0,725.0,730.0,735.0,735.0,740.0,745.0,745.0,749.0,749.99,750.0,750.0,750.0,750.0,770.0,770.0,772.5,773.0,774.0,774.95,779.0,780.0,780.0,780.0,780.0,785.0
2026-09-05 06:01:16,Pokemon 151 UPC (De),single,393,655.68,660.68,665.68,689.87,700.52,705.55,716.2,655.68,660.68,665.68,690.68,695.67,710.67,715.63,715.67,715.68,734.68,740.58,744.68,765.63,765.68,765.68,805.9,805.9,805.9,812.98,814.68,815.17,815.67,815.67,895.68,898.95,899.0,915.67,915.67,915.67,949.99,640.0,645.0,650.0,675.0,679.99,694.99,699.95,699.99,700.0,719.0,724.9,729.0,749.95,750.0,750.0,798.95,799.0,799.0,799.49,799.99,799.99,799.99,800.0,800.0,800.0,849.99,850.0,850.0,880.0,899.99
2026-09-05 06:01:16,Pokemon 151 Booster Display (Jpn),single,535,270.99,274.99,275.18,268.87,268.18,278.0,278.73,270.99,274.99,275.18,276.19,276.89,277.18,277.18,277.19,282.07,282.1,282.18,282.19,282.19,282.19,282.19,282.19,282.19,282.19,282.19,283.79,287.19,287.19,287.19,287.19,289.99,290.98,290.99,292.18,294.18,294.55,250.0,260.0,265.0,267.99,269.0,269.0,269.99,269.99,269.99,270.0,270.0,270.0,271.9,274.88,274.99,275.0,275.0,275.0,275.0,275.0,275.0,275.0,275.0,275.0,275.0,277.9,279.0,280.0,280.0,280.0
2026-09-05 06:01:16,Pokemon Paradigm Trigger Booster Display (Jpn),single,172,114.18,116.19,127.09,120.24,121.45,132.98,133.05,114.18,116.19,127.09,127.19,129.19,132.47,136.09,137.18,137.19,137.47,138.1,138.1,140.14,141.19,143.98,147.09,147.19,147.42,148.0,151.42,152.19,153.1,156.19,156.19,157.46,157.75,163.05,166.19,166.37,171.98,106.99,109.0,115.0,115.0,119.9,120.0,120.0,122.0,125.0,125.0,125.0,128.9,129.99,130.0,130.0,132.95,134.0,134.0,139.9,139.99,139.99,140.0,140.0,140.0,145.0,148.9,149.0,149.0,149.95,159.0
2026-09-05 06:01:16,Pokemon Star Birth Booster Display (Jpn),single,110,122.19,131.19,132.19,126.55,127.69,136.25,137.79,122.19,131.19,132.19,132.19,133.14,136.19,137.18,137.99,138.98,142.14,143.05,143.09,145.18,145.9,146.18,146.19,147.19,147.5,149.19,156.19,157.19,157.19,157.47,161.47,164.48,166.47,167.47,167.99,182.19,183.1,115.0,120.0,124.0,125.0,125.0,125.0,125.95,128.48,129.0,129.95,129.99,129.99,134.95,134.99,137.99,138.99,139.0,140.0,140.0,142.0,144.0,149.0,149.0,150.0,150.0,150.0,150.0,150.0,159.99,175.0
2026-09-05 06:01:16,Pokemon Violet ex Booster Display (Jpn),single,209,73.08,77.18,77.18,68.36,69.62,79.64,81.79,73.08,77.18,77.18,77.18,77.19,78.1,79.69,81.89,82.69,83.18,84.78,87.18,87.47,88.09,91.99,92.98,92.98,93.05,93.09,93.88,94.24,94.53,94.88,95.08,95.89,96.79,96.89,97.19,98.09,102.19,64.9,64.99,65.0,65.89,65.99,69.99,69.99,69.99,70.0,70.0,70.0,72.5,74.99,75.0,75.0,75.5,75.99,77.54,78.9,79.88,79.88,79.9,79.95,79.99,79.99,79.99,80.0,80.0,87.89,89.0
2026-09-05 06:01:16,Pokemon Brilliant Stars Booster Display (De),single,214,341.18,342.14,342.19,341.46,354.23,352.31,364.9,341.18,342.14,342.19,344.09,344.85,347.14,352.14,357.18,357.19,373.73,384.89,386.19,387.19,406.19,407.18,446.19,454.97,456.69,486.19,488.79,502.19,503.17,506.19,506.87,507.18,518.78,518.79,604.13,1014.17,1514.18,310.0,333.99,334.95,335.0,336.9,339.9,339.95,344.95,349.99,350.0,379.0,379.9,380.0,399.0,399.99,439.0,449.5,449.99,470.0,479.0,495.0,495.98,499.0,499.68,499.99,499.99,500.0,589.95,999.99,1500.0
2026-09-05 06:01:16,Pokemon Lost Origin Booster Display (De),single,354,365.18,372.19,377.18,381.58,384.91,388.77,392.08,365.18,372.19,377.18,380.19,381.19,383.18,387.19,392.09,403.09,406.08,406.13,406.19,406.89,407.18,407.19,407.19,432.19,436.19,456.18,457.17,457.18,457.19,457.19,462.89,487.14,488.79,493.79,497.19,506.14,506.19,357.99,365.0,369.99,373.0,374.0,375.99,380.0,384.9,395.9,398.89,398.94,399.0,399.99,400.0,400.0,401.9,425.0,429.0,448.99,449.98,449.99,449.99,450.0,450.0,470.0,475.0,479.95,490.0,499.0,499.0
2026-09-05 06:01:16,Pokemon Twilight Masquerade Booster Display (De),single,289,252.19,256.14,258.79,264.2,270.18,274.41,279.56,252.19,256.14,258.79,272.08,272.14,272.19,277.09,277.19,278.74,287.07,287.09,288.78,302.13,304.98,306.87,306.87,318.79,407.18,1014.17,,,,,,,,,,,,240.0,245.0,248.95,259.95,264.89,264.95,265.0,269.9,269.99,270.0,279.88,279.9,294.94,299.68,299.68,299.99,300.0,399.99,999.99,,,,,,,,,,,
2026-09-05 06:01:16,Pokemon Prismatic Evolutions Mini Tin Display (Eng),single,327,262.19,264.55,265.18,247.89,247.74,269.13,270.54,262.19,264.55,265.18,265.79,267.99,269.44,270.47,270.8,270.91,272.5,272.5,274.4,276.45,277.19,277.75,281.0,281.18,282.5,284.85,286.18,286.5,286.68,287.18,289.54,292.19,292.74,294.55,297.17,297.19,297.45,235.0,235.0,244.0,244.44,245.0,249.89,249.9,249.9,249.99,249.99,250.0,250.0,250.0,255.0,257.99,259.9,259.99,260.0,264.0,269.99,270.0,273.99,275.0,278.99,279.49,279.9,279.9,279.95,279.99,280.0
2026-09-05 06:01:16,Pokemon Prismatic Evolutions Booster Bundle Display (Eng),case,194,1031.5,1056.5,1136.7,1081.25,1126.2,1146.17,1181.46,1031.5,1056.5,1136.7,1180.0,1211.5,1211.7,1214.68,1236.7,1263.58,1271.7,1285.68,1285.7,1285.7,1293.86,1296.86,1300.0,1310.73,1320.73,1350.0,1354.89,1361.7,1365.55,1365.56,1386.7,1399.0,1400.0,1400.0,1400.0,1400.0,1415.67,975.0,1000.0,1080.0,1100.0,1145.0,1175.0,1189.0,1199.0,1199.0,1200.0,1200.0,1235.0,1247.0,1247.9,1249.0,1249.0,1250.0,1250.0,1270.0,1299.0,1300.0,1300.0,1300.0,1300.0,1325.0,1325.0,1349.0,1349.87,1349.88,1350.0
2026-09-05 06:01:16,Pokemon Prismatic Evolutions ETB (De),single,1950,151.69,152.19,156.19,152.75,154.1,159.94,161.62,151.69,152.19,156.19,156.19,157.18,157.19,162.19,162.19,162.19,166.19,167.19,167.19,167.19,167.19,172.19,172.19,177.14,177.18,178.79,182.19,183.8,187.18,187.18,187.19,187.19,187.19,187.19,187.19,188.79,193.78,144.5,145.0,149.0,149.0,149.99,150.0,155.0,155.0,155.0,159.0,160.0,160.0,160.0,160.0,160.0,165.0,165.0,169.95,169.99,170.0,174.9,174.99,175.0,175.0,179.99,179.99,180.0,180.0,180.0,180.0
2026-09-05 06:01:16,Pokemon Prismatic Evolutions ETB (Eng),single,1950,178.0,179.55,183.54,165.48,165.92,184.65,185.29,178.0,179.55,183.54,184.5,184.5,184.5,184.55,184.55,184.97,186.07,187.42,188.5,189.54,189.55,189.55,189.55,189.55,189.55,189.85,191.5,192.19,192.42,192.5,192.87,193.98,193.98,193.99,193.99,194.5,194.54,155.0,160.0,162.0,163.99,164.95,164.95,165.0,165.0,168.95,169.0,169.99,170.0,170.0,170.0,170.0,170.0,170.0,170.0,170.0,172.0,174.99,174.99,174.99,175.0,175.0,175.0,175.0,175.0,175.0,179.0
2026-09-05 06:01:16,Prismatic Evolutions Super-Premium Collection (Eng),single,1802,284.76,287.77,288.69,271.73,274.02,290.55,292.58,284.76,287.77,288.69,288.77,288.93,289.55,289.62,289.77,294.54,294.55,294.77,295.98,298.55,299.55,302.9,303.69,303.69,304.05,307.89,308.54,308.64,308.69,308.69,317.99,318.69,318.77,319.5,319.54,319.77,321.9,264.99,268.0,269.0,269.85,270.0,270.0,270.0,274.99,275.0,275.0,279.0,279.94,280.0,280.0,284.5,288.99,289.0,289.99,295.0,295.0,299.0,299.9,299.95,299.95,299.99,299.99,299.99,300.0,300.0,300.0
2026-09-05 06:01:16,Prismatic Evolutions Super-Premium Collection (De),single,1802,211.69,212.59,213.66,205.74,207.05,215.06,216.34,211.69,212.59,213.66,213.67,213.68,213.69,213.69,215.69,217.68,218.69,218.69,218.69,219.68,220.69,222.69,223.69,223.69,224.77,228.69,228.69,228.69,228.69,233.59,238.19,238.69,238.69,238.69,238.69,241.2,241.21,203.0,203.9,204.97,204.98,204.99,205.0,205.0,205.0,207.0,208.99,210.0,210.0,210.0,210.99,212.0,214.0,215.0,215.0,219.99,220.0,220.0,220.0,220.0,220.0,220.0,224.9,227.5,229.5,230.0,230.0
2026-09-05 06:01:16,Pokemon Black Bolt & White Flare Unova Mini Tin Display (Eng),single,135,241.99,242.19,242.19,243.36,247.72,251.39,258.53,241.99,242.19,242.19,247.09,248.5,251.48,251.49,251.98,256.19,262.19,267.42,269.94,271.2,286.99,287.18,294.55,299.5,302.14,306.87,307.17,307.18,312.7,319.54,407.19,614.17,1014.17,,,,,224.0,235.0,235.0,236.0,239.9,245.0,245.99,245.99,249.0,249.99,250.0,255.0,259.99,269.95,275.0,279.8,279.95,279.99,294.95,299.68,299.98,299.99,299.99,400.0,599.99,999.99,,,,
2026-09-05 06:01:16,Pokemon Lost Abyss Booster Display (Jpn),single,119,217.47,234.48,235.19,232.87,234.72,246.73,249.76,217.47,234.48,235.19,240.94,242.19,242.19,248.78,252.19,255.19,257.14,257.18,258.79,264.55,268.0,272.19,283.73,289.19,289.55,294.55,297.18,306.19,307.17,307.18,307.18,307.19,313.73,318.1,318.78,329.99,352.19,200.0,219.95,220.0,228.0,229.99,229.99,235.0,235.0,240.0,245.0,245.0,245.0,248.0,249.95,249.99,250.0,265.0,270.0,275.0,280.0,282.0,289.99,289.99,293.9,299.0,299.0,299.98,299.99,299.99,299.99
2026-09-05 06:01:16,Pokemon Terastal Festival ex Booster Display (Jpn),single,941,112.47,115.99,116.45,102.74,105.06,119.92,120.77,112.47,115.99,116.45,116.47,117.19,118.05,122.19,122.99,122.99,123.0,123.1,123.1,125.19,126.19,126.19,127.08,127.18,127.18,127.18,127.19,127.19,127.98,128.09,132.1,132.18,133.09,133.09,133.18,133.49,134.85,95.0,98.98,99.0,99.0,99.0,100.0,104.95,105.0,105.0,109.99,110.0,110.0,110.0,114.99,115.0,115.0,116.0,118.0,119.0,119.0,119.89,119.99,119.99,119.99,119.99,120.0,120.0,120.0,120.0,120.0
2026-09-05 18:01:26,Pokemon Destined Rivals Booster Display (Eng),single,1274,357.42,365.99,366.19,349.12,347.53,371.31,371.1,357.42,365.99,366.19,367.5,369.55,372.5,373.0,373.9,373.9,373.9,373.9,374.39,374.39,374.55,375.39,376.47,376.47,378.9,380.47,381.5,382.42,382.49,383.0,383.5,383.55,383.79,383.9,384.5,384.9,386.06,329.99,340.0,345.0,349.0,349.0,350.0,350.0,350.0,350.0,350.0,350.0,350.0,350.0,350.0,350.0,350.0,350.0,354.0,355.0,355.0,359.0,359.99,360.0,360.0,360.0,360.0,360.0,361.0,364.0,365.0
2026-09-05 18:01:26,Pokemon Destined Rivals Booster Display Case (Eng),case,180,2250.73,2267.45,2289.99,2203.75,2228.3,2287.47,2299.59,2250.73,2267.45,2289.99,2292.45,2300.0,2300.0,2310.22,2311.17,2331.45,2342.45,2350.0,2400.0,2400.0,2400.0,2488.89,2500.0,2517.48,2518.47,2553.4,2553.4,2599.0,2599.89,2602.4,2641.45,2642.45,2692.45,2761.16,2761.17,2795.0,2800.0,2129.0,2189.99,2200.0,2200.0,2225.0,2250.0,2250.0,2250.0,2289.0,2300.0,2300.0,2300.0,2300.0,2300.0,2400.0,2450.0,2450.0,2479.0,2499.0,2499.0,2499.0,2499.89,2499.99,2599.0,2600.0,2645.0,2650.0,2650.0,2699.0,2699.99
2026-09-05 18:01:26,Pokemon Black Bolt ETB (Eng),single,504,140.18,140.19,140.99,131.42,131.68,145.54,146.54,140.18,140.19,140.99,142.17,142.19,146.55,147.19,148.0,148.55,148.69,149.42,149.9,151.1,151.42,151.5,152.14,152.18,152.19,152.6,152.98,153.0,153.59,153.59,153.6,153.6,155.99,156.14,156.44,157.09,157.09,125.0,125.0,127.5,129.9,130.0,132.0,132.95,132.99,132.99,133.0,134.0,134.95,134.98,135.0,135.0,135.0,137.5,139.0,139.9,139.99,139.99,139.99,140.0,140.0,140.0,140.0,140.0,140.0,143.9,144.5
2026-09-05 18:01:26,Pokemon Ascended Heroes ETB (Eng),single,1390,171.69,171.69,172.18,163.22,162.98,178.47,178.93,171.69,171.69,172.18,176.14,176.19,176.42,179.89,182.18,182.37,182.41,182.42,182.42,182.5,182.5,182.99,184.49,184.5,184.5,184.54,184.55,184.55,185.18,185.19,185.42,186.07,186.19,186.46,186.5,186.55,187.18,154.99,159.0,159.99,160.0,162.0,164.5,164.5,164.9,164.95,164.95,164.95,164.97,164.99,164.99,164.99,165.0,165.0,165.0,165.0,165.0,165.5,167.0,167.95,168.0,168.0,168.95,169.0,169.0,169.0,169.95
2026-09-05 18:01:26,Pokemon Ascended Heroes ETB Case (Eng),case,127,1791.45,1837.45,1841.45,1798.5,1803.2,1845.63,1858.25,1791.45,1837.45,1841.45,1842.45,1861.16,1861.17,1867.45,1887.45,1892.45,1900.0,1919.0,1947.8,1996.8,1997.8,2000.0,2000.0,2004.89,2017.48,2042.44,2042.45,2047.8,2049.99,2083.25,2090.0,2096.8,2096.8,2099.99,2099.99,2100.0,2142.45,1749.0,1795.0,1799.0,1799.99,1800.0,1800.0,1800.0,1819.0,1825.0,1845.0,1850.0,1850.0,1899.0,1900.0,1900.0,1900.0,1949.99,1950.0,1990.0,1995.0,1999.0,1999.0,1999.0,1999.99,1999.99,1999.99,2000.0,2000.0,2000.0,2080.0
2026-09-05 18:01:26,Pokemon 30th Celebration ETB (Eng),single,954,181.49,181.86,181.9,173.22,172.85,182.76,183.72,181.49,181.86,181.9,182.0,182.19,182.45,182.93,182.99,183.74,183.9,183.93,183.99,183.99,187.99,190.42,192.49,192.74,192.95,194.94,199.5,201.9,203.5,204.9,204.98,209.5,214.4,216.4,217.39,219.5,227.35,164.99,166.93,169.95,169.99,173.0,173.99,174.0,174.94,174.95,174.95,175.0,175.0,175.0,175.0,175.0,175.0,177.0,179.95,179.95,181.85,185.0,185.0,189.95,189.99,195.0,195.95,196.98,198.98,199.95,199.99
2026-09-05 18:01:26,Pokemon 30th Celebration Booster Bundle (Eng),single,384,101.38,101.43,101.73,95.78,95.8,107.21,110.64,101.38,101.43,101.73,102.4,104.98,107.99,108.9,109.98,110.5,111.19,114.98,117.17,123.19,133.1,,,,,,,,,,,,,,,,,84.99,89.99,93.51,93.93,94.0,94.9,94.94,97.49,97.5,99.95,99.98,99.99,99.99,99.99,,,,,,,,,,,,,,,,
2026-09-05 18:01:26,Pokemon 30th Celebration Umbreon UPC (Eng),single,81,598.93,599.95,600.93,597.34,611.59,612.94,628.65,598.93,599.95,600.93,605.04,609.55,609.98,614.95,617.13,617.9,628.06,633.19,639.98,796.9,,,,,,,,,,,,,,,,,,580.0,589.94,589.94,589.94,599.0,599.94,599.95,599.98,599.99,600.0,609.93,612.0,780.0,,,,,,,,,,,,,,,,,
2026-09-05 18:01:26,Pokemon 30th Celebration Espeon UPC (Eng),single,105,588.93,590.09,593.13,587.46,601.79,606.22,620.51,588.93,590.09,593.13,594.55,599.94,600.93,613.19,614.95,614.99,618.06,796.9,,,,,,,,,,,,,,,,,,,,565.0,574.99,574.99,575.0,579.94,580.0,589.94,599.93,599.93,599.95,780.0,,,,,,,,,,,,,,,,,,,
2026-09-05 18:01:26,Pokemon 30th Celebration Mini Tin Display (Eng),single,49,307.45,330.94,340.94,358.58,349.87,371.17,364.1,307.45,330.94,340.94,342.25,368.9,372.42,379.86,379.9,388.19,396.9,397.4,,,,,,,,,,,,,,,,,,,,299.94,299.95,329.95,329.95,355.0,359.95,360.0,374.0,379.85,379.98,380.0,,,,,,,,,,,,,,,,,,,
2026-09-05 18:01:26,Pokemon Destined Rivals Booster Display (De),single,1274,272.19,277.18,277.19,274.37,275.24,283.47,284.18,272.19,277.18,277.19,281.19,282.19,283.79,284.85,286.19,286.19,286.19,286.19,287.09,287.78,292.18,292.38,296.19,297.08,297.09,297.18,297.19,297.19,297.19,302.18,304.85,304.89,305.19,305.54,305.98,306.18,306.19,265.0,265.0,268.99,269.99,270.0,274.0,275.0,279.0,279.0,279.0,279.0,279.88,279.9,279.9,284.99,289.0,289.89,289.9,289.99,289.99,290.0,290.0,290.0,294.99,298.0,298.99,299.0,299.0,299.0,299.0
2026-09-05 18:01:26,Pokemon Ascended Heroes Mini Tin Display (Eng),single,190,282.8,311.0,311.47,297.26,300.47,320.77,322.49,282.8,311.0,311.47,311.5,321.38,321.45,323.88,324.49,324.8,327.18,329.55,336.36,337.14,337.18,337.19,337.42,345.99,352.19,357.19,359.55,366.45,366.9,369.55,369.55,371.2,386.44,386.99,403.97,403.99,406.39,250.0,280.0,280.0,285.0,287.0,292.0,299.99,309.89,310.0,314.19,314.99,318.99,319.99,320.0,325.0,329.95,329.99,330.0,340.0,344.99,345.0,349.99,350.0,350.0,350.0,350.0,379.8,390.0,398.99,399.0
2026-09-05 18:01:26,Pokemon Ascended Heroes Booster Bundle Display (Eng),case,236,1030.0,1145.0,1176.0,1080.0,1089.99,1173.58,1176.0,1030.0,1145.0,1176.0,1186.6,1186.7,1199.0,1200.0,1200.0,1200.0,1236.69,1240.99,1250.0,1299.0,1300.0,1300.0,1300.0,1300.0,1300.0,1320.0,1336.7,1336.7,1349.0,1350.0,1350.0,1362.0,1399.99,1536.69,1563.73,1600.0,1600.0,930.0,1045.0,1076.0,1099.0,1100.0,1100.0,1100.0,1149.9,1150.0,1150.0,1198.99,1199.0,1199.99,1200.0,1200.0,1200.0,1200.0,1200.0,1220.0,1249.0,1250.0,1250.0,1262.0,1299.99,1300.0,1300.0,1499.99,1500.0,1500.0,1500.0
2026-09-05 18:01:26,Pokemon Ascended Heroes Pokemon Center ETB (Eng),single,276,357.19,370.39,385.39,380.62,395.8,413.78,420.13,357.19,370.39,385.39,395.39,411.5,413.1,413.73,419.55,425.39,446.19,451.19,451.19,451.19,455.19,455.38,461.5,463.72,467.42,467.69,469.19,469.55,472.5,476.47,489.55,492.19,497.18,497.19,499.55,499.55,503.79,345.0,350.0,350.0,360.0,370.0,375.0,390.0,399.99,400.0,400.0,429.99,439.0,440.0,444.0,444.0,444.0,448.0,449.95,450.0,450.0,450.0,450.0,462.0,470.0,480.0,480.0,485.0,485.0,489.99,490.0
2026-09-05 18:01:26,Pokemon Ascended Heroes Pokemon Center ETB (De),single,276,162.19,162.19,162.39,157.6,158.25,167.96,169.85,162.19,162.19,162.39,163.19,167.14,167.19,167.19,172.19,172.19,172.19,173.99,175.18,176.19,177.19,177.19,178.9,179.55,182.19,182.38,186.19,187.18,187.18,187.19,192.19,196.47,196.48,197.09,197.18,197.19,203.1,140.0,149.99,154.9,155.0,155.0,156.0,159.95,159.99,160.0,160.0,160.0,165.0,165.0,165.0,167.99,169.0,170.0,170.0,170.0,170.0,175.0,179.0,179.99,179.99,180.0,185.0,189.69,189.9,189.99,189.99
2026-09-05 18:01:26,Pokemon Ascended Heroes ETB (De),single,1390,107.5,110.69,116.18,109.99,109.7,117.18,116.98,107.5,110.69,116.18,117.14,117.18,117.19,117.19,117.19,117.19,118.19,118.3,120.14,120.18,120.18,120.19,121.09,121.19,121.19,122.14,122.19,122.19,122.19,122.19,122.19,122.19,122.19,122.19,122.19,122.19,122.19,99.0,103.5,108.99,109.95,109.99,110.0,110.0,110.0,110.0,111.0,111.11,112.95,112.99,112.99,113.0,113.9,114.0,114.0,114.95,115.0,115.0,115.0,115.0,115.0,115.0,115.0,115.0,115.0,115.0,115.0
2026-09-05 18:01:26,Pokemon Silver Tempest Booster Display (Eng),single,324,402.19,407.19,407.19,396.12,398.2,415.58,418.36,402.19,407.19,407.19,412.18,412.19,412.19,417.19,419.42,422.09,422.19,423.39,427.18,427.18,431.5,432.19,433.0,434.55,438.79,438.99,439.55,442.19,442.74,445.38,446.19,453.73,454.08,456.19,457.19,457.19,460.49,385.0,385.0,385.0,390.0,395.0,398.0,399.0,400.0,400.0,402.0,404.99,405.0,405.0,409.0,410.0,410.0,414.9,415.0,415.0,419.99,419.99,419.99,420.0,420.0,424.99,425.0,425.0,435.0,439.0,446.89
2026-09-05 18:01:26,Pokemon Lost Origin Booster Display (Eng),single,354,614.16,614.18,614.18,611.75,615.39,647.46,654.3,614.16,614.18,614.18,634.16,634.18,644.18,660.49,664.13,664.17,664.17,674.55,678.55,678.55,685.0,689.84,689.95,694.07,694.08,696.07,699.0,703.55,704.18,708.76,713.1,713.18,713.18,718.12,719.0,720.0,720.0,589.95,599.0,599.98,600.0,600.0,615.0,619.0,619.98,620.0,620.0,620.0,625.0,630.0,632.99,640.0,645.0,649.0,649.0,649.95,649.99,649.99,649.99,650.0,670.0,674.0,675.0,675.66,679.89,679.9,680.0
2026-09-05 18:01:26,Pokemon Chilling Reign Booster Display (Eng),single,171,386.19,405.18,417.5,412.35,416.85,431.24,433.17,386.19,405.18,417.5,422.5,424.09,425.39,431.5,437.18,444.55,447.19,447.19,447.45,447.5,449.55,464.55,466.42,469.55,469.55,469.55,471.85,503.72,504.85,507.19,507.19,510.4,518.55,519.55,521.5,522.5,563.73,379.0,395.0,397.99,400.0,400.0,409.0,416.9,424.95,425.0,425.0,429.99,430.0,439.99,440.0,440.0,445.0,449.0,450.0,450.0,450.0,450.0,499.0,499.0,499.9,499.9,500.0,500.0,500.0,500.0,500.0
2026-09-05 18:01:26,Pokemon Crown Zenith ETB (Eng),single,347,294.99,297.18,297.19,290.62,293.12,303.17,304.7,294.99,297.18,297.19,297.19,297.19,306.19,306.19,307.12,307.13,307.14,307.19,307.41,312.19,312.19,313.99,314.55,315.29,317.79,319.55,321.5,322.5,322.5,322.74,326.98,327.14,327.18,327.19,327.5,329.05,329.41,288.88,289.9,289.98,289.99,289.99,290.0,290.0,290.0,290.0,295.0,297.0,299.0,299.0,299.0,299.0,299.93,299.94,299.95,299.99,300.0,300.0,300.0,300.0,305.0,305.0,305.0,305.0,305.0,309.5,309.99
2026-09-05 18:01:26,Pokemon VSTAR Universe Booster Display (Jpn),single,715,162.18,172.47,174.55,161.46,163.5,177.29,177.46,162.18,172.47,174.55,176.88,177.09,177.19,177.46,177.99,178.19,178.98,179.19,182.18,182.19,182.19,183.19,184.55,184.68,185.19,187.19,188.79,189.5,191.19,192.09,192.19,192.19,193.1,194.18,194.55,194.55,194.55,154.99,155.0,155.0,155.0,159.99,160.0,160.0,165.0,167.0,169.69,169.9,169.99,170.0,170.0,171.0,172.0,174.99,174.99,175.0,175.0,175.0,175.0,175.0,175.0,175.0,176.0,177.49,178.0,180.0,180.0
2026-09-05 18:01:26,Pokemon Flareon VMAX Premium Collection EU Version (Eng),single,76,304.48,307.18,307.19,300.0,303.0,313.15,320.7,304.48,307.18,307.19,307.19,307.19,307.5,317.5,319.54,319.55,319.55,322.19,322.5,337.74,347.41,363.73,375.72,382.45,413.72,419.54,506.19,507.18,507.18,507.18,518.79,750.0,950.0,982.94,,,,285.0,295.0,299.99,299.99,299.99,300.0,300.0,300.0,300.0,300.0,300.0,300.0,315.0,320.0,329.99,349.99,350.0,359.95,399.99,499.0,499.99,499.99,499.99,500.0,650.0,850.0,890.0,,,
2026-09-05 18:01:26,Pokemon Jolteon VMAX Premium Collection EU Version (Eng),single,72,294.99,298.97,302.09,298.48,299.79,306.64,312.86,294.99,298.97,302.09,302.19,304.48,304.98,307.18,307.19,307.19,317.79,319.5,322.19,327.19,329.55,347.41,363.73,363.73,367.73,375.72,382.45,413.72,419.54,506.19,507.18,518.79,750.0,950.0,,,,290.0,293.98,294.9,295.0,298.99,299.0,299.95,299.99,299.99,300.0,300.0,300.0,300.0,310.0,315.0,320.0,329.99,349.99,349.99,350.0,359.95,399.99,499.0,499.99,500.0,650.0,850.0,,,
2026-09-05 18:01:26,Pokemon Vaporeon VMAX Premium Collection EU Version (Eng),single,63,319.5,319.99,322.19,319.25,326.93,331.68,344.31,319.5,319.99,322.19,327.18,327.19,327.19,327.79,337.19,337.19,347.5,357.18,357.19,363.73,387.41,406.19,413.72,419.54,422.45,425.72,457.18,506.19,518.79,850.0,950.0,954.55,982.94,,,,,299.95,300.0,309.0,315.0,315.0,319.99,320.0,320.0,325.0,330.0,330.0,349.99,349.99,350.0,369.99,399.0,399.95,399.99,400.0,449.99,499.0,500.0,750.0,850.0,890.0,925.0,,,,
2026-09-05 18:01:26,Pokemon Celebrations ETB (De),single,350,307.19,327.17,327.18,325.0,328.93,332.19,336.79,307.19,327.17,327.18,329.41,332.14,332.18,332.19,332.19,335.09,337.18,337.19,352.18,356.19,357.19,357.19,360.69,365.19,367.18,376.49,377.19,378.1,378.74,393.69,393.79,397.19,402.19,406.88,407.19,407.19,407.79,300.0,319.98,319.99,322.22,324.95,324.99,325.0,325.0,327.9,329.99,330.0,340.0,344.99,349.0,350.0,350.0,353.5,358.0,359.95,359.99,370.0,371.5,375.0,386.5,389.0,390.0,395.0,399.69,400.0,400.0
2026-09-05 18:01:26,Pokemon Champions Path ETB (Eng),single,160,147.19,152.19,155.19,148.5,150.46,162.74,164.69,147.19,152.19,155.19,157.18,157.19,164.18,164.99,167.19,167.19,168.78,172.19,172.5,173.99,174.24,176.1,176.19,176.19,177.19,177.19,178.1,179.55,182.5,183.1,184.97,186.18,186.19,189.5,193.19,193.99,194.5,140.0,143.0,145.0,145.0,148.0,149.99,149.99,149.99,150.0,150.0,150.0,156.99,159.0,160.0,160.0,160.0,160.0,164.75,165.0,169.0,169.0,169.95,169.99,170.0,170.0,174.95,174.95,179.0,179.95,179.99
2026-09-05 18:01:26,Pokemon Tag Team Pikachu & Zekrom GX Premium Collection (Eng),single,55,284.55,292.19,292.19,301.61,308.13,318.78,324.2,284.55,292.19,292.19,307.18,309.55,316.42,321.4,326.42,337.5,339.55,341.47,342.74,347.19,347.5,357.19,368.55,371.49,377.19,385.98,406.74,425.47,425.72,454.48,487.19,506.19,506.19,523.0,650.0,1014.18,,265.0,285.0,285.0,290.0,299.0,299.9,299.99,309.0,315.0,315.0,320.0,325.0,325.0,340.0,349.0,349.99,350.0,370.0,379.99,399.0,399.99,400.0,449.99,480.0,499.0,499.0,500.0,550.0,1000.0,
2026-09-05 18:01:26,Pokemon Tag Team Reshiram & Charizard GX Premium Collection (Eng),single,26,297.19,319.5,325.19,329.62,342.93,346.28,357.34,297.19,319.5,325.19,335.39,337.18,341.47,344.55,346.19,368.79,371.48,378.55,387.74,396.19,404.48,406.19,407.19,490.98,650.0,773.0,2214.13,,,,,,,,,,,290.0,299.95,310.0,315.0,318.0,325.0,329.99,339.0,349.98,350.0,359.0,370.0,389.0,399.0,399.99,400.0,479.99,550.0,750.0,2199.95,,,,,,,,,,
2026-09-05 18:01:26,Pokemon VMAX Climax Booster Display (Jpn),single,157,164.19,167.18,171.17,162.18,163.22,174.73,175.97,164.19,167.18,171.17,172.19,173.19,174.55,176.19,176.19,177.19,177.19,177.99,182.18,182.49,183.05,184.55,185.7,187.18,187.19,187.47,187.5,188.79,192.19,192.74,193.1,194.19,194.97,197.09,197.19,197.19,197.19,155.0,157.0,159.99,159.99,160.0,160.0,163.5,163.98,165.0,165.0,165.0,166.0,169.0,169.0,169.9,169.99,170.0,170.0,170.0,170.0,174.99,175.0,179.99,180.0,185.0,185.0,187.0,189.9,189.99,189.99
2026-09-05 18:01:26,Pokemon Battle Region Booster Display (Jpn),single,84,78.48,80.18,81.09,73.98,74.98,83.88,86.08,78.48,80.18,81.09,82.14,82.18,83.1,84.19,85.99,86.18,86.19,87.08,92.47,92.47,93.05,96.47,96.99,102.47,103.1,103.69,105.82,106.47,106.99,107.18,107.19,108.1,108.69,111.87,113.09,113.1,113.47,69.0,70.0,70.0,72.99,73.9,74.95,74.99,74.99,75.0,75.0,77.0,78.99,79.0,79.0,79.89,79.95,79.99,80.0,80.0,84.9,85.0,89.0,89.34,89.9,90.0,95.0,96.0,99.0,99.98,99.99
2026-09-05 18:01:26,Pokemon Clay Burst Booster Display (Jpn),single,255,92.09,92.17,92.18,86.5,87.4,96.56,98.87,92.09,92.17,92.18,92.19,95.19,96.47,97.19,98.1,99.19,101.99,102.19,103.98,106.47,106.48,107.19,107.46,109.25,110.35,112.37,112.98,112.98,113.1,113.47,115.08,117.09,117.18,117.18,118.65,118.99,119.14,79.0,84.9,84.98,84.99,85.0,85.0,85.0,88.0,89.0,89.99,90.0,90.0,90.0,92.0,93.16,94.9,95.0,95.0,96.0,99.88,99.88,99.99,100.0,100.0,100.0,105.0,107.89,109.9,109.99,109.99
2026-09-05 18:01:26,Pokemon Fusion Strike Booster Display (Eng),single,199,791.17,793.18,794.18,814.62,821.52,851.9,860.8,791.17,793.18,794.18,814.17,844.5,862.41,864.08,864.18,878.55,893.1,894.18,895.0,899.55,909.55,914.17,914.18,923.72,929.54,929.9,938.0,945.0,950.0,950.0,962.73,964.17,970.0,982.85,995.99,999.99,1000.0,776.99,779.0,780.0,795.0,795.0,799.99,814.95,838.0,845.0,849.0,849.9,850.0,850.0,850.0,850.0,859.99,870.0,870.0,880.0,880.0,895.99,899.0,899.9,899.99,899.99,899.99,900.0,900.0,900.0,949.99
2026-09-05 18:01:26,Pokemon Astral Radiance Booster Display (Eng),single,276,357.18,360.48,366.19,356.34,360.25,380.97,383.05,357.18,360.48,366.19,379.29,379.5,379.55,382.5,384.55,388.1,388.1,390.49,395.47,395.72,396.47,402.19,407.09,407.19,407.19,412.72,422.19,422.5,422.98,437.18,443.72,447.5,451.63,457.17,457.18,469.43,469.43,348.99,349.99,350.0,350.0,354.99,356.79,359.0,359.95,360.0,360.0,365.0,369.0,370.0,370.0,379.99,379.99,395.0,399.9,399.98,400.0,400.0,400.0,415.0,425.0,429.99,444.44,449.88,449.88,449.98,449.99
2026-09-05 18:01:26,Pokemon Lost Origin ETB (Eng),single,234,192.19,197.18,197.42,188.5,189.52,202.88,203.43,192.19,197.18,197.42,201.19,202.09,202.18,202.5,204.55,206.19,206.89,207.14,207.19,207.19,208.55,208.99,209.55,212.41,214.55,214.89,216.18,217.5,217.79,219.54,221.5,221.5,221.69,222.14,223.0,223.99,223.99,180.0,180.0,184.99,185.0,185.0,189.0,189.99,190.0,190.0,194.0,194.9,194.99,194.99,195.0,195.0,199.0,199.0,199.0,199.0,199.0,199.95,199.99,199.99,199.99,199.99,200.0,200.0,205.0,208.99,209.9
2026-09-05 18:01:26,Pokemon Crown Zenith Galarian Articuno Tin US Version (Eng),single,24,141.0,144.06,156.19,149.12,165.93,167.78,179.86,141.0,144.06,156.19,157.19,162.5,166.47,172.5,173.99,176.19,177.18,177.18,178.09,207.18,207.19,300.96,442.75,,,,,,,,,,,,,,,133.0,133.06,140.0,140.0,144.99,149.0,149.99,150.0,150.0,169.0,169.99,169.99,199.99,200.0,289.97,400.0,,,,,,,,,,,,,,
2026-09-05 18:01:26,Pokemon Crown Zenith Galarian Zapdos Tin US Version (Eng),single,30,132.99,134.19,135.18,130.94,136.83,145.41,150.51,132.99,134.19,135.18,137.18,137.42,144.08,149.1,151.63,152.5,156.19,157.18,157.19,163.09,172.5,177.18,207.18,227.19,442.75,,,,,,,,,,,,,116.0,120.0,124.99,127.0,127.99,129.99,129.99,130.0,133.08,144.44,149.0,149.99,150.0,150.0,169.99,199.99,220.0,400.0,,,,,,,,,,,,
2026-09-05 18:01:26,Pokemon Crown Zenith Galarian Moltres Tin US Version (Eng),single,19,157.0,157.19,167.14,156.24,176.71,174.74,196.99,157.0,157.19,167.14,167.18,172.5,172.5,172.75,177.18,182.18,186.47,193.09,202.75,207.18,442.75,,,,,,,,,,,,,,,,,130.0,149.0,150.0,150.0,150.0,159.95,159.99,159.99,160.0,160.0,169.99,174.99,199.99,400.0,,,,,,,,,,,,,,,,
2026-09-05 18:01:26,Pokemon 151 Zapdos ex Collection (Eng),single,196,122.19,126.18,126.19,120.62,121.19,134.78,136.13,122.19,126.18,126.19,126.19,133.0,137.09,137.18,138.05,138.73,141.79,142.42,143.04,143.05,143.09,143.79,147.5,147.5,147.74,152.19,152.5,157.18,157.19,158.1,158.19,162.75,163.05,163.1,163.1,168.0,172.49,109.0,109.99,115.0,118.99,119.0,119.0,120.0,123.0,124.95,125.0,125.0,125.0,125.0,129.0,129.9,129.94,129.95,129.99,130.0,130.0,130.0,134.9,145.0,149.95,149.99,149.99,150.0,150.0,150.0,151.0
2026-09-05 18:01:26,Pokemon 151 UPC (Eng),single,393,705.67,714.68,715.68,720.62,724.93,743.18,746.33,705.67,714.68,715.68,715.68,735.68,745.68,750.68,755.68,760.68,765.67,765.68,765.68,765.68,765.68,766.45,774.5,774.55,779.54,789.68,795.68,799.55,802.05,804.5,809.55,812.19,813.68,814.68,814.68,819.55,820.19,689.99,699.0,700.0,700.0,720.0,720.0,725.0,730.0,735.0,735.0,740.0,744.95,745.0,745.0,745.0,749.0,749.99,749.99,750.0,750.0,750.0,750.0,770.0,770.0,772.5,774.0,774.95,779.0,780.0,780.0
2026-09-05 18:01:26,Pokemon 151 UPC (De),single,393,650.68,655.68,665.68,681.24,693.18,696.92,708.86,650.68,655.68,665.68,675.67,685.68,690.68,710.67,715.63,715.67,715.68,734.68,740.58,744.68,765.63,765.68,765.68,805.9,805.9,805.9,812.98,814.68,815.17,815.67,815.67,895.68,898.95,899.0,915.67,915.67,915.67,635.0,640.0,650.0,659.99,670.0,675.0,694.99,699.95,699.99,700.0,719.0,724.9,729.0,749.95,750.0,750.0,798.95,799.0,799.0,799.49,799.99,799.99,799.99,800.0,800.0,800.0,849.99,850.0,850.0,880.0
2026-09-05 18:01:26,Pokemon 151 Booster Display (Jpn),single,535,270.98,270.99,274.99,267.0,266.18,277.11,277.98,270.98,270.99,274.99,275.18,276.19,276.89,277.18,277.18,277.19,282.07,282.1,282.18,282.19,282.19,282.19,282.19,282.19,282.19,282.19,282.19,283.79,284.55,287.19,287.19,287.19,287.19,289.99,290.99,292.18,294.18,249.99,250.0,260.0,265.0,265.0,267.99,269.0,269.0,269.99,269.99,270.0,270.0,270.0,271.9,274.88,274.99,275.0,275.0,275.0,275.0,275.0,275.0,275.0,275.0,275.0,275.0,277.9,279.0,280.0,280.0
2026-09-05 18:01:26,Pokemon Paradigm Trigger Booster Display (Jpn),single,172,114.18,116.19,127.09,120.24,121.45,132.98,133.05,114.18,116.19,127.09,127.19,129.19,132.47,136.09,137.18,137.19,137.47,138.1,138.1,140.14,141.19,143.98,147.09,147.19,147.42,148.0,151.42,152.19,153.1,156.19,156.19,157.46,157.75,163.05,166.19,166.37,171.98,106.99,109.0,115.0,115.0,119.9,120.0,120.0,122.0,125.0,125.0,125.0,128.9,129.99,130.0,130.0,132.95,134.0,134.0,139.9,139.99,139.99,140.0,140.0,140.0,145.0,148.9,149.0,149.0,149.95,159.0
2026-09-05 18:01:26,Pokemon Star Birth Booster Display (Jpn),single,110,122.19,131.19,132.19,126.55,127.69,136.25,137.79,122.19,131.19,132.19,132.19,133.14,136.19,137.18,137.99,138.98,142.14,143.05,143.09,145.18,145.9,146.18,146.19,147.19,147.5,149.19,156.19,157.19,157.19,157.47,161.47,164.48,166.47,167.47,167.99,182.19,183.1,115.0,120.0,124.0,125.0,125.0,125.0,125.95,128.48,129.0,129.95,129.99,129.99,134.95,134.99,137.99,138.99,139.0,140.0,140.0,142.0,144.0,149.0,149.0,150.0,150.0,150.0,150.0,150.0,159.99,175.0
2026-09-05 18:01:26,Pokemon Violet ex Booster Display (Jpn),single,209,73.08,77.18,77.18,68.36,69.62,79.64,81.79,73.08,77.18,77.18,77.18,77.19,78.1,79.69,81.89,82.69,83.18,84.78,87.18,87.47,88.09,91.99,92.98,92.98,93.05,93.09,93.88,94.24,94.53,94.88,95.08,95.89,96.79,96.89,97.19,98.09,102.19,64.9,64.99,65.0,65.89,65.99,69.99,69.99,69.99,70.0,70.0,70.0,72.5,74.99,75.0,75.0,75.5,75.99,77.54,78.9,79.88,79.88,79.9,79.95,79.99,79.99,79.99,80.0,80.0,87.89,89.0
2026-09-05 18:01:26,Pokemon Brilliant Stars Booster Display (De),single,214,341.18,342.14,342.19,339.45,349.9,348.57,361.34,341.18,342.14,342.19,343.79,344.09,344.85,347.14,352.14,357.18,357.19,383.73,384.89,386.19,387.19,406.19,407.18,446.19,454.97,456.69,486.19,488.79,502.19,503.17,506.19,506.87,507.18,518.78,518.79,604.13,1014.17,320.0,325.0,333.99,334.95,335.0,336.9,339.9,339.95,344.95,349.99,350.0,379.0,379.9,380.0,399.0,399.99,439.0,449.5,449.99,470.0,479.0,495.0,495.98,499.0,499.68,499.99,499.99,500.0,589.95,999.99
2026-09-05 18:01:26,Pokemon Lost Origin Booster Display (De),single,354,365.18,372.19,377.18,381.58,384.91,388.77,392.08,365.18,372.19,377.18,380.19,381.19,383.18,387.19,392.09,403.09,406.08,406.13,406.19,406.89,407.18,407.18,407.19,407.19,432.19,436.19,456.18,457.17,457.18,457.19,457.19,462.89,487.14,488.79,493.79,497.19,506.14,357.99,365.0,369.99,373.0,374.0,375.99,380.0,384.9,395.9,398.89,398.94,399.0,399.99,399.99,400.0,400.0,401.9,425.0,429.0,448.99,449.98,449.99,449.99,450.0,450.0,470.0,475.0,479.95,490.0,499.0
2026-09-05 18:01:26,Pokemon Twilight Masquerade Booster Display (De),single,289,252.19,256.14,258.79,265.44,272.18,274.41,280.77,252.19,256.14,258.79,272.08,272.14,272.19,277.09,277.19,278.74,287.07,287.09,302.13,304.98,306.87,306.87,318.79,407.18,1014.17,,,,,,,,,,,,,240.0,245.0,248.95,259.95,264.89,264.95,265.0,269.9,270.0,279.88,279.9,294.94,299.68,299.68,299.99,300.0,399.99,999.99,,,,,,,,,,,,
2026-09-05 18:01:26,Pokemon Prismatic Evolutions Mini Tin Display (Eng),single,327,262.19,264.55,265.18,248.01,248.41,269.13,270.76,262.19,264.55,265.18,265.79,267.99,269.44,270.47,270.8,270.91,272.5,272.5,274.4,276.45,277.19,281.0,281.18,282.5,284.85,286.18,286.5,286.68,287.18,287.75,289.54,292.19,292.74,294.55,297.17,297.19,297.45,235.0,244.0,244.44,245.0,245.0,249.89,249.9,249.9,249.99,249.99,250.0,250.0,250.0,255.0,257.99,259.9,259.99,260.0,264.0,269.99,270.0,273.99,275.0,278.99,279.49,279.9,279.9,279.95,279.99,280.0
2026-09-05 18:01:26,Pokemon Prismatic Evolutions Booster Bundle Display (Eng),case,194,1031.5,1056.5,1180.0,1103.5,1147.0,1171.17,1210.86,1031.5,1056.5,1180.0,1211.5,1236.7,1263.58,1271.7,1285.68,1285.7,1285.7,1293.86,1296.86,1300.0,1310.73,1320.73,1350.0,1361.7,1365.55,1365.56,1386.7,1399.0,1400.0,1400.0,1400.0,1400.0,1415.67,1415.68,1425.0,1447.8,1447.8,975.0,1000.0,1080.0,1145.0,1189.0,1199.0,1200.0,1200.0,1235.0,1247.0,1247.9,1249.0,1249.0,1250.0,1250.0,1270.0,1299.0,1300.0,1300.0,1300.0,1300.0,1325.0,1325.0,1349.87,1349.88,1350.0,1350.0,1350.0,1350.0,1399.0
2026-09-05 18:01:26,Pokemon Prismatic Evolutions ETB (De),single,1950,150.19,152.19,156.19,153.49,154.39,160.68,161.92,150.19,152.19,156.19,157.18,157.19,162.09,162.19,162.19,162.19,166.19,167.19,167.19,167.19,167.19,172.19,172.19,177.14,177.18,178.79,182.19,183.8,187.18,187.18,187.19,187.19,187.19,187.19,187.19,188.79,193.78,143.0,145.0,149.0,149.99,150.0,154.9,155.0,155.0,155.0,159.0,160.0,160.0,160.0,160.0,160.0,165.0,165.0,169.95,169.99,170.0,174.9,174.99,175.0,175.0,179.99,179.99,180.0,180.0,180.0,180.0
2026-09-05 18:01:26,Pokemon Prismatic Evolutions ETB (Eng),single,1950,172.19,178.0,179.54,164.11,165.12,182.37,183.04,172.19,178.0,179.54,179.55,179.55,183.19,183.54,184.5,184.5,184.55,184.97,186.07,187.42,188.5,189.54,189.54,189.55,189.55,189.55,189.55,189.55,189.84,189.85,191.5,192.19,192.42,192.5,192.87,193.0,193.98,155.0,159.99,160.0,160.0,163.99,164.95,164.95,165.0,165.0,168.95,169.0,169.99,169.99,170.0,170.0,170.0,170.0,170.0,170.0,170.0,170.0,170.0,172.0,174.99,174.99,174.99,175.0,175.0,175.0,175.0
2026-09-05 18:01:26,Prismatic Evolutions Super-Premium Collection (Eng),single,1610,267.33,284.77,288.69,271.11,272.52,289.93,290.22,267.33,284.77,288.69,288.77,288.93,289.55,289.55,289.62,289.77,294.54,294.55,294.77,295.98,297.89,298.55,299.55,302.9,303.68,303.69,303.69,304.05,308.54,308.64,308.69,308.69,317.99,318.69,318.77,319.5,319.54,260.0,265.0,269.0,269.85,270.0,270.0,270.0,270.0,274.99,275.0,275.0,279.0,279.94,280.0,280.0,284.5,288.99,289.0,289.9,289.99,294.99,295.0,295.0,299.0,299.95,299.95,299.99,299.99,299.99,300.0
2026-09-05 18:01:26,Prismatic Evolutions Super-Premium Collection (De),single,1610,213.67,213.68,213.69,207.19,207.96,216.5,217.12,213.67,213.68,213.69,213.69,215.69,215.69,217.68,218.19,218.68,218.69,218.69,218.69,219.68,219.69,220.69,221.4,222.69,223.69,223.69,224.77,228.69,228.69,228.69,232.58,233.59,238.19,238.69,238.69,238.69,238.69,204.98,204.99,205.0,205.0,205.0,207.0,207.0,208.99,209.5,209.99,210.0,210.0,210.0,210.99,211.0,212.0,214.0,214.9,215.0,215.0,219.99,220.0,220.0,220.0,220.0,220.0,224.9,226.58,227.5,229.5
2026-09-05 18:01:26,Pokemon Black Bolt & White Flare Unova Mini Tin Display (Eng),single,135,241.99,242.19,242.19,243.36,247.72,251.39,258.53,241.99,242.19,242.19,247.09,248.5,251.48,251.49,251.98,256.19,262.19,267.42,269.94,271.2,286.99,287.18,294.55,299.5,302.14,306.87,307.17,307.18,312.7,319.54,407.19,614.17,1014.17,,,,,224.0,235.0,235.0,236.0,239.9,245.0,245.99,245.99,249.0,249.99,250.0,255.0,259.99,269.95,275.0,279.8,279.95,279.99,294.95,299.68,299.98,299.99,299.99,400.0,599.99,999.99,,,,
2026-09-05 18:01:26,Pokemon Lost Abyss Booster Display (Jpn),single,119,217.47,235.19,240.94,234.75,236.06,249.47,253.05,217.47,235.19,240.94,242.19,242.19,248.78,252.19,255.19,257.14,257.18,258.79,264.55,268.0,272.19,283.73,289.19,289.55,294.55,297.18,306.19,307.18,307.18,307.19,313.73,318.1,318.78,329.99,352.19,353.72,356.19,200.0,219.95,220.0,228.0,229.99,235.0,235.0,240.0,245.0,245.0,245.0,248.0,249.95,249.99,250.0,265.0,270.0,275.0,280.0,282.0,289.99,289.99,293.9,299.0,299.0,299.99,299.99,299.99,299.99,299.99
2026-09-05 18:01:26,Pokemon Terastal Festival ex Booster Display (Jpn),single,941,112.19,112.47,115.99,102.12,104.39,119.04,119.84,112.19,112.47,115.99,116.45,116.47,117.19,118.05,122.19,122.99,122.99,123.0,123.1,123.1,125.19,126.19,126.19,127.08,127.18,127.18,127.18,127.19,127.19,127.98,128.09,132.1,132.18,133.09,133.09,133.1,133.18,95.0,98.98,99.0,99.0,99.0,100.0,104.95,105.0,105.0,105.0,109.99,110.0,110.0,110.0,114.99,115.0,115.0,116.0,118.0,119.0,119.0,119.89,119.99,119.99,119.99,119.99,120.0,120.0,120.0,120.0
2026-09-06 06:01:22,Pokemon Destined Rivals Booster Display (Eng),single,1274,365.47,367.4,367.5,348.49,347.13,372.27,372.41,365.47,367.4,367.5,369.55,372.5,373.0,373.9,373.9,373.9,373.9,374.39,374.39,374.55,375.39,376.47,376.47,377.0,378.9,380.47,381.5,382.42,382.49,383.5,383.55,383.79,383.9,384.5,384.9,386.06,386.07,329.99,339.0,344.9,345.0,349.0,349.0,350.0,350.0,350.0,350.0,350.0,350.0,350.0,350.0,350.0,350.0,350.0,350.0,354.0,355.0,355.0,359.99,360.0,360.0,360.0,361.0,364.0,365.0,365.0,365.0
2026-09-06 06:01:22,Pokemon Destined Rivals Booster Display Case (Eng),case,180,2267.45,2292.45,2310.22,2259.75,2276.4,2311.32,2340.52,2267.45,2292.45,2310.22,2311.17,2331.45,2342.45,2350.0,2400.0,2400.0,2400.0,2500.0,2517.48,2553.4,2553.4,2599.0,2599.89,2602.4,2641.45,2642.45,2692.45,2761.16,2761.17,2795.0,2800.0,2846.69,2849.0,2849.17,2900.0,2949.0,3036.17,2225.0,2250.0,2250.0,2250.0,2289.0,2300.0,2300.0,2300.0,2300.0,2300.0,2400.0,2450.0,2450.0,2499.0,2499.0,2499.0,2499.89,2599.0,2600.0,2645.0,2650.0,2650.0,2699.0,2699.99,2700.0,2700.0,2750.0,2788.0,2799.0,2975.0
2026-09-06 06:01:22,Pokemon Black Bolt ETB (Eng),single,504,140.18,140.19,140.99,130.42,130.68,144.64,145.87,140.18,140.19,140.99,141.5,142.17,142.19,146.55,147.19,148.0,148.55,148.69,149.42,149.9,151.1,151.42,151.5,152.14,152.18,152.19,152.6,152.98,153.0,153.59,153.59,153.6,155.99,156.14,156.44,157.09,157.09,120.0,125.0,125.0,127.5,129.9,130.0,132.0,132.95,132.99,132.99,133.0,134.0,134.95,134.98,135.0,135.0,135.0,137.5,139.0,139.9,139.99,139.99,139.99,140.0,140.0,140.0,140.0,140.0,143.9,144.5
2026-09-06 06:01:22,Pokemon Ascended Heroes ETB (Eng),single,1390,167.18,171.69,171.69,160.0,160.79,174.93,176.25,167.18,171.69,171.69,172.18,172.42,176.14,176.19,176.42,176.99,177.42,179.55,179.89,181.5,182.18,182.37,182.41,182.42,182.42,182.5,182.5,182.99,183.79,184.49,184.5,184.5,184.54,184.55,184.55,185.18,185.19,154.99,155.0,159.0,159.0,159.99,159.99,160.0,160.0,160.0,162.0,162.99,164.5,164.5,164.95,164.95,164.95,164.99,164.99,164.99,165.0,165.0,165.0,165.0,165.0,165.0,165.5,167.0,167.95,168.0,168.95
2026-09-06 06:01:22,Pokemon Ascended Heroes ETB Case (Eng),case,127,1746.12,1782.44,1791.45,1733.5,1751.28,1791.59,1809.0,1746.12,1782.44,1791.45,1792.45,1800.0,1811.17,1837.45,1841.45,1842.45,1845.0,1861.16,1867.45,1887.45,1892.45,1897.7,1900.0,1919.0,1947.8,1996.8,1997.8,2000.0,2000.0,2004.89,2017.48,2042.44,2042.45,2047.8,2049.99,2083.25,2090.0,1684.95,1700.0,1739.99,1745.0,1749.0,1750.0,1750.0,1795.0,1799.0,1799.9,1799.99,1800.0,1800.0,1819.0,1825.0,1845.0,1850.0,1850.0,1899.0,1900.0,1900.0,1900.0,1949.99,1950.0,1990.0,1995.0,1999.0,1999.0,1999.0,1999.99
2026-09-06 06:01:22,Pokemon 30th Celebration ETB (Eng),single,954,181.49,181.86,181.9,173.22,172.85,182.76,183.72,181.49,181.86,181.9,182.0,182.19,182.45,182.93,182.99,183.74,183.9,183.93,183.99,183.99,187.99,190.42,192.49,192.74,192.95,194.94,199.5,201.9,203.5,204.9,204.98,209.5,214.4,216.4,217.39,219.5,227.35,164.99,166.93,169.95,169.99,173.0,173.99,174.0,174.94,174.95,174.95,175.0,175.0,175.0,175.0,175.0,175.0,177.0,179.95,179.95,181.85,185.0,185.0,189.95,189.99,195.0,195.95,196.98,198.98,199.95,199.99
2026-09-06 06:01:22,Pokemon 30th Celebration Booster Bundle (Eng),single,384,101.38,101.43,101.73,95.78,95.8,107.21,110.64,101.38,101.43,101.73,102.4,104.98,107.99,108.9,109.98,110.5,111.19,114.98,117.17,123.19,133.1,,,,,,,,,,,,,,,,,84.99,89.99,93.51,93.93,94.0,94.9,94.94,97.49,97.5,99.95,99.98,99.99,99.99,99.99,,,,,,,,,,,,,,,,
2026-09-06 06:01:22,Pokemon 30th Celebration Umbreon UPC (Eng),single,81,598.93,599.95,600.93,597.34,611.59,612.94,628.65,598.93,599.95,600.93,605.04,609.55,609.98,614.95,617.13,617.9,628.06,633.19,639.98,796.9,,,,,,,,,,,,,,,,,,580.0,589.94,589.94,589.94,599.0,599.94,599.95,599.98,599.99,600.0,609.93,612.0,780.0,,,,,,,,,,,,,,,,,
2026-09-06 06:01:22,Pokemon 30th Celebration Espeon UPC (Eng),single,105,585.98,588.93,590.09,584.34,599.56,602.72,617.64,585.98,588.93,590.09,593.13,594.55,599.94,600.93,613.19,614.95,614.99,618.06,796.9,,,,,,,,,,,,,,,,,,,565.0,574.99,574.99,574.99,575.0,579.94,580.0,589.94,599.93,599.93,599.95,780.0,,,,,,,,,,,,,,,,,,
2026-09-06 06:01:22,Pokemon 30th Celebration Mini Tin Display (Eng),single,49,307.45,330.94,340.94,358.58,349.87,371.17,364.1,307.45,330.94,340.94,342.25,368.9,372.42,379.86,379.9,388.19,396.9,397.4,,,,,,,,,,,,,,,,,,,,299.94,299.95,329.95,329.95,355.0,359.95,360.0,374.0,379.85,379.98,380.0,,,,,,,,,,,,,,,,,,,
2026-09-06 06:01:22,Pokemon Destined Rivals Booster Display (De),single,1274,272.19,277.19,278.79,274.48,274.57,282.8,283.42,272.19,277.19,278.79,280.89,281.19,282.14,282.19,284.85,286.19,286.19,286.19,286.19,287.09,287.78,292.18,292.38,296.19,297.09,297.18,297.19,297.19,297.19,302.18,304.85,304.89,305.19,305.54,305.98,306.18,306.19,260.0,265.0,268.99,270.0,274.0,274.9,274.95,275.0,279.0,279.0,279.0,279.0,279.88,279.9,279.9,284.99,289.0,289.9,289.99,289.99,290.0,290.0,290.0,294.99,298.0,298.99,299.0,299.0,299.0,299.0
2026-09-06 06:01:22,Pokemon Ascended Heroes Mini Tin Display (Eng),single,190,282.8,311.0,311.47,296.01,299.8,320.67,321.82,282.8,311.0,311.47,311.5,321.38,321.45,323.88,324.49,324.8,326.36,327.18,329.55,337.14,337.18,337.19,337.42,345.99,352.19,357.19,359.55,366.45,366.9,369.55,369.55,371.2,386.44,386.99,403.97,403.99,406.39,250.0,280.0,280.0,285.0,287.0,292.0,299.89,299.99,310.0,314.19,314.99,318.99,319.99,320.0,325.0,329.95,329.99,330.0,340.0,344.99,345.0,349.99,350.0,350.0,350.0,350.0,379.8,390.0,398.99,399.0
2026-09-06 06:01:22,Pokemon Ascended Heroes Booster Bundle Display (Eng),case,236,1040.0,1145.0,1176.0,1080.0,1090.99,1173.58,1177.0,1040.0,1145.0,1176.0,1186.6,1186.7,1199.0,1200.0,1200.0,1200.0,1236.69,1240.99,1250.0,1299.0,1300.0,1300.0,1300.0,1300.0,1300.0,1320.0,1336.7,1336.7,1349.0,1350.0,1350.0,1362.0,1399.99,1536.69,1563.73,1600.0,1600.0,940.0,1045.0,1076.0,1099.0,1100.0,1100.0,1100.0,1149.9,1150.0,1150.0,1198.99,1199.0,1199.99,1200.0,1200.0,1200.0,1200.0,1200.0,1220.0,1249.0,1250.0,1250.0,1262.0,1299.99,1300.0,1300.0,1499.99,1500.0,1500.0,1500.0
2026-09-06 06:01:22,Pokemon Ascended Heroes Pokemon Center ETB (Eng),single,276,345.39,357.19,370.39,374.37,387.53,404.31,412.8,345.39,357.19,370.39,385.39,395.39,411.5,413.1,413.73,419.55,425.39,446.19,451.19,451.19,451.19,455.19,455.38,461.5,463.72,467.42,467.69,469.19,469.55,472.5,476.47,489.55,492.19,497.18,497.19,499.55,499.55,320.0,345.0,350.0,350.0,360.0,370.0,375.0,390.0,399.99,400.0,400.0,429.99,439.0,440.0,444.0,444.0,444.0,448.0,449.95,450.0,450.0,450.0,450.0,462.0,470.0,480.0,480.0,485.0,485.0,489.99
2026-09-06 06:01:22,Pokemon Ascended Heroes Pokemon Center ETB (De),single,276,150.4,153.6,162.19,153.85,154.72,165.46,166.56,150.4,153.6,162.19,162.19,162.39,163.19,167.14,167.19,167.19,172.19,172.19,172.19,173.99,175.18,177.19,177.19,178.9,179.55,182.19,182.38,187.18,187.18,187.19,192.19,196.48,197.09,197.18,197.19,203.1,205.19,140.0,140.0,140.0,149.99,154.9,155.0,155.0,156.0,159.95,159.99,160.0,160.0,160.0,165.0,165.0,165.0,167.99,170.0,170.0,170.0,175.0,179.99,179.99,180.0,185.0,189.69,189.9,189.99,189.99,190.0
2026-09-06 06:01:22,Pokemon Ascended Heroes ETB (De),single,1390,107.5,112.19,115.19,109.62,109.6,116.81,116.88,107.5,112.19,115.19,116.18,117.14,117.18,117.19,117.19,117.19,117.19,118.3,120.14,120.18,120.18,120.19,121.09,121.19,121.19,122.14,122.19,122.19,122.19,122.19,122.19,122.19,122.19,122.19,122.19,122.19,122.19,99.0,105.0,108.0,108.99,109.95,109.99,110.0,110.0,110.0,110.0,111.11,112.95,112.99,112.99,113.0,113.9,114.0,114.0,114.95,115.0,115.0,115.0,115.0,115.0,115.0,115.0,115.0,115.0,115.0,115.0
2026-09-06 06:01:22,Pokemon Silver Tempest Booster Display (Eng),single,324,402.19,407.19,412.18,396.75,398.87,417.61,420.08,402.19,407.19,412.18,412.19,412.19,417.19,419.42,422.09,422.19,423.39,427.18,427.18,431.5,432.19,433.0,434.55,438.79,438.99,439.55,442.19,442.74,445.38,446.19,453.73,454.08,456.19,457.19,457.19,460.49,468.55,385.0,385.0,385.0,390.0,395.0,398.0,399.0,400.0,402.0,404.99,405.0,405.0,409.0,410.0,410.0,414.9,415.0,415.0,419.99,419.99,419.99,420.0,420.0,424.99,425.0,425.0,435.0,439.0,446.89,449.0
2026-09-06 06:01:22,Pokemon Lost Origin Booster Display (Eng),single,359,613.68,614.16,614.18,607.93,611.16,636.21,645.17,613.68,614.16,614.18,614.18,624.18,634.18,634.18,644.18,660.49,664.13,664.17,664.17,674.55,678.55,678.55,685.0,689.84,689.95,694.07,694.08,699.0,703.55,704.18,708.76,713.1,713.18,713.18,718.12,719.0,720.0,589.95,599.0,599.5,599.98,600.0,600.0,610.0,615.0,619.0,620.0,620.0,620.0,620.0,625.0,630.0,632.99,640.0,645.0,649.0,649.0,649.95,649.99,649.99,649.99,650.0,670.0,674.0,675.0,675.66,679.89
2026-09-06 06:01:22,Pokemon Chilling Reign Booster Display (Eng),single,171,386.19,405.18,417.5,412.35,416.85,431.24,432.68,386.19,405.18,417.5,422.5,424.09,425.39,431.5,437.18,444.55,447.19,447.19,447.45,447.5,449.55,457.19,464.55,466.42,469.55,469.55,469.55,471.85,503.72,504.85,507.19,507.19,510.4,518.55,519.55,521.5,522.5,379.0,395.0,397.99,400.0,400.0,409.0,416.9,424.95,425.0,425.0,429.99,430.0,439.99,440.0,440.0,445.0,449.0,450.0,450.0,450.0,450.0,450.0,499.0,499.0,499.9,499.9,500.0,500.0,500.0,500.0
2026-09-06 06:01:22,Pokemon Crown Zenith ETB (Eng),single,350,292.19,294.99,297.18,290.47,292.45,304.09,304.86,292.19,294.99,297.18,297.19,304.55,306.19,306.19,307.12,307.13,307.14,307.19,307.41,312.19,312.19,313.99,314.55,315.29,317.79,319.55,321.5,322.5,322.5,322.74,326.98,327.14,327.18,327.19,327.5,329.05,329.41,285.0,285.0,288.88,289.9,289.98,289.99,289.99,290.0,290.0,295.0,297.0,299.0,299.0,299.0,299.0,299.93,299.94,299.95,299.99,300.0,300.0,300.0,300.0,305.0,305.0,305.0,305.0,305.0,309.5,309.99
2026-09-06 06:01:22,Pokemon VSTAR Universe Booster Display (Jpn),single,831,162.18,172.47,174.55,161.37,163.46,177.21,177.42,162.18,172.47,174.55,176.19,177.09,177.19,177.46,177.99,178.19,178.98,179.19,182.18,182.19,182.19,183.19,184.55,184.68,185.19,187.19,188.79,189.5,191.19,192.09,192.19,192.19,193.1,194.18,194.55,194.55,194.55,154.99,155.0,155.0,155.0,159.99,160.0,160.0,165.0,167.0,169.0,169.9,169.99,170.0,170.0,171.0,172.0,174.99,174.99,175.0,175.0,175.0,175.0,175.0,175.0,175.0,176.0,177.49,178.0,180.0,180.0
2026-09-06 06:01:22,Pokemon Flareon VMAX Premium Collection EU Version (Eng),single,76,304.48,307.18,307.19,300.0,304.33,315.03,322.03,304.48,307.18,307.19,307.19,307.5,317.5,319.54,319.55,319.55,322.19,322.5,327.19,337.74,347.41,363.73,375.72,382.45,413.72,419.54,506.19,507.18,507.18,507.18,518.79,750.0,950.0,982.94,,,,285.0,295.0,299.99,299.99,299.99,300.0,300.0,300.0,300.0,300.0,300.0,315.0,320.0,320.0,329.99,349.99,350.0,359.95,399.99,499.0,499.99,499.99,499.99,500.0,650.0,850.0,890.0,,,
2026-09-06 06:01:22,Pokemon Jolteon VMAX Premium Collection EU Version (Eng),single,73,294.99,298.97,302.09,298.48,299.79,306.64,311.18,294.99,298.97,302.09,302.19,304.48,304.98,307.18,307.19,307.19,317.79,319.5,322.19,322.19,327.19,329.55,347.41,363.73,363.73,367.73,375.72,382.45,413.72,419.54,506.19,507.18,518.79,750.0,950.0,,,290.0,293.98,294.9,295.0,298.99,299.0,299.95,299.99,299.99,300.0,300.0,300.0,300.0,310.0,315.0,315.0,320.0,329.99,349.99,349.99,350.0,359.95,399.99,499.0,499.99,500.0,650.0,850.0,,
2026-09-06 06:01:22,Pokemon Vaporeon VMAX Premium Collection EU Version (Eng),single,64,319.5,319.99,322.19,319.25,324.26,330.39,339.71,319.5,319.99,322.19,327.18,327.19,327.19,327.79,337.19,337.19,337.19,347.5,357.18,357.19,363.73,387.41,406.19,413.72,419.54,422.45,425.72,457.18,506.19,518.79,850.0,950.0,954.55,982.94,,,,299.95,300.0,309.0,315.0,315.0,319.99,320.0,320.0,325.0,330.0,330.0,330.0,349.99,349.99,350.0,369.99,399.0,399.95,399.99,400.0,449.99,499.0,500.0,750.0,850.0,890.0,925.0,,,
2026-09-06 06:01:22,Pokemon Celebrations ETB (De),single,350,307.19,327.17,327.18,325.0,330.27,332.19,338.36,307.19,327.17,327.18,329.41,332.14,332.18,332.19,332.19,335.09,337.18,352.18,356.19,357.19,357.19,360.69,365.19,367.18,376.49,377.19,378.1,378.74,393.69,393.79,397.19,402.19,406.88,407.19,407.19,407.79,412.19,300.0,319.98,319.99,322.22,324.95,324.99,325.0,325.0,327.9,329.99,340.0,344.99,349.0,350.0,350.0,353.5,358.0,359.95,359.99,370.0,371.5,375.0,386.5,389.0,390.0,395.0,399.69,400.0,400.0,400.0
2026-09-06 06:01:22,Pokemon Champions Path ETB (Eng),single,160,147.19,152.19,155.19,148.5,150.46,162.51,164.08,147.19,152.19,155.19,157.18,157.19,164.18,164.99,166.98,167.19,167.19,168.78,172.19,172.5,173.99,174.24,176.1,176.19,176.19,177.19,177.19,178.1,179.55,182.5,183.1,184.97,186.18,186.19,189.5,193.19,193.99,140.0,143.0,145.0,145.0,148.0,149.99,149.99,149.99,150.0,150.0,150.0,156.99,159.0,159.99,160.0,160.0,160.0,160.0,164.75,165.0,169.0,169.0,169.95,169.99,170.0,170.0,174.95,174.95,179.0,179.95
2026-09-06 06:01:22,Pokemon Tag Team Pikachu & Zekrom GX Premium Collection (Eng),single,57,284.55,287.19,290.19,295.61,300.66,310.57,316.65,284.55,287.19,290.19,292.19,307.18,309.55,316.42,321.4,322.19,325.47,326.42,337.5,339.55,342.74,347.19,347.5,357.19,368.55,371.49,377.19,385.98,406.74,425.47,425.72,454.48,487.19,506.19,506.19,523.0,650.0,265.0,280.0,283.0,285.0,290.0,299.0,299.0,299.9,299.99,309.0,315.0,315.0,320.0,325.0,325.0,340.0,349.0,349.99,350.0,370.0,379.99,399.0,399.99,400.0,449.99,480.0,499.0,499.0,500.0,550.0
2026-09-06 06:01:22,Pokemon Tag Team Reshiram & Charizard GX Premium Collection (Eng),single,26,297.19,319.5,325.19,325.75,337.53,340.62,352.01,297.19,319.5,325.19,326.19,335.39,337.18,341.47,344.55,346.19,368.79,371.48,378.55,387.74,396.19,404.48,406.19,407.19,490.98,650.0,773.0,2214.13,,,,,,,,,,290.0,299.95,310.0,315.0,318.0,319.0,325.0,329.99,339.0,349.98,350.0,359.0,370.0,389.0,399.0,399.99,400.0,479.99,550.0,750.0,2199.95,,,,,,,,,
2026-09-06 06:01:22,Pokemon VMAX Climax Booster Display (Jpn),single,156,164.19,166.19,167.18,161.43,162.5,173.48,174.35,164.19,166.19,167.18,171.17,172.19,173.19,174.55,176.19,176.19,177.18,177.19,177.19,177.99,182.18,182.49,183.05,184.55,185.7,187.18,187.19,187.47,187.5,188.79,192.19,192.74,193.1,194.19,194.97,197.09,197.19,155.0,157.0,159.0,159.99,159.99,160.0,160.0,163.5,163.98,165.0,165.0,165.0,166.0,169.0,169.0,169.9,169.99,169.99,170.0,170.0,170.0,170.0,174.99,175.0,179.99,180.0,185.0,185.0,187.0,189.9
2026-09-06 06:01:22,Pokemon Battle Region Booster Display (Jpn),single,87,78.48,80.18,81.09,73.98,74.98,83.88,86.08,78.48,80.18,81.09,82.14,82.18,83.1,84.19,85.99,86.18,86.19,87.08,92.47,92.47,93.05,96.47,96.99,102.47,103.1,103.69,105.82,106.47,106.99,107.18,107.19,108.1,108.69,111.87,113.09,113.1,113.47,69.0,70.0,70.0,72.99,73.9,74.95,74.99,74.99,75.0,75.0,77.0,78.99,79.0,79.0,79.89,79.95,79.99,80.0,80.0,84.9,85.0,89.0,89.34,89.9,90.0,95.0,96.0,99.0,99.98,99.99
2026-09-06 06:01:22,Pokemon Clay Burst Booster Display (Jpn),single,255,92.17,92.18,92.19,86.5,87.41,96.56,98.88,92.17,92.18,92.19,92.19,95.19,96.47,97.19,98.1,99.19,101.99,102.19,103.98,106.47,106.48,107.19,107.46,109.25,110.35,112.37,112.98,112.98,113.1,113.47,115.08,117.09,117.18,117.18,118.65,118.99,119.14,79.0,84.98,84.99,85.0,85.0,85.0,85.0,88.0,89.0,89.99,90.0,90.0,90.0,92.0,93.16,94.9,95.0,95.0,96.0,99.88,99.88,99.99,100.0,100.0,100.0,105.0,107.89,109.9,109.99,109.99
2026-09-06 06:01:22,Pokemon Fusion Strike Booster Display (Eng),single,199,791.17,793.18,794.18,814.62,821.52,851.9,860.8,791.17,793.18,794.18,814.17,844.5,862.41,864.08,864.18,878.55,893.1,894.18,895.0,899.55,909.55,914.17,914.18,923.72,929.54,929.9,938.0,945.0,950.0,950.0,962.73,964.17,970.0,982.85,995.99,999.99,1000.0,776.99,779.0,780.0,795.0,795.0,799.99,814.95,838.0,845.0,849.0,849.9,850.0,850.0,850.0,850.0,859.99,870.0,870.0,880.0,880.0,895.99,899.0,899.9,899.99,899.99,899.99,900.0,900.0,900.0,949.99
2026-09-06 06:01:22,Pokemon Astral Radiance Booster Display (Eng),single,283,357.18,360.48,366.19,356.34,359.51,380.97,382.6,357.18,360.48,366.19,379.29,379.5,379.55,382.5,384.55,388.1,388.1,390.49,395.44,395.47,395.72,396.47,402.19,407.09,407.19,407.19,412.72,422.19,422.5,422.98,437.18,443.72,447.5,451.63,457.17,457.18,469.43,348.99,349.99,350.0,350.0,354.99,356.79,359.0,359.95,360.0,360.0,365.0,368.97,369.0,370.0,370.0,379.99,379.99,395.0,399.9,399.98,400.0,400.0,400.0,415.0,425.0,429.99,444.44,449.88,449.88,449.98
2026-09-06 06:01:22,Pokemon Lost Origin ETB (Eng),single,239,192.19,197.18,197.19,188.0,189.19,201.66,202.64,192.19,197.18,197.19,197.42,201.19,202.09,202.18,202.5,204.55,206.19,206.89,207.14,207.19,207.19,208.55,208.99,209.55,212.41,214.55,214.89,216.18,217.5,217.79,219.54,221.5,221.5,221.69,222.14,223.0,223.99,180.0,180.0,184.99,185.0,185.0,189.0,189.99,190.0,190.0,190.0,194.0,194.9,194.99,194.99,195.0,195.0,199.0,199.0,199.0,199.0,199.0,199.95,199.99,199.99,199.99,199.99,200.0,200.0,205.0,208.99
2026-09-06 06:01:22,Pokemon Crown Zenith Galarian Articuno Tin US Version (Eng),single,24,141.0,144.06,156.19,149.12,165.93,167.78,179.86,141.0,144.06,156.19,157.19,162.5,166.47,172.5,173.99,176.19,177.18,177.18,178.09,207.18,207.19,300.96,442.75,,,,,,,,,,,,,,,133.0,133.06,140.0,140.0,144.99,149.0,149.99,150.0,150.0,169.0,169.99,169.99,199.99,200.0,289.97,400.0,,,,,,,,,,,,,,
2026-09-06 06:01:22,Pokemon Crown Zenith Galarian Zapdos Tin US Version (Eng),single,29,132.99,134.19,135.18,130.94,136.83,145.41,150.51,132.99,134.19,135.18,137.18,137.42,144.08,149.1,151.63,152.5,156.19,157.18,157.19,163.09,172.5,177.18,207.18,227.19,442.75,,,,,,,,,,,,,116.0,120.0,124.99,127.0,127.99,129.99,129.99,130.0,133.08,144.44,149.0,149.99,150.0,150.0,169.99,199.99,220.0,400.0,,,,,,,,,,,,
2026-09-06 06:01:22,Pokemon Crown Zenith Galarian Moltres Tin US Version (Eng),single,19,157.0,157.19,167.14,156.24,176.71,174.74,196.99,157.0,157.19,167.14,167.18,172.5,172.5,172.75,177.18,182.18,186.47,193.09,202.75,207.18,442.75,,,,,,,,,,,,,,,,,130.0,149.0,150.0,150.0,150.0,159.95,159.99,159.99,160.0,160.0,169.99,174.99,199.99,400.0,,,,,,,,,,,,,,,,
2026-09-06 06:01:22,Pokemon 151 Zapdos ex Collection (Eng),single,194,122.19,126.18,126.19,120.62,121.52,134.78,136.38,122.19,126.18,126.19,126.19,133.0,137.09,137.18,138.05,138.73,141.79,142.42,143.04,143.05,143.09,147.5,147.5,147.74,152.19,152.5,157.18,157.19,158.1,158.19,162.75,163.05,163.1,163.1,168.0,172.49,197.5,109.0,109.99,115.0,118.99,119.0,119.0,120.0,123.0,124.95,125.0,125.0,125.0,129.0,129.9,129.94,129.95,129.99,130.0,130.0,130.0,134.9,145.0,149.95,149.99,149.99,150.0,150.0,150.0,151.0,175.0
2026-09-06 06:01:22,Pokemon 151 UPC (Eng),single,395,695.67,715.68,715.68,728.74,729.53,749.3,749.53,695.67,715.68,715.68,735.68,745.68,750.68,755.68,760.68,764.68,765.67,765.68,765.68,765.68,765.68,774.5,774.55,779.54,789.68,795.68,799.55,802.05,804.5,809.55,812.19,813.68,814.68,814.68,815.68,819.55,820.19,679.99,700.0,700.0,720.0,725.0,730.0,735.0,735.0,740.0,744.95,745.0,745.0,745.0,749.0,749.0,749.99,749.99,750.0,750.0,750.0,750.0,770.0,770.0,772.5,774.0,774.95,779.0,780.0,780.0,780.0
2026-09-06 06:01:22,Pokemon 151 UPC (De),single,395,650.68,655.68,665.68,681.24,693.18,696.92,708.86,650.68,655.68,665.68,675.67,685.68,690.68,710.67,715.63,715.67,715.68,734.68,740.58,744.68,765.63,765.68,765.68,805.9,805.9,805.9,812.98,814.68,815.17,815.67,815.67,895.68,898.95,899.0,915.67,915.67,915.67,635.0,640.0,650.0,659.99,670.0,675.0,694.99,699.95,699.99,700.0,719.0,724.9,729.0,749.95,750.0,750.0,798.95,799.0,799.0,799.49,799.99,799.99,799.99,800.0,800.0,800.0,849.99,850.0,850.0,880.0
2026-09-06 06:01:22,Pokemon 151 Booster Display (Jpn),single,548,269.54,269.55,270.99,265.12,265.85,277.22,277.85,269.54,269.55,270.99,275.18,276.19,276.89,277.18,277.19,282.07,282.1,282.18,282.19,282.19,282.19,282.19,282.19,282.19,282.19,282.19,283.79,287.19,287.19,287.19,287.19,289.99,290.99,292.18,294.18,294.55,297.18,249.99,250.0,250.0,260.0,265.0,267.99,269.0,269.0,269.99,270.0,270.0,271.9,274.88,274.99,275.0,275.0,275.0,275.0,275.0,275.0,275.0,275.0,275.0,275.0,277.9,279.0,280.0,280.0,280.0,280.0
2026-09-06 06:01:22,Pokemon Paradigm Trigger Booster Display (Jpn),single,172,114.18,116.19,127.09,120.24,121.45,132.98,132.93,114.18,116.19,127.09,127.19,129.19,132.47,136.09,137.18,137.19,137.47,138.1,138.1,140.14,141.19,142.18,143.98,147.09,147.19,147.42,148.0,151.42,152.19,153.1,156.19,156.19,157.46,157.75,163.05,166.19,166.37,106.99,109.0,115.0,115.0,119.9,120.0,120.0,122.0,125.0,125.0,125.0,128.9,129.99,130.0,130.0,132.95,134.0,134.0,134.99,139.9,139.99,139.99,140.0,140.0,140.0,145.0,148.9,149.0,149.0,149.95
2026-09-06 06:01:22,Pokemon Star Birth Booster Display (Jpn),single,110,122.19,129.19,131.19,125.55,126.62,134.88,136.65,122.19,129.19,131.19,132.19,132.19,133.14,136.19,137.18,137.99,138.98,142.14,143.05,143.09,145.18,145.9,146.18,146.19,147.19,147.5,149.19,156.19,157.19,157.19,157.47,161.47,164.48,166.47,167.47,167.99,182.19,115.0,120.0,122.0,124.0,125.0,125.0,125.0,125.95,128.48,129.0,129.95,129.99,129.99,134.95,134.99,137.99,138.99,139.0,140.0,140.0,142.0,144.0,149.0,149.0,150.0,150.0,150.0,150.0,150.0,159.99
2026-09-06 06:01:22,Pokemon Violet ex Booster Display (Jpn),single,210,73.08,74.19,77.18,67.98,69.08,78.89,80.6,73.08,74.19,77.18,77.18,77.18,77.19,78.1,79.69,81.89,82.69,83.18,84.78,87.18,87.47,88.09,91.99,92.98,92.98,93.05,93.09,93.88,94.24,94.53,94.88,95.08,95.89,96.79,96.89,97.19,98.09,64.9,64.99,65.0,65.89,65.99,67.0,69.99,69.99,69.99,70.0,70.0,70.0,72.5,74.99,75.0,75.0,75.5,75.99,77.54,78.9,79.88,79.88,79.9,79.95,79.99,79.99,79.99,80.0,80.0,87.89
2026-09-06 06:01:22,Pokemon Brilliant Stars Booster Display (De),single,211,341.18,342.14,342.19,339.45,349.97,348.57,361.4,341.18,342.14,342.19,343.79,344.09,344.85,347.14,352.14,357.18,357.19,383.73,384.89,386.19,387.19,407.18,446.19,454.97,456.69,486.19,488.79,502.19,503.17,506.19,506.87,507.18,518.78,518.79,604.13,1014.17,1514.18,320.0,325.0,333.99,334.95,335.0,336.9,339.9,339.95,344.95,349.99,350.0,379.0,379.9,380.0,399.99,439.0,449.5,449.99,470.0,479.0,495.0,495.98,499.0,499.68,499.99,499.99,500.0,589.95,999.99,1500.0
2026-09-06 06:01:22,Pokemon Lost Origin Booster Display (De),single,359,365.18,372.19,377.18,376.6,381.9,383.64,388.99,365.18,372.19,377.18,377.19,380.19,381.19,383.18,387.19,390.89,392.09,403.09,406.08,406.13,406.19,406.89,407.18,407.18,407.19,407.19,432.19,436.19,456.18,457.17,457.18,457.19,457.19,462.89,487.14,488.79,493.79,357.99,365.0,369.99,370.0,373.0,374.0,375.99,380.0,384.9,384.9,395.9,398.89,398.94,399.0,399.99,399.99,400.0,400.0,401.9,425.0,429.0,448.99,449.98,449.99,449.99,450.0,450.0,470.0,475.0,479.95
2026-09-06 06:01:22,Pokemon Twilight Masquerade Booster Display (De),single,289,252.19,256.14,258.79,265.44,272.18,274.41,280.77,252.19,256.14,258.79,272.08,272.14,272.19,277.09,277.19,278.74,287.07,287.09,302.13,304.98,306.87,306.87,318.79,407.18,1014.17,,,,,,,,,,,,,240.0,245.0,248.95,259.95,264.89,264.95,265.0,269.9,270.0,279.88,279.9,294.94,299.68,299.68,299.99,300.0,399.99,999.99,,,,,,,,,,,,
2026-09-06 06:01:22,Pokemon Prismatic Evolutions Mini Tin Display (Eng),single,327,262.19,264.55,265.18,248.01,248.41,269.13,270.76,262.19,264.55,265.18,265.79,267.99,269.44,270.47,270.8,270.91,272.5,272.5,274.4,276.45,277.19,281.0,281.18,282.5,284.85,286.18,286.5,286.68,287.18,287.75,289.54,292.19,292.74,294.55,297.17,297.19,297.45,235.0,244.0,244.44,245.0,245.0,249.89,249.9,249.9,249.99,249.99,250.0,250.0,250.0,255.0,257.99,259.9,259.99,260.0,264.0,269.99,270.0,273.99,275.0,278.99,279.49,279.9,279.9,279.95,279.99,280.0
2026-09-06 06:01:22,Pokemon Prismatic Evolutions Booster Bundle Display (Eng),case,194,1031.5,1056.5,1136.7,1081.25,1132.3,1146.17,1193.95,1031.5,1056.5,1136.7,1180.0,1211.5,1236.7,1263.58,1265.68,1271.7,1285.68,1285.7,1285.7,1293.86,1296.86,1300.0,1310.73,1320.73,1350.0,1361.7,1365.55,1365.56,1386.7,1399.0,1400.0,1400.0,1400.0,1400.0,1415.67,1415.68,1425.0,975.0,1000.0,1080.0,1100.0,1145.0,1189.0,1199.0,1200.0,1200.0,1235.0,1247.0,1247.9,1249.0,1249.0,1250.0,1250.0,1250.0,1270.0,1299.0,1300.0,1300.0,1300.0,1300.0,1325.0,1325.0,1349.87,1349.88,1350.0,1350.0,1350.0
2026-09-06 06:01:22,Pokemon Prismatic Evolutions ETB (De),single,1950,147.19,150.19,152.19,151.74,153.06,158.93,160.25,147.19,150.19,152.19,156.19,157.18,157.19,162.09,162.19,162.19,162.19,166.19,167.19,167.19,167.19,167.19,172.19,177.14,177.18,178.79,182.19,183.8,187.18,187.18,187.19,187.19,187.19,187.19,187.19,188.79,193.78,140.0,143.0,145.0,149.0,149.99,150.0,154.9,155.0,155.0,155.0,159.0,160.0,160.0,160.0,160.0,160.0,165.0,169.95,169.99,170.0,174.9,174.99,175.0,175.0,179.99,179.99,180.0,180.0,180.0,180.0
2026-09-06 06:01:22,Pokemon Prismatic Evolutions ETB (Eng),single,1950,172.19,178.0,179.55,165.85,166.12,183.36,184.04,172.19,178.0,179.55,179.55,183.19,184.5,184.5,184.55,184.97,186.07,187.42,188.5,188.54,189.54,189.54,189.55,189.55,189.55,189.55,189.55,189.84,189.85,191.5,192.19,192.42,192.5,192.87,193.0,193.98,193.98,155.0,160.0,160.0,164.95,164.95,165.0,165.0,168.95,168.99,169.0,169.99,169.99,170.0,170.0,170.0,170.0,170.0,170.0,170.0,170.0,170.0,172.0,174.99,174.99,174.99,175.0,175.0,175.0,175.0,176.0
2026-09-06 06:01:22,Prismatic Evolutions Super-Premium Collection (Eng),single,1610,284.76,284.77,287.77,270.23,272.04,289.08,290.65,284.76,284.77,287.77,288.69,288.77,288.93,289.55,289.55,289.62,289.77,294.54,294.55,294.77,295.98,297.69,297.89,298.55,299.55,302.9,303.69,303.69,304.05,306.37,308.54,308.64,308.69,308.69,317.99,318.69,318.77,264.99,265.0,268.0,269.0,269.85,270.0,270.0,270.0,270.0,274.99,275.0,275.0,279.0,279.9,279.94,280.0,280.0,284.5,288.99,289.0,289.0,289.9,289.99,295.0,295.0,299.0,299.95,299.95,299.95,299.98
2026-09-06 06:01:22,Prismatic Evolutions Super-Premium Collection (De),single,1610,211.69,213.67,213.68,206.0,207.03,215.25,216.12,211.69,213.67,213.68,213.69,213.69,213.69,215.69,215.69,217.68,218.19,218.68,218.69,218.69,218.69,219.68,219.69,220.69,221.4,222.69,223.69,223.69,224.77,228.69,228.69,228.69,232.58,233.59,238.19,238.69,238.69,203.0,204.98,204.99,205.0,205.0,205.0,205.0,207.0,207.0,208.99,209.5,209.99,210.0,210.0,210.0,210.99,211.0,212.0,214.0,214.9,215.0,215.0,219.99,220.0,220.0,220.0,220.0,220.0,224.9,226.58
2026-09-06 06:01:22,Pokemon Black Bolt & White Flare Unova Mini Tin Display (Eng),single,135,241.99,242.19,242.19,243.36,247.72,251.39,258.53,241.99,242.19,242.19,247.09,248.5,251.48,251.49,251.98,256.19,262.19,267.42,269.94,271.2,286.99,287.18,294.55,299.5,302.14,306.87,307.17,307.18,312.7,319.54,407.19,614.17,1014.17,,,,,224.0,235.0,235.0,236.0,239.9,245.0,245.99,245.99,249.0,249.99,250.0,255.0,259.99,269.95,275.0,279.8,279.95,279.99,294.95,299.68,299.98,299.99,299.99,400.0,599.99,999.99,,,,
2026-09-06 06:01:22,Pokemon Lost Abyss Booster Display (Jpn),single,117,217.47,235.19,240.94,232.87,235.06,247.8,252.05,217.47,235.19,240.94,242.19,242.19,243.79,248.78,252.19,255.19,257.14,257.18,264.55,268.0,272.19,283.73,289.19,289.55,294.55,297.18,306.19,307.18,307.18,307.19,313.73,318.1,318.78,329.99,352.19,353.72,356.19,200.0,219.95,220.0,225.0,228.0,229.99,235.0,235.0,245.0,245.0,245.0,248.0,249.95,249.99,250.0,265.0,270.0,275.0,280.0,282.0,289.99,289.99,293.9,299.0,299.0,299.99,299.99,299.99,299.99,299.99
2026-09-06 06:01:22,Pokemon Terastal Festival ex Booster Display (Jpn),single,941,108.09,112.19,112.47,101.37,103.06,117.72,118.63,108.09,112.19,112.47,115.99,116.45,116.47,117.19,118.05,122.19,122.99,122.99,123.0,123.1,123.1,125.19,126.19,126.19,127.08,127.18,127.18,127.18,127.19,127.19,127.98,128.09,132.1,132.18,133.09,133.09,133.1,94.99,95.0,98.98,99.0,99.0,99.0,100.0,104.95,105.0,105.0,105.0,109.99,110.0,110.0,110.0,114.99,115.0,115.0,116.0,118.0,119.0,119.0,119.89,119.99,119.99,119.99,119.99,120.0,120.0,120.0
2026-09-06 18:01:30,Pokemon Destined Rivals Booster Display (Eng),single,1274,357.42,366.19,372.5,349.75,347.87,373.74,373.19,357.42,366.19,372.5,373.0,373.9,373.9,373.9,373.9,374.39,374.39,375.39,376.47,376.47,377.19,378.9,380.47,381.5,382.42,382.49,383.5,383.55,383.79,383.9,384.5,384.9,386.06,386.07,386.47,386.5,386.55,329.99,340.0,349.0,349.0,350.0,350.0,350.0,350.0,350.0,350.0,350.0,350.0,350.0,350.0,350.0,354.0,355.0,359.0,359.99,360.0,360.0,360.0,361.0,364.0,365.0,365.0,365.0,365.0,367.0,368.99
2026-09-06 18:01:30,Pokemon Destined Rivals Booster Display Case (Eng),case,180,2267.45,2292.45,2310.22,2259.75,2276.4,2311.32,2340.52,2267.45,2292.45,2310.22,2311.17,2331.45,2342.45,2350.0,2400.0,2400.0,2400.0,2488.89,2500.0,2517.48,2553.4,2553.4,2599.0,2599.89,2602.4,2641.45,2642.45,2692.45,2761.16,2761.17,2795.0,2800.0,2846.69,2849.0,2849.17,2900.0,2949.0,2225.0,2250.0,2250.0,2250.0,2289.0,2300.0,2300.0,2300.0,2300.0,2300.0,2400.0,2450.0,2450.0,2479.0,2499.0,2499.0,2499.0,2499.89,2599.0,2600.0,2645.0,2650.0,2650.0,2699.0,2699.99,2700.0,2700.0,2750.0,2788.0,2799.0
2026-09-06 18:01:30,Pokemon Black Bolt ETB (Eng),single,504,137.19,140.18,140.19,131.35,132.09,145.41,146.67,137.19,140.18,140.19,142.17,142.19,143.55,147.19,148.69,149.42,149.9,151.42,151.5,152.14,152.18,152.19,152.6,152.98,153.0,153.59,153.6,155.99,156.14,156.44,157.09,157.09,157.09,157.18,157.19,157.42,158.59,125.0,127.5,129.9,129.95,130.0,130.0,132.0,132.99,132.99,133.0,134.0,134.98,135.0,135.0,139.0,139.9,139.99,139.99,140.0,140.0,140.0,140.0,140.0,143.9,144.5,144.95,144.99,144.99,145.0,145.0
2026-09-06 18:01:30,Pokemon Ascended Heroes ETB (Eng),single,1390,171.69,171.69,172.18,159.62,160.59,176.71,177.57,171.69,171.69,172.18,176.14,176.19,176.42,176.99,177.42,178.79,179.55,179.89,180.5,181.5,182.18,182.37,182.41,182.42,182.42,182.5,182.5,182.99,184.47,184.49,184.49,184.5,184.5,184.55,184.55,185.18,185.19,154.99,158.0,159.0,159.0,159.0,159.99,160.0,160.0,160.0,160.0,162.0,162.99,164.5,164.5,164.94,164.95,164.95,164.95,164.99,164.99,165.0,165.0,165.0,165.0,165.0,165.5,167.0,167.95,168.0,168.95
2026-09-06 18:01:30,Pokemon Ascended Heroes ETB Case (Eng),case,127,1746.12,1782.44,1791.45,1732.25,1750.78,1790.34,1808.5,1746.12,1782.44,1791.45,1792.45,1795.0,1811.17,1837.45,1841.45,1842.45,1845.0,1861.16,1867.45,1887.45,1892.45,1897.7,1900.0,1919.0,1947.8,1996.8,1997.8,2000.0,2000.0,2004.89,2017.48,2042.44,2042.45,2047.8,2049.99,2083.25,2090.0,1684.95,1695.0,1739.99,1745.0,1749.0,1750.0,1750.0,1795.0,1799.0,1799.9,1799.99,1800.0,1800.0,1819.0,1825.0,1845.0,1850.0,1850.0,1899.0,1900.0,1900.0,1900.0,1949.99,1950.0,1990.0,1995.0,1999.0,1999.0,1999.0,1999.99
2026-09-06 18:01:30,Pokemon 30th Celebration ETB (Eng),single,1041,174.74,181.45,181.49,171.97,171.98,182.17,182.85,174.74,181.45,181.49,181.86,181.9,181.98,182.0,182.19,182.93,182.99,183.9,183.99,183.99,186.99,190.42,192.49,192.74,192.95,194.94,199.5,201.9,203.5,204.9,204.98,209.5,214.4,216.4,217.39,219.5,227.35,163.99,164.98,164.99,169.95,169.99,173.0,173.95,174.0,174.94,174.95,175.0,175.0,175.0,175.0,175.0,175.0,177.0,179.95,179.95,181.85,185.0,185.0,189.95,189.99,195.0,195.95,196.98,198.98,199.95,199.99
2026-09-06 18:01:30,Pokemon 30th Celebration Booster Bundle (Eng),single,372,100.45,101.28,101.3,95.2,95.76,105.97,109.94,100.45,101.28,101.3,101.73,102.4,104.98,107.99,108.9,109.98,110.5,111.19,114.98,117.17,123.19,133.1,,,,,,,,,,,,,,,,84.99,89.99,92.95,93.51,94.0,94.9,94.94,96.4,97.39,97.5,99.95,99.98,99.99,99.99,99.99,,,,,,,,,,,,,,,
2026-09-06 18:01:30,Pokemon 30th Celebration Umbreon UPC (Eng),single,87,590.94,598.93,599.95,597.34,610.82,612.82,627.88,590.94,598.93,599.95,605.04,609.55,609.98,614.95,617.13,617.9,628.06,633.19,639.98,796.9,,,,,,,,,,,,,,,,,,579.95,580.0,589.94,589.94,599.0,599.94,599.95,599.98,599.99,600.0,609.93,612.0,780.0,,,,,,,,,,,,,,,,,
2026-09-06 18:01:30,Pokemon 30th Celebration Espeon UPC (Eng),single,108,584.94,588.93,590.09,585.59,600.33,604.86,619.06,584.94,588.93,590.09,593.13,594.55,599.94,613.19,614.95,614.99,618.06,796.9,,,,,,,,,,,,,,,,,,,,565.0,573.95,574.99,574.99,575.0,579.94,580.0,599.93,599.93,599.95,780.0,,,,,,,,,,,,,,,,,,,
2026-09-06 18:01:30,Pokemon 30th Celebration Mini Tin Display (Eng),single,51,299.9,307.4,330.94,354.85,343.86,372.11,358.42,299.9,307.4,330.94,342.25,368.9,372.42,379.9,388.19,396.9,397.4,,,,,,,,,,,,,,,,,,,,,299.89,299.9,299.94,329.95,355.0,359.95,360.0,374.0,379.98,380.0,,,,,,,,,,,,,,,,,,,,
2026-09-06 18:01:30,Pokemon Destined Rivals Booster Display (De),single,1274,261.19,268.79,272.19,269.74,269.92,278.15,278.98,261.19,268.79,272.19,272.19,277.19,277.19,280.89,281.19,282.14,282.19,284.85,286.19,286.19,286.19,286.19,287.09,287.78,288.79,292.18,292.38,296.19,297.09,297.18,297.19,297.19,297.19,302.18,304.85,304.89,305.19,250.0,254.0,265.0,265.0,268.99,270.0,270.0,270.0,274.0,274.9,274.95,275.0,279.0,279.0,279.0,279.0,279.88,279.9,279.9,284.99,289.0,289.9,289.99,289.99,290.0,290.0,290.0,294.99,298.0,298.99
2026-09-06 18:01:30,Pokemon Ascended Heroes Mini Tin Display (Eng),single,190,282.8,311.0,311.47,296.01,299.8,320.67,321.82,282.8,311.0,311.47,311.5,321.38,321.45,323.88,324.49,324.8,326.36,327.18,329.55,337.14,337.18,337.19,337.42,345.99,352.19,357.19,359.55,366.45,366.9,369.55,369.55,371.2,386.44,386.99,403.97,403.99,406.39,250.0,280.0,280.0,285.0,287.0,292.0,299.89,299.99,310.0,314.19,314.99,318.99,319.99,320.0,325.0,329.95,329.99,330.0,340.0,344.99,345.0,349.99,350.0,350.0,350.0,350.0,379.8,390.0,398.99,399.0
2026-09-06 18:01:30,Pokemon Ascended Heroes Booster Bundle Display (Eng),case,236,1040.0,1145.0,1176.0,1080.0,1090.99,1173.58,1177.43,1040.0,1145.0,1176.0,1186.6,1186.7,1199.0,1200.0,1200.0,1200.0,1240.99,1250.0,1299.0,1300.0,1300.0,1300.0,1300.0,1300.0,1320.0,1336.7,1336.7,1349.0,1350.0,1350.0,1362.0,1365.68,1380.89,1399.99,1536.69,1563.73,1600.0,940.0,1045.0,1076.0,1099.0,1100.0,1100.0,1100.0,1149.9,1150.0,1150.0,1198.99,1199.0,1200.0,1200.0,1200.0,1200.0,1200.0,1220.0,1249.0,1250.0,1250.0,1262.0,1299.99,1300.0,1300.0,1350.0,1375.0,1499.99,1500.0,1500.0
2026-09-06 18:01:30,Pokemon Ascended Heroes Pokemon Center ETB (Eng),single,276,328.79,328.79,347.79,363.62,375.87,391.08,400.76,328.79,328.79,347.79,357.19,370.39,395.39,411.5,413.1,413.73,419.55,425.39,446.19,451.19,451.19,451.19,455.19,455.38,461.5,463.72,467.42,467.69,469.19,469.55,472.5,476.47,489.55,492.19,497.18,497.19,499.55,310.0,310.0,329.0,345.0,350.0,350.0,370.0,375.0,390.0,399.99,400.0,400.0,429.99,439.0,440.0,444.0,444.0,444.0,448.0,449.95,450.0,450.0,450.0,450.0,462.0,470.0,480.0,485.0,485.0,489.99
2026-09-06 18:01:30,Pokemon Ascended Heroes Pokemon Center ETB (De),single,276,153.6,162.39,163.19,158.86,160.59,172.5,173.63,153.6,162.39,163.19,167.19,172.19,172.19,173.99,175.18,177.19,178.9,179.55,182.18,182.19,182.19,182.38,187.09,187.18,187.19,192.19,196.48,197.09,197.18,197.19,203.1,205.19,206.19,206.68,207.09,207.14,207.18,140.0,140.0,149.99,154.9,156.0,159.99,160.0,160.0,165.0,165.0,167.99,170.0,170.0,174.99,175.0,175.0,179.9,179.99,180.0,185.0,189.69,189.9,189.99,189.99,190.0,198.0,199.0,199.49,199.9,199.95
2026-09-06 18:01:30,Pokemon Ascended Heroes ETB (De),single,1390,116.18,117.18,117.18,110.0,110.0,117.19,117.19,116.18,117.18,117.18,117.18,117.19,117.19,117.19,117.19,117.19,117.19,117.19,117.19,117.19,117.19,118.3,120.09,120.14,120.18,120.18,120.19,121.09,121.19,121.19,121.19,122.14,122.19,122.19,122.19,122.19,122.19,108.99,109.99,109.99,109.99,110.0,110.0,110.0,110.0,110.0,110.0,110.0,110.0,110.0,110.0,111.11,112.9,112.95,112.99,112.99,113.0,113.9,114.0,114.0,114.95,115.0,115.0,115.0,115.0,115.0,115.0
2026-09-06 18:01:30,Pokemon Silver Tempest Booster Display (Eng),single,324,392.19,402.19,402.19,392.62,394.8,410.59,412.96,392.19,402.19,402.19,402.19,407.18,412.18,412.19,412.19,417.19,419.42,420.49,422.09,422.19,423.39,427.18,427.18,431.5,432.19,433.0,434.55,434.55,438.79,438.99,439.55,442.19,442.74,445.38,446.19,453.73,454.08,385.0,385.0,385.0,385.0,390.0,395.0,395.0,395.0,397.99,398.0,399.0,399.99,402.0,404.99,405.0,405.0,409.0,410.0,410.0,414.9,415.0,415.0,415.0,419.99,419.99,419.99,420.0,420.0,424.99,425.0
2026-09-06 18:01:30,Pokemon Lost Origin Booster Display (Eng),single,359,613.68,614.16,614.18,607.93,610.16,629.18,639.52,613.68,614.16,614.18,614.18,624.18,634.16,634.18,634.18,634.18,644.18,660.49,664.13,664.17,664.17,678.55,678.55,685.0,689.84,689.95,694.07,694.08,699.0,703.55,704.18,708.76,713.18,713.18,718.12,719.0,719.99,589.95,599.0,599.5,599.98,600.0,600.0,610.0,615.0,619.0,619.98,619.99,620.0,620.0,620.0,620.0,620.0,625.0,630.0,640.0,649.0,649.0,649.95,649.99,649.99,649.99,650.0,674.0,675.0,675.66,679.89
2026-09-06 18:01:30,Pokemon Chilling Reign Booster Display (Eng),single,171,386.19,405.18,417.5,410.48,414.85,429.4,431.03,386.19,405.18,417.5,422.5,424.09,425.39,431.5,432.49,437.18,444.55,447.19,447.19,447.45,447.5,449.55,457.19,464.55,466.42,469.55,469.55,469.55,471.85,497.79,503.72,507.14,507.19,507.19,510.4,518.55,519.55,379.0,395.0,397.99,400.0,400.0,409.0,409.99,416.9,424.95,425.0,425.0,429.99,430.0,439.99,440.0,440.0,445.0,449.0,450.0,450.0,450.0,450.0,450.0,479.0,499.0,499.0,499.9,499.95,500.0,500.0
2026-09-06 18:01:30,Pokemon Crown Zenith ETB (Eng),single,350,292.19,294.99,297.18,291.34,293.11,305.34,306.01,292.19,294.99,297.18,304.55,306.19,306.19,307.12,307.13,307.14,307.19,307.41,312.19,312.19,313.99,314.55,315.29,317.79,319.53,319.55,321.5,322.5,322.5,322.74,326.98,327.14,327.18,327.19,327.5,329.05,329.41,285.0,285.0,288.88,289.9,289.98,289.99,289.99,290.0,295.0,297.0,299.0,299.0,299.0,299.0,299.93,299.94,299.95,299.98,299.99,300.0,300.0,300.0,300.0,305.0,305.0,305.0,305.0,305.0,309.5,309.99
2026-09-06 18:01:30,Pokemon VSTAR Universe Booster Display (Jpn),single,831,172.47,174.55,176.19,163.24,164.45,177.52,178.41,172.47,174.55,176.19,177.09,177.09,177.19,177.46,177.99,178.19,178.98,179.19,182.18,182.19,182.19,183.19,184.55,184.68,185.19,187.19,188.79,189.5,191.19,192.09,192.19,192.19,193.1,194.18,194.55,194.55,194.55,155.0,155.0,155.0,159.99,160.0,160.0,165.0,167.0,169.0,169.9,169.9,169.99,170.0,170.0,171.0,172.0,174.99,174.99,175.0,175.0,175.0,175.0,175.0,175.0,175.0,176.0,177.49,178.0,180.0,180.0
2026-09-06 18:01:30,Pokemon Flareon VMAX Premium Collection EU Version (Eng),single,76,304.48,307.18,307.19,300.0,304.33,313.48,321.21,304.48,307.18,307.19,307.19,307.19,307.5,317.5,319.54,319.55,322.19,322.5,327.19,337.74,347.41,363.73,375.72,382.45,413.72,419.54,506.19,507.18,507.18,507.18,507.18,518.79,750.0,950.0,982.94,,,285.0,295.0,299.99,299.99,299.99,300.0,300.0,300.0,300.0,300.0,300.0,315.0,320.0,320.0,329.99,349.99,350.0,359.95,399.99,499.0,499.99,499.99,499.99,499.99,500.0,650.0,850.0,890.0,,
2026-09-06 18:01:30,Pokemon Jolteon VMAX Premium Collection EU Version (Eng),single,73,294.99,298.97,302.09,298.48,299.79,306.64,311.18,294.99,298.97,302.09,302.19,304.48,304.98,307.18,307.19,307.19,317.79,319.5,322.19,322.19,327.19,329.55,347.41,363.73,363.73,367.73,375.72,382.45,413.72,419.54,506.19,507.18,507.18,518.79,750.0,950.0,,290.0,293.98,294.9,295.0,298.99,299.0,299.95,299.99,299.99,300.0,300.0,300.0,300.0,310.0,315.0,315.0,320.0,329.99,349.99,349.99,350.0,359.95,399.99,499.0,499.99,499.99,500.0,650.0,850.0,
2026-09-06 18:01:30,Pokemon Vaporeon VMAX Premium Collection EU Version (Eng),single,64,319.5,319.99,322.19,319.25,324.26,330.39,339.71,319.5,319.99,322.19,327.18,327.19,327.19,327.79,337.19,337.19,337.19,347.5,357.18,357.19,363.73,387.41,406.19,413.72,419.54,422.45,425.72,457.18,506.19,507.18,518.79,850.0,950.0,954.55,982.94,,,299.95,300.0,309.0,315.0,315.0,319.99,320.0,320.0,325.0,330.0,330.0,330.0,349.99,349.99,350.0,369.99,399.0,399.95,399.99,400.0,449.99,499.0,499.99,500.0,750.0,850.0,890.0,925.0,,
2026-09-06 18:01:30,Pokemon Celebrations ETB (De),single,350,307.19,318.79,327.17,323.75,326.93,330.94,335.56,307.19,318.79,327.17,327.18,329.41,332.14,332.18,332.19,332.19,335.09,337.18,352.18,356.19,357.19,357.19,360.69,365.19,367.18,376.49,377.19,378.1,378.74,393.69,393.79,397.19,402.19,406.88,407.19,407.19,407.79,300.0,300.0,319.98,319.99,322.22,324.95,324.99,325.0,325.0,327.9,329.99,340.0,344.99,349.0,350.0,350.0,353.5,358.0,359.95,359.99,370.0,371.5,375.0,386.5,389.0,390.0,395.0,399.69,400.0,400.0
2026-09-06 18:01:30,Pokemon Champions Path ETB (Eng),single,160,147.19,152.19,155.19,149.12,150.93,161.26,162.94,147.19,152.19,155.19,157.18,157.18,157.19,164.18,164.99,166.98,167.19,167.19,168.78,172.19,172.5,173.99,174.24,176.19,176.19,177.19,177.19,178.1,179.55,182.5,183.1,184.97,186.18,186.19,189.5,193.19,193.99,140.0,145.0,145.0,148.0,149.99,149.99,149.99,149.99,150.0,150.0,150.0,156.99,159.0,159.99,160.0,160.0,160.0,160.0,164.75,165.0,169.0,169.0,169.95,169.99,170.0,170.0,174.95,174.95,179.0,179.95
2026-09-06 18:01:30,Pokemon Tag Team Pikachu & Zekrom GX Premium Collection (Eng),single,57,284.55,287.19,290.19,295.61,300.66,310.57,316.65,284.55,287.19,290.19,292.19,307.18,309.55,316.42,321.4,322.19,325.47,326.42,337.5,339.55,342.74,347.19,347.5,357.19,368.55,371.49,377.19,385.98,406.74,425.47,425.72,454.48,487.19,506.19,506.19,523.0,650.0,265.0,280.0,283.0,285.0,290.0,299.0,299.0,299.9,299.99,309.0,315.0,315.0,320.0,325.0,325.0,340.0,349.0,349.99,350.0,370.0,379.99,399.0,399.99,400.0,449.99,480.0,499.0,499.0,500.0,550.0
2026-09-06 18:01:30,Pokemon Tag Team Reshiram & Charizard GX Premium Collection (Eng),single,26,297.19,319.5,325.19,325.75,337.53,340.62,352.01,297.19,319.5,325.19,326.19,335.39,337.18,341.47,344.55,346.19,368.79,371.48,378.55,387.74,396.19,404.48,406.19,407.19,490.98,650.0,773.0,2214.13,,,,,,,,,,290.0,299.95,310.0,315.0,318.0,319.0,325.0,329.99,339.0,349.98,350.0,359.0,370.0,389.0,399.0,399.99,400.0,479.99,550.0,750.0,2199.95,,,,,,,,,
2026-09-06 18:01:30,Pokemon VMAX Climax Booster Display (Jpn),single,156,164.19,166.19,167.18,161.62,162.92,173.48,174.35,164.19,166.19,167.18,171.17,172.19,173.19,174.55,176.19,176.19,177.18,177.19,177.19,177.99,182.18,182.49,184.55,185.7,187.18,187.19,187.19,187.47,187.5,188.79,192.19,192.74,193.1,194.19,194.97,197.09,197.14,155.0,157.0,159.0,159.99,159.99,160.0,160.0,163.98,165.0,165.0,165.0,166.0,169.0,169.0,169.9,169.99,169.99,170.0,170.0,170.0,170.0,174.99,175.0,179.99,180.0,180.0,185.0,185.0,187.0,189.9
2026-09-06 18:01:30,Pokemon Battle Region Booster Display (Jpn),single,87,78.48,80.18,81.09,73.98,74.98,83.88,86.08,78.48,80.18,81.09,82.14,82.18,83.1,84.19,85.99,86.18,86.19,87.08,92.47,92.47,93.05,96.47,96.99,102.47,103.1,103.69,105.82,106.47,106.99,107.18,107.19,108.1,108.69,111.87,113.09,113.1,113.47,69.0,70.0,70.0,72.99,73.9,74.95,74.99,74.99,75.0,75.0,77.0,78.99,79.0,79.0,79.89,79.95,79.99,80.0,80.0,84.9,85.0,89.0,89.34,89.9,90.0,95.0,96.0,99.0,99.98,99.99
2026-09-06 18:01:30,Pokemon Clay Burst Booster Display (Jpn),single,255,92.17,92.18,92.19,86.5,87.41,96.56,98.88,92.17,92.18,92.19,92.19,95.19,96.47,97.19,98.1,99.19,101.99,102.19,103.98,106.47,106.48,107.19,107.46,109.25,110.35,112.37,112.98,112.98,113.1,113.47,115.08,117.09,117.18,117.18,118.65,118.99,119.14,79.0,84.98,84.99,85.0,85.0,85.0,85.0,88.0,89.0,89.99,90.0,90.0,90.0,92.0,93.16,94.9,95.0,95.0,96.0,99.88,99.88,99.99,100.0,100.0,100.0,105.0,107.89,109.9,109.99,109.99
2026-09-06 18:01:30,Pokemon Fusion Strike Booster Display (Eng),single,199,791.17,791.18,793.18,797.8,811.22,831.26,843.83,791.17,791.18,793.18,794.18,814.17,828.54,844.5,849.05,862.41,864.08,864.18,878.55,893.1,894.18,895.0,899.55,914.17,914.18,923.72,929.9,938.0,945.0,950.0,950.0,962.73,964.17,970.0,982.85,995.99,999.99,776.99,777.0,779.0,780.0,795.0,795.0,798.99,799.99,814.95,819.5,838.0,845.0,849.0,849.9,850.0,850.0,850.0,850.0,859.99,870.0,870.0,880.0,895.99,899.0,899.9,899.99,899.99,900.0,900.0,900.0
2026-09-06 18:01:30,Pokemon Astral Radiance Booster Display (Eng),single,283,352.19,357.18,360.48,355.09,357.38,377.19,378.97,352.19,357.18,360.48,366.19,379.29,379.5,379.55,382.5,384.55,385.49,388.1,388.1,390.49,395.44,395.47,395.72,396.47,402.19,407.09,407.19,407.19,412.72,422.19,422.5,422.98,437.18,443.72,447.5,451.63,457.17,345.0,348.99,349.99,350.0,350.0,354.99,356.79,359.0,359.95,360.0,360.0,362.99,365.0,368.97,369.0,370.0,370.0,379.99,379.99,395.0,399.9,399.98,400.0,400.0,400.0,415.0,425.0,429.99,444.44,449.88
2026-09-06 18:01:30,Pokemon Lost Origin ETB (Eng),single,239,192.19,197.18,197.19,192.98,193.99,203.88,206.03,192.19,197.18,197.19,201.19,202.09,202.18,206.89,207.14,207.19,207.19,208.99,212.41,214.89,216.18,217.5,217.79,219.54,221.5,221.5,221.69,222.14,223.0,223.99,228.78,232.19,232.75,235.69,237.9,239.9,247.9,184.99,185.0,189.99,190.0,190.0,194.0,194.9,194.99,194.99,195.0,199.0,199.0,199.0,199.0,199.95,199.99,199.99,199.99,200.0,200.0,205.0,208.99,209.9,209.9,209.99,214.5,214.95,215.0,220.0,225.0
2026-09-06 18:01:30,Pokemon Crown Zenith Galarian Articuno Tin US Version (Eng),single,24,141.0,144.06,156.19,149.12,165.93,167.78,179.86,141.0,144.06,156.19,157.19,162.5,166.47,172.5,173.99,176.19,177.18,177.18,178.09,207.18,207.19,300.96,442.75,,,,,,,,,,,,,,,133.0,133.06,140.0,140.0,144.99,149.0,149.99,150.0,150.0,169.0,169.99,169.99,199.99,200.0,289.97,400.0,,,,,,,,,,,,,,
2026-09-06 18:01:30,Pokemon Crown Zenith Galarian Zapdos Tin US Version (Eng),single,29,132.99,134.19,135.18,130.94,136.83,145.41,150.51,132.99,134.19,135.18,137.18,137.42,144.08,149.1,151.63,152.5,156.19,157.18,157.19,163.09,172.5,177.18,207.18,227.19,442.75,,,,,,,,,,,,,116.0,120.0,124.99,127.0,127.99,129.99,129.99,130.0,133.08,144.44,149.0,149.99,150.0,150.0,169.99,199.99,220.0,400.0,,,,,,,,,,,,
2026-09-06 18:01:30,Pokemon Crown Zenith Galarian Moltres Tin US Version (Eng),single,19,157.0,157.19,167.14,156.24,176.71,174.74,196.99,157.0,157.19,167.14,167.18,172.5,172.5,172.75,177.18,182.18,186.47,193.09,202.75,207.18,442.75,,,,,,,,,,,,,,,,,130.0,149.0,150.0,150.0,150.0,159.95,159.99,159.99,160.0,160.0,169.99,174.99,199.99,400.0,,,,,,,,,,,,,,,,
2026-09-06 18:01:30,Pokemon 151 Zapdos ex Collection (Eng),single,194,122.19,126.18,126.19,120.62,121.52,135.44,137.07,122.19,126.18,126.19,126.19,133.0,137.18,138.05,138.73,141.79,142.42,143.04,143.05,143.09,147.5,147.5,147.74,152.19,152.5,157.18,157.19,158.1,158.19,162.75,163.05,163.1,163.1,168.0,172.49,197.5,222.5,109.0,109.99,115.0,118.99,119.0,119.0,120.0,123.0,124.95,125.0,125.0,125.0,129.0,129.94,129.95,129.99,130.0,130.0,130.0,134.9,145.0,149.95,149.99,149.99,150.0,150.0,150.0,151.0,175.0,199.95
2026-09-06 18:01:30,Pokemon 151 UPC (Eng),single,395,690.68,695.67,700.68,726.87,727.53,746.8,747.12,690.68,695.67,700.68,715.68,745.68,755.68,760.68,764.68,765.67,765.68,765.68,765.68,765.68,774.5,774.55,789.68,795.68,799.55,802.05,804.5,809.55,812.19,813.68,814.68,814.68,815.68,819.55,820.19,825.0,825.68,675.0,679.99,685.0,700.0,725.0,730.0,740.0,744.95,745.0,745.0,745.0,749.0,749.0,749.99,750.0,750.0,750.0,750.0,770.0,770.0,772.5,774.0,774.95,779.0,780.0,780.0,780.0,780.0,785.0,787.0
2026-09-06 18:01:30,Pokemon 151 UPC (De),single,395,650.68,655.68,665.68,687.37,698.52,703.05,714.2,650.68,655.68,665.68,675.67,690.68,710.67,715.63,715.67,715.68,734.68,740.58,744.68,765.63,765.68,765.68,805.9,805.9,805.9,812.98,814.68,815.17,815.67,815.67,895.68,898.95,899.0,915.67,915.67,915.67,949.99,635.0,640.0,650.0,659.99,675.0,694.99,699.95,699.99,700.0,719.0,724.9,729.0,749.95,750.0,750.0,798.95,799.0,799.0,799.49,799.99,799.99,799.99,800.0,800.0,800.0,849.99,850.0,850.0,880.0,899.99
2026-09-06 18:01:30,Pokemon 151 Booster Display (Jpn),single,548,269.54,270.99,275.18,265.37,265.12,276.79,277.71,269.54,270.99,275.18,275.19,275.19,276.19,277.18,277.18,277.19,280.99,282.07,282.18,282.19,282.19,282.19,282.19,282.19,282.19,283.79,284.55,287.19,287.19,287.19,287.19,289.99,292.18,294.18,294.55,297.18,297.19,249.99,250.0,260.0,260.0,265.0,265.0,267.99,268.0,268.0,269.0,269.0,269.99,269.99,270.0,274.88,274.99,275.0,275.0,275.0,275.0,275.0,275.0,275.0,275.0,279.0,280.0,280.0,280.0,280.0,280.0
2026-09-06 18:01:30,Pokemon Paradigm Trigger Booster Display (Jpn),single,172,114.18,127.09,127.19,121.49,123.05,134.36,134.78,114.18,127.09,127.19,129.19,132.47,136.09,137.18,137.19,137.47,138.1,138.1,140.14,141.19,142.18,143.98,147.09,147.19,147.42,148.0,151.42,152.19,153.1,156.19,156.19,157.46,157.75,163.05,166.19,166.37,167.19,106.99,115.0,115.0,119.9,120.0,120.0,122.0,125.0,125.0,125.0,128.9,129.99,130.0,130.0,132.95,134.0,134.0,134.99,139.9,139.99,139.99,140.0,140.0,140.0,145.0,148.9,149.0,149.0,149.95,159.0
2026-09-06 18:01:30,Pokemon Star Birth Booster Display (Jpn),single,110,122.19,129.19,131.19,126.55,127.82,135.4,137.2,122.19,129.19,131.19,132.19,132.19,133.14,136.19,137.18,138.98,142.14,143.05,143.09,145.18,145.9,146.18,146.19,147.19,147.5,149.19,156.19,157.19,157.19,157.47,161.47,164.48,166.47,167.47,167.99,182.19,183.1,115.0,122.0,124.0,125.0,125.0,125.0,125.95,128.48,129.0,129.95,129.99,129.99,134.95,134.99,137.99,138.99,139.0,140.0,140.0,142.0,144.0,149.0,149.0,150.0,150.0,150.0,150.0,150.0,159.99,175.0
2026-09-06 18:01:30,Pokemon Violet ex Booster Display (Jpn),single,210,74.18,74.19,77.18,68.12,69.16,78.89,80.68,74.18,74.19,77.18,77.18,77.18,77.19,78.1,79.69,81.89,82.69,83.18,84.78,87.18,87.47,88.09,91.99,92.98,92.98,93.05,93.09,93.88,94.24,94.53,94.88,95.08,95.89,96.79,96.89,97.19,98.09,64.9,64.99,65.0,65.99,66.99,67.0,69.99,69.99,69.99,70.0,70.0,70.0,72.5,74.99,75.0,75.0,75.5,75.99,77.54,78.9,79.88,79.88,79.9,79.95,79.99,79.99,79.99,80.0,80.0,87.89
2026-09-06 18:01:30,Pokemon Brilliant Stars Booster Display (De),single,211,341.18,342.14,342.19,339.45,349.97,348.57,361.4,341.18,342.14,342.19,343.79,344.09,344.85,347.14,352.14,357.18,357.19,383.73,384.89,386.19,387.19,407.18,446.19,454.97,456.69,486.19,488.79,502.19,503.17,506.19,506.87,507.09,507.18,518.78,518.79,604.13,1014.17,320.0,325.0,333.99,334.95,335.0,336.9,339.9,339.95,344.95,349.99,350.0,379.0,379.9,380.0,399.99,439.0,449.5,449.99,470.0,479.0,495.0,495.98,499.0,499.68,499.9,499.99,499.99,500.0,589.95,999.99
2026-09-06 18:01:30,Pokemon Lost Origin Booster Display (De),single,359,365.18,372.19,377.18,376.6,381.9,383.64,388.99,365.18,372.19,377.18,377.19,380.19,381.19,383.18,387.19,390.89,392.09,403.09,406.08,406.13,406.19,406.89,407.18,407.18,407.19,407.19,432.19,436.19,456.18,457.17,457.18,457.19,457.19,462.89,487.14,488.79,493.79,357.99,365.0,369.99,370.0,373.0,374.0,375.99,380.0,384.9,384.9,395.9,398.89,398.94,399.0,399.99,399.99,400.0,400.0,401.9,425.0,429.0,448.99,449.98,449.99,449.99,450.0,450.0,470.0,475.0,479.95
2026-09-06 18:01:30,Pokemon Twilight Masquerade Booster Display (De),single,281,252.19,256.14,258.79,265.44,272.18,274.41,280.77,252.19,256.14,258.79,272.08,272.14,272.19,277.09,277.19,278.74,287.07,287.09,302.13,304.98,306.87,306.87,318.79,407.18,1014.17,,,,,,,,,,,,,240.0,245.0,248.95,259.95,264.89,264.95,265.0,269.9,270.0,279.88,279.9,294.94,299.68,299.68,299.99,300.0,399.99,999.99,,,,,,,,,,,,
2026-09-06 18:01:30,Pokemon Prismatic Evolutions Mini Tin Display (Eng),single,327,264.55,265.18,267.99,248.01,248.74,271.13,273.14,264.55,265.18,267.99,269.44,270.47,270.8,270.91,272.5,272.5,274.4,276.45,277.19,281.0,281.18,282.5,284.85,286.18,286.5,286.68,287.18,287.75,289.54,292.19,292.74,294.55,297.17,297.19,297.45,299.5,301.44,235.0,244.0,244.44,245.0,245.0,249.89,249.9,249.9,249.99,249.99,250.0,250.0,250.0,257.99,259.99,260.0,264.0,269.99,270.0,273.99,275.0,278.99,279.49,279.9,279.9,279.95,279.99,280.0,285.0,289.0
2026-09-06 18:01:30,Pokemon Prismatic Evolutions Booster Bundle Display (Eng),case,189,1031.5,1056.5,1136.7,1081.25,1128.8,1146.17,1189.15,1031.5,1056.5,1136.7,1180.0,1211.5,1236.7,1237.68,1263.58,1265.68,1271.7,1285.68,1285.7,1285.7,1293.86,1296.86,1297.8,1300.0,1310.73,1320.73,1350.0,1354.89,1361.7,1361.7,1365.55,1365.56,1386.7,1399.0,1400.0,1400.0,1400.0,975.0,1000.0,1080.0,1100.0,1145.0,1189.0,1199.0,1200.0,1200.0,1200.0,1222.0,1235.0,1247.0,1247.9,1249.0,1249.0,1250.0,1250.0,1250.0,1270.0,1299.0,1300.0,1300.0,1300.0,1300.0,1325.0,1325.0,1325.0,1349.0,1349.87
2026-09-06 18:01:30,Pokemon Prismatic Evolutions ETB (De),single,1900,150.19,152.19,156.19,151.74,153.06,158.93,160.25,150.19,152.19,156.19,157.18,157.19,157.19,157.19,162.09,162.19,162.19,162.19,166.19,167.19,167.19,167.19,167.19,172.19,172.19,177.14,177.18,178.79,182.19,183.8,187.18,187.18,187.19,187.19,187.19,187.19,188.79,143.0,145.0,149.0,149.99,150.0,150.0,150.0,154.9,155.0,155.0,155.0,159.0,160.0,160.0,160.0,160.0,160.0,165.0,165.0,169.95,169.99,170.0,174.9,174.99,175.0,175.0,179.99,179.99,180.0,180.0
2026-09-06 18:01:30,Pokemon Prismatic Evolutions ETB (Eng),single,1900,178.0,179.55,183.19,168.36,167.46,185.97,186.2,178.0,179.55,183.19,184.5,184.55,184.97,186.07,187.42,188.5,188.54,189.54,189.54,189.55,189.55,189.55,189.55,189.55,189.84,189.85,191.5,192.19,192.42,192.5,192.87,193.0,193.98,193.98,193.99,193.99,194.5,155.0,160.0,164.95,165.0,168.95,168.99,169.0,169.99,169.99,170.0,170.0,170.0,170.0,170.0,170.0,170.0,170.0,170.0,172.0,174.99,174.99,174.99,175.0,175.0,175.0,175.0,175.0,175.0,176.0,179.0
2026-09-06 18:01:30,Prismatic Evolutions Super-Premium Collection (Eng),single,1610,283.73,284.76,284.77,270.36,273.2,288.71,291.09,283.73,284.76,284.77,288.69,288.77,288.93,289.55,289.55,289.62,289.77,294.77,295.98,297.69,297.89,301.9,302.9,303.69,303.69,306.37,308.54,308.64,308.69,308.69,317.99,318.69,318.77,319.5,319.5,319.54,319.77,264.99,265.0,269.0,269.0,269.85,270.0,270.0,270.0,270.0,275.0,276.4,279.9,279.94,280.0,288.99,289.0,289.9,289.99,295.0,295.0,299.0,299.95,299.95,299.95,299.98,299.99,299.99,299.99,300.0,300.0
2026-09-06 18:01:30,Prismatic Evolutions Super-Premium Collection (De),single,1610,213.67,215.69,218.19,217.05,218.35,228.61,230.08,213.67,215.69,218.19,224.77,228.69,228.69,228.69,232.58,233.59,233.64,238.19,238.69,238.69,238.69,238.69,238.69,241.11,241.21,241.21,241.68,243.69,246.2,247.68,247.69,248.68,248.69,248.69,248.69,248.71,250.64,204.98,205.0,207.0,209.5,219.9,220.0,220.0,220.0,220.0,220.0,224.9,224.95,224.99,226.58,227.5,229.5,230.0,230.0,230.0,230.0,230.0,232.99,235.0,238.99,239.0,239.99,240.0,240.0,240.0,241.95
2026-09-06 18:01:30,Pokemon Black Bolt & White Flare Unova Mini Tin Display (Eng),single,132,241.99,242.19,242.19,240.47,243.12,249.01,254.23,241.99,242.19,242.19,243.19,247.09,248.5,251.48,251.49,251.98,256.19,262.19,266.36,267.42,269.94,271.2,286.99,287.18,294.55,299.5,302.14,306.87,307.17,307.18,312.7,319.54,407.19,614.17,1014.17,,,224.0,235.0,235.0,236.0,236.0,239.89,239.9,245.0,245.99,245.99,249.0,249.99,250.0,255.0,259.99,269.95,275.0,279.8,279.95,279.99,294.95,299.68,299.98,299.99,299.99,400.0,599.99,999.99,,
2026-09-06 18:01:30,Pokemon Lost Abyss Booster Display (Jpn),single,117,235.19,240.94,242.19,232.87,235.66,249.83,255.73,235.19,240.94,242.19,242.19,243.79,248.78,252.19,255.19,257.14,257.18,264.55,268.0,272.19,272.73,283.73,289.19,289.55,294.55,297.18,306.19,307.18,307.18,307.19,313.73,318.1,318.78,329.99,352.19,353.72,356.19,209.0,219.95,220.0,225.0,228.0,229.99,235.0,235.0,245.0,245.0,245.0,248.0,249.95,249.99,250.0,265.0,270.0,275.0,280.0,282.0,289.99,289.99,293.9,299.0,299.0,299.99,299.99,299.99,299.99,300.0
2026-09-06 18:01:30,Pokemon Terastal Festival ex Booster Display (Jpn),single,1041,112.19,112.47,115.99,102.87,104.79,119.04,119.68,112.19,112.47,115.99,116.45,116.47,117.19,118.05,122.19,122.99,122.99,123.0,123.1,123.1,123.79,125.19,126.19,126.19,127.08,127.18,127.18,127.18,127.19,127.19,127.98,128.09,128.18,132.18,133.09,133.09,133.1,95.0,98.98,99.0,99.0,100.0,104.95,105.0,105.0,105.0,105.0,109.99,110.0,110.0,110.0,114.99,115.0,115.0,116.0,118.0,119.0,119.0,119.89,119.99,119.99,119.99,119.99,120.0,120.0,120.0,120.0
2026-09-07 06:01:27,Pokemon Destined Rivals Booster Display (Eng),single,1274,357.42,365.47,367.4,347.86,346.79,372.26,371.74,357.42,365.47,367.4,369.55,372.5,373.0,373.9,373.9,373.9,373.9,374.39,374.39,374.55,375.39,376.47,376.47,377.0,377.19,378.9,380.47,381.5,382.42,382.49,383.5,383.55,383.79,383.9,384.5,384.9,386.06,329.99,339.0,340.0,344.9,349.0,349.0,350.0,350.0,350.0,350.0,350.0,350.0,350.0,350.0,350.0,350.0,350.0,350.0,354.0,355.0,355.0,359.99,360.0,360.0,360.0,361.0,364.0,365.0,365.0,365.0
2026-09-07 06:01:27,Pokemon Destined Rivals Booster Display Case (Eng),case,180,2250.73,2289.99,2292.45,2210.0,2235.8,2295.61,2307.85,2250.73,2289.99,2292.45,2300.0,2300.0,2310.22,2311.17,2331.45,2342.45,2350.0,2400.0,2400.0,2400.0,2488.89,2500.0,2517.48,2518.47,2553.4,2553.4,2599.0,2599.89,2602.4,2641.45,2642.45,2692.45,2761.16,2761.17,2795.0,2800.0,2846.69,2129.0,2189.99,2200.0,2200.0,2250.0,2250.0,2250.0,2289.0,2300.0,2300.0,2300.0,2300.0,2300.0,2400.0,2450.0,2450.0,2479.0,2499.0,2499.0,2499.0,2499.89,2499.99,2599.0,2600.0,2645.0,2650.0,2650.0,2699.0,2699.99,2700.0
2026-09-07 06:01:27,Pokemon Black Bolt ETB (Eng),single,504,139.19,140.18,140.19,129.92,130.28,144.17,145.55,139.19,140.18,140.19,141.5,142.17,142.19,143.55,147.19,148.0,148.55,148.69,149.42,149.9,151.1,151.42,151.5,152.14,152.18,152.19,152.6,152.98,153.0,153.59,153.59,153.6,155.99,156.14,156.44,157.09,157.09,120.0,125.0,125.0,127.5,129.9,129.95,130.0,132.0,132.0,132.99,132.99,133.0,134.0,134.95,134.98,135.0,135.0,137.5,139.0,139.9,139.99,139.99,139.99,140.0,140.0,140.0,140.0,140.0,143.9,144.5
2026-09-07 06:01:27,Pokemon Ascended Heroes ETB (Eng),single,1390,171.69,171.69,172.18,159.37,159.93,175.82,176.9,171.69,171.69,172.18,172.42,176.14,176.19,176.42,176.99,177.42,178.79,179.55,179.89,180.5,181.5,182.18,182.37,182.41,182.42,182.42,182.5,182.5,182.99,184.47,184.49,184.49,184.5,184.5,184.55,184.55,185.18,154.99,155.0,158.0,159.0,159.0,159.0,159.99,160.0,160.0,160.0,160.0,162.0,162.99,164.5,164.5,164.94,164.95,164.95,164.95,164.99,164.99,165.0,165.0,165.0,165.0,165.0,165.5,167.0,167.95,168.0
2026-09-07 06:01:27,Pokemon Ascended Heroes ETB Case (Eng),case,127,1741.45,1746.12,1782.44,1719.75,1745.78,1779.0,1803.5,1741.45,1746.12,1782.44,1792.45,1795.0,1811.17,1837.45,1841.45,1842.45,1845.0,1861.16,1867.45,1887.45,1892.45,1897.7,1900.0,1919.0,1947.8,1996.8,1997.8,2000.0,2000.0,2004.89,2017.48,2042.44,2042.45,2047.8,2049.99,2083.25,2090.0,1684.95,1695.0,1699.0,1739.99,1745.0,1750.0,1750.0,1795.0,1799.0,1799.9,1799.99,1800.0,1800.0,1819.0,1825.0,1845.0,1850.0,1850.0,1899.0,1900.0,1900.0,1900.0,1949.99,1950.0,1990.0,1995.0,1999.0,1999.0,1999.0,1999.99
2026-09-07 06:01:27,Pokemon 30th Celebration ETB (Eng),single,1041,181.45,181.49,181.86,173.22,172.65,182.47,184.04,181.45,181.49,181.86,181.9,181.98,182.0,182.19,182.93,182.99,183.9,183.99,183.99,186.99,190.42,192.49,192.74,192.95,194.94,199.5,201.9,203.5,204.9,204.98,209.5,214.4,216.4,217.39,219.5,227.35,232.74,163.99,164.98,169.95,169.99,173.0,173.95,174.0,174.94,174.95,175.0,175.0,175.0,175.0,175.0,175.0,177.0,179.95,179.95,181.85,185.0,185.0,189.95,189.99,195.0,195.95,196.98,198.98,199.95,199.99,209.9
2026-09-07 06:01:27,Pokemon 30th Celebration Booster Bundle (Eng),single,372,100.45,101.28,101.3,95.2,95.6,104.83,107.83,100.45,101.28,101.3,101.38,101.73,102.4,104.98,107.99,108.9,109.98,110.5,111.19,114.98,117.17,123.19,133.1,,,,,,,,,,,,,,,84.99,89.99,92.95,93.51,94.0,94.9,94.94,96.4,97.39,97.49,97.5,99.95,99.98,99.99,99.99,99.99,,,,,,,,,,,,,,
2026-09-07 06:01:27,Pokemon 30th Celebration Umbreon UPC (Eng),single,87,590.94,598.93,599.95,597.34,610.82,612.82,627.88,590.94,598.93,599.95,605.04,609.55,609.98,614.95,617.13,617.9,628.06,633.19,639.98,796.9,,,,,,,,,,,,,,,,,,579.95,580.0,589.94,589.94,599.0,599.94,599.95,599.98,599.99,600.0,609.93,612.0,780.0,,,,,,,,,,,,,,,,,
2026-09-07 06:01:27,Pokemon 30th Celebration Espeon UPC (Eng),single,108,584.94,588.93,590.09,585.59,600.33,604.86,619.06,584.94,588.93,590.09,593.13,594.55,599.94,613.19,614.95,614.99,618.06,796.9,,,,,,,,,,,,,,,,,,,,565.0,573.95,574.99,574.99,575.0,579.94,580.0,599.93,599.93,599.95,780.0,,,,,,,,,,,,,,,,,,,
2026-09-07 06:01:27,Pokemon 30th Celebration Mini Tin Display (Eng),single,51,299.9,307.4,330.94,354.85,343.86,372.11,358.42,299.9,307.4,330.94,342.25,368.9,372.42,379.9,388.19,396.9,397.4,,,,,,,,,,,,,,,,,,,,,299.89,299.9,299.94,329.95,355.0,359.95,360.0,374.0,379.98,380.0,,,,,,,,,,,,,,,,,,,,
2026-09-07 06:01:27,Pokemon Destined Rivals Booster Display (De),single,1274,272.19,272.19,277.19,270.98,272.31,280.55,281.48,272.19,272.19,277.19,277.19,278.79,280.89,281.19,282.14,282.19,284.85,286.19,286.19,286.19,287.09,287.78,288.79,291.18,292.18,292.38,296.19,296.19,297.09,297.18,297.19,297.19,297.19,302.18,304.85,304.89,305.19,260.0,265.0,265.0,268.99,270.0,270.0,270.0,274.0,274.9,274.95,275.0,279.0,279.0,279.0,279.88,279.9,279.9,283.99,284.99,289.0,289.0,289.9,289.99,289.99,290.0,290.0,290.0,294.99,298.0,298.99
2026-09-07 06:01:27,Pokemon Ascended Heroes Mini Tin Display (Eng),single,190,282.8,311.0,311.47,296.01,299.8,320.67,321.82,282.8,311.0,311.47,311.5,321.38,321.45,323.88,324.49,324.8,326.36,327.18,329.55,337.14,337.18,337.19,337.42,345.99,352.19,357.19,359.55,366.45,366.9,369.55,369.55,371.2,386.44,386.99,403.97,403.99,406.39,250.0,280.0,280.0,285.0,287.0,292.0,299.89,299.99,310.0,314.19,314.99,318.99,319.99,320.0,325.0,329.95,329.99,330.0,340.0,344.99,345.0,349.99,350.0,350.0,350.0,350.0,379.8,390.0,398.99,399.0
2026-09-07 06:01:27,Pokemon Ascended Heroes Booster Bundle Display (Eng),case,236,1040.0,1145.0,1176.0,1075.0,1078.99,1171.9,1171.33,1040.0,1145.0,1176.0,1180.0,1186.6,1186.7,1199.0,1200.0,1200.0,1200.0,1200.0,1236.69,1240.99,1299.0,1300.0,1300.0,1300.0,1300.0,1300.0,1320.0,1336.7,1336.7,1349.0,1350.0,1350.0,1362.0,1365.68,1380.89,1399.99,1490.0,940.0,1045.0,1076.0,1080.0,1099.0,1100.0,1100.0,1100.0,1100.0,1149.9,1150.0,1198.99,1199.0,1199.99,1200.0,1200.0,1200.0,1200.0,1200.0,1220.0,1249.0,1250.0,1250.0,1262.0,1299.99,1300.0,1300.0,1350.0,1375.0,1390.0
2026-09-07 06:01:27,Pokemon Ascended Heroes Pokemon Center ETB (Eng),single,276,357.19,367.42,370.39,379.37,395.13,411.91,418.93,357.19,367.42,370.39,395.39,411.5,413.1,413.73,419.55,425.39,446.19,451.19,451.19,451.19,455.19,455.38,461.5,463.72,467.42,467.69,469.19,469.55,472.5,476.47,489.55,492.19,497.18,497.19,499.55,503.79,507.19,345.0,350.0,350.0,350.0,370.0,375.0,390.0,399.99,400.0,400.0,429.99,439.0,440.0,444.0,444.0,444.0,448.0,449.95,450.0,450.0,450.0,450.0,462.0,470.0,480.0,485.0,485.0,489.99,489.99,490.0
2026-09-07 06:01:27,Pokemon Ascended Heroes Pokemon Center ETB (De),single,276,162.39,163.19,167.19,160.46,161.44,172.51,174.05,162.39,163.19,167.19,169.99,172.19,172.19,172.19,173.99,175.18,177.19,178.9,179.55,182.18,182.19,182.19,182.38,187.09,187.18,187.19,187.19,192.19,196.48,197.09,197.18,197.19,203.1,205.19,206.19,206.68,207.09,140.0,149.99,154.9,156.0,159.99,160.0,160.0,162.8,165.0,165.0,165.0,167.99,170.0,170.0,174.99,175.0,175.0,179.9,179.99,180.0,180.0,185.0,189.69,189.9,189.99,189.99,190.0,198.0,199.0,199.49
2026-09-07 06:01:27,Pokemon Ascended Heroes ETB (De),single,1390,117.19,117.19,117.19,110.75,111.52,117.94,118.71,117.19,117.19,117.19,117.19,117.19,117.19,117.19,118.3,119.18,120.09,120.14,120.18,120.19,121.09,121.19,121.19,121.19,122.14,122.19,122.19,122.19,122.19,122.19,122.19,122.19,122.19,122.19,122.19,122.19,122.19,110.0,110.0,110.0,110.0,110.0,110.0,110.0,111.11,111.99,112.9,112.95,112.99,113.0,113.9,114.0,114.0,114.95,115.0,115.0,115.0,115.0,115.0,115.0,115.0,115.0,115.0,115.0,115.0,115.0,115.0
2026-09-07 06:01:27,Pokemon Silver Tempest Booster Display (Eng),single,338,392.19,402.19,402.19,392.62,394.8,410.31,412.3,392.19,402.19,402.19,402.19,407.18,412.18,412.19,412.19,417.18,417.19,419.42,420.49,422.09,422.19,423.39,427.18,427.18,431.5,432.19,433.0,434.55,434.55,438.79,438.99,439.55,442.19,442.74,445.38,446.19,453.73,385.0,385.0,385.0,385.0,390.0,395.0,395.0,395.0,397.99,398.0,399.0,399.99,402.0,404.99,405.0,405.0,409.0,409.99,410.0,410.0,414.9,415.0,415.0,415.0,419.99,419.99,419.99,420.0,420.0,424.99
2026-09-07 06:01:27,Pokemon Lost Origin Booster Display (Eng),single,359,613.68,614.16,614.18,607.93,610.16,629.18,639.25,613.68,614.16,614.18,614.18,624.18,634.16,634.18,634.18,634.18,644.18,660.49,664.13,664.17,664.17,674.55,678.55,678.55,685.0,689.84,689.95,694.07,694.08,699.0,703.55,704.18,708.76,713.18,713.18,718.12,719.0,589.95,599.0,599.5,599.98,600.0,600.0,610.0,615.0,619.0,619.98,619.99,620.0,620.0,620.0,620.0,620.0,625.0,630.0,640.0,645.0,649.0,649.0,649.95,649.99,649.99,649.99,650.0,650.0,674.0,675.0
2026-09-07 06:01:27,Pokemon Chilling Reign Booster Display (Eng),single,175,386.19,405.18,417.5,410.48,414.52,429.1,430.54,386.19,405.18,417.5,422.5,424.09,425.39,431.5,432.49,437.18,442.18,444.55,447.19,447.19,447.45,447.5,449.55,457.19,464.55,466.42,469.55,469.55,469.55,471.85,497.79,503.72,504.85,507.14,507.19,507.19,510.4,379.0,395.0,397.99,400.0,400.0,409.0,409.99,416.9,424.95,425.0,425.0,429.99,430.0,434.99,439.99,440.0,440.0,445.0,449.0,450.0,450.0,450.0,450.0,450.0,479.0,499.0,499.0,499.9,499.9,499.95
2026-09-07 06:01:27,Pokemon Crown Zenith ETB (Eng),single,350,292.19,294.99,297.18,291.34,293.11,305.34,306.01,292.19,294.99,297.18,304.55,306.19,306.19,307.12,307.13,307.14,307.19,307.41,312.19,312.19,313.99,314.55,315.29,317.79,319.53,319.55,321.5,322.5,322.5,322.74,326.98,327.14,327.18,327.19,327.5,329.05,329.41,285.0,285.0,288.88,289.9,289.98,289.99,289.99,290.0,295.0,297.0,299.0,299.0,299.0,299.0,299.93,299.94,299.95,299.98,299.99,300.0,300.0,300.0,300.0,305.0,305.0,305.0,305.0,305.0,309.5,309.99
2026-09-07 06:01:27,Pokemon VSTAR Universe Booster Display (Jpn),single,831,172.47,174.55,176.19,163.24,164.45,177.52,178.41,172.47,174.55,176.19,177.09,177.09,177.19,177.46,177.99,178.19,178.98,179.19,182.18,182.19,182.19,183.19,184.55,184.68,185.19,187.19,188.79,189.5,191.19,192.09,192.19,192.19,193.1,194.18,194.55,194.55,194.55,155.0,155.0,155.0,159.99,160.0,160.0,165.0,167.0,169.0,169.9,169.9,169.99,170.0,170.0,171.0,172.0,174.99,174.99,175.0,175.0,175.0,175.0,175.0,175.0,175.0,176.0,177.49,178.0,180.0,180.0
2026-09-07 06:01:27,Pokemon Flareon VMAX Premium Collection EU Version (Eng),single,76,304.48,307.18,307.19,300.0,304.33,313.48,321.21,304.48,307.18,307.19,307.19,307.19,307.5,317.5,319.54,319.55,322.19,322.5,327.19,337.74,347.41,363.73,375.72,382.45,413.72,419.54,506.19,507.18,507.18,507.18,507.18,518.79,750.0,950.0,982.94,,,285.0,295.0,299.99,299.99,299.99,300.0,300.0,300.0,300.0,300.0,300.0,315.0,320.0,320.0,329.99,349.99,350.0,359.95,399.99,499.0,499.99,499.99,499.99,499.99,500.0,650.0,850.0,890.0,,
2026-09-07 06:01:27,Pokemon Jolteon VMAX Premium Collection EU Version (Eng),single,73,294.99,295.19,298.97,297.73,297.99,304.28,308.89,294.99,295.19,298.97,302.09,302.19,304.48,304.98,307.18,307.19,307.19,317.79,319.5,322.19,322.19,327.19,329.55,347.41,363.73,363.73,367.73,375.72,382.45,413.72,419.54,506.19,507.18,507.18,518.79,750.0,950.0,288.0,290.0,293.98,294.9,295.0,298.99,299.0,299.95,299.99,299.99,300.0,300.0,300.0,300.0,310.0,315.0,315.0,320.0,329.99,349.99,349.99,350.0,359.95,399.99,499.0,499.99,499.99,500.0,650.0,850.0
2026-09-07 06:01:27,Pokemon Vaporeon VMAX Premium Collection EU Version (Eng),single,64,319.5,319.99,322.19,319.25,324.26,330.39,339.71,319.5,319.99,322.19,327.18,327.19,327.19,327.79,337.19,337.19,337.19,347.5,357.18,357.19,363.73,387.41,406.19,413.72,419.54,422.45,425.72,457.18,506.19,507.18,518.79,850.0,950.0,954.55,982.94,,,299.95,300.0,309.0,315.0,315.0,319.99,320.0,320.0,325.0,330.0,330.0,330.0,349.99,349.99,350.0,369.99,399.0,399.95,399.99,400.0,449.99,499.0,499.99,500.0,750.0,850.0,890.0,925.0,,
2026-09-07 06:01:27,Pokemon Celebrations ETB (De),single,348,307.19,318.79,327.17,323.75,326.93,330.94,335.56,307.19,318.79,327.17,327.18,329.41,332.14,332.18,332.19,332.19,335.09,337.18,352.18,356.19,357.19,357.19,360.69,365.19,367.18,376.49,377.19,378.1,378.74,393.69,393.79,397.19,402.19,406.88,407.19,407.19,407.79,300.0,300.0,319.98,319.99,322.22,324.95,324.99,325.0,325.0,327.9,329.99,340.0,344.99,349.0,350.0,350.0,353.5,358.0,359.95,359.99,370.0,371.5,375.0,386.5,389.0,390.0,395.0,399.69,400.0,400.0
2026-09-07 06:01:27,Pokemon Champions Path ETB (Eng),single,166,147.19,152.19,155.19,149.12,150.86,161.14,162.42,147.19,152.19,155.19,157.18,157.18,157.19,164.18,164.99,166.19,166.98,167.19,167.19,168.78,172.19,172.5,173.99,174.24,176.19,176.19,177.19,177.19,178.1,179.55,182.5,183.1,184.97,186.18,186.19,189.5,193.19,140.0,145.0,145.0,148.0,149.99,149.99,149.99,149.99,150.0,150.0,150.0,156.99,159.0,159.0,159.99,160.0,160.0,160.0,160.0,164.75,165.0,169.0,169.0,169.95,169.99,170.0,170.0,174.95,174.95,179.0
2026-09-07 06:01:27,Pokemon Tag Team Pikachu & Zekrom GX Premium Collection (Eng),single,57,284.55,287.19,290.19,295.61,300.66,310.57,316.65,284.55,287.19,290.19,292.19,307.18,309.55,316.42,321.4,322.19,325.47,326.42,337.5,339.55,342.74,347.19,347.5,357.19,368.55,371.49,377.19,385.98,406.74,425.47,425.72,454.48,487.19,506.19,506.19,523.0,650.0,265.0,280.0,283.0,285.0,290.0,299.0,299.0,299.9,299.99,309.0,315.0,315.0,320.0,325.0,325.0,340.0,349.0,349.99,350.0,370.0,379.99,399.0,399.99,400.0,449.99,480.0,499.0,499.0,500.0,550.0
2026-09-07 06:01:27,Pokemon Tag Team Reshiram & Charizard GX Premium Collection (Eng),single,28,297.19,319.5,325.19,325.75,337.53,340.62,352.01,297.19,319.5,325.19,326.19,335.39,337.18,341.47,344.55,346.19,368.79,371.48,378.55,387.74,396.19,404.48,406.19,407.19,490.98,650.0,773.0,2214.13,,,,,,,,,,290.0,299.95,310.0,315.0,318.0,319.0,325.0,329.99,339.0,349.98,350.0,359.0,370.0,389.0,399.0,399.99,400.0,479.99,550.0,750.0,2199.95,,,,,,,,,
2026-09-07 06:01:27,Pokemon VMAX Climax Booster Display (Jpn),single,157,164.19,167.18,171.17,162.37,163.66,174.73,176.14,164.19,167.18,171.17,172.19,173.19,174.55,176.19,176.19,177.19,177.19,177.99,182.18,182.49,184.55,185.7,187.18,187.19,187.19,187.47,187.5,188.79,192.19,192.74,193.1,194.19,194.97,197.09,197.14,197.19,197.19,155.0,157.0,159.99,159.99,160.0,160.0,163.98,165.0,165.0,165.0,166.0,169.0,169.0,169.9,169.99,170.0,170.0,170.0,170.0,174.99,175.0,179.99,180.0,180.0,185.0,185.0,187.0,189.9,189.95,189.99
2026-09-07 06:01:27,Pokemon Battle Region Booster Display (Jpn),single,86,78.48,80.18,81.09,74.23,75.31,83.88,86.39,78.48,80.18,81.09,82.14,82.18,83.1,84.19,85.99,86.18,86.19,87.08,92.47,93.05,96.47,96.99,102.47,103.1,103.69,105.82,106.47,106.99,107.18,107.19,108.1,108.69,111.87,113.09,113.1,113.47,117.46,69.0,70.0,70.0,72.99,73.9,74.95,74.99,74.99,75.0,77.0,78.99,79.0,79.0,79.89,79.95,79.99,80.0,80.0,84.9,85.0,89.0,89.34,89.9,90.0,95.0,96.0,99.0,99.98,99.99,99.99
2026-09-07 06:01:27,Pokemon Clay Burst Booster Display (Jpn),single,257,92.17,92.18,92.19,86.5,87.41,96.56,98.88,92.17,92.18,92.19,92.19,95.19,96.47,97.19,98.1,99.19,101.99,102.19,103.98,106.47,106.48,107.19,107.46,109.25,110.35,112.37,112.98,112.98,113.1,113.47,115.08,117.09,117.18,117.18,118.65,118.99,119.14,79.0,84.98,84.99,85.0,85.0,85.0,85.0,88.0,89.0,89.99,90.0,90.0,90.0,92.0,93.16,94.9,95.0,95.0,96.0,99.88,99.88,99.99,100.0,100.0,100.0,105.0,107.89,109.9,109.99,109.99
2026-09-07 06:01:27,Pokemon Fusion Strike Booster Display (Eng),single,201,791.17,791.18,793.18,795.68,810.09,829.14,842.7,791.17,791.18,793.18,794.18,814.17,827.5,828.54,849.05,862.41,864.08,864.18,878.55,893.1,894.18,895.0,899.55,909.55,914.17,914.18,923.72,929.54,929.9,938.0,945.0,950.0,950.0,962.73,964.17,970.0,982.85,776.99,777.0,779.0,780.0,795.0,795.0,797.95,798.99,799.99,819.5,838.0,845.0,849.0,849.9,850.0,850.0,850.0,850.0,859.99,870.0,870.0,880.0,880.0,895.99,899.0,899.9,899.99,899.99,899.99,900.0
2026-09-07 06:01:27,Pokemon Astral Radiance Booster Display (Eng),single,283,352.19,357.18,360.48,355.09,357.38,377.19,378.97,352.19,357.18,360.48,366.19,379.29,379.5,379.55,382.5,384.55,385.49,388.1,388.1,390.49,395.44,395.47,395.72,396.47,402.19,407.09,407.19,407.19,412.72,422.19,422.5,422.98,437.18,443.72,447.5,451.63,457.17,345.0,348.99,349.99,350.0,350.0,354.99,356.79,359.0,359.95,360.0,360.0,362.99,365.0,368.97,369.0,370.0,370.0,379.99,379.99,395.0,399.9,399.98,400.0,400.0,400.0,415.0,425.0,429.99,444.44,449.88
2026-09-07 06:01:27,Pokemon Lost Origin ETB (Eng),single,239,192.19,197.18,197.19,187.25,188.8,201.85,202.74,192.19,197.18,197.19,197.42,201.19,202.18,202.5,203.55,204.55,206.19,206.89,207.14,207.19,207.19,208.55,208.99,212.41,214.55,214.89,216.18,217.5,217.79,219.54,221.5,221.5,221.69,222.14,223.0,223.99,228.78,180.0,180.0,184.0,184.99,185.0,185.0,189.0,189.99,190.0,190.0,194.0,194.99,194.99,195.0,195.0,199.0,199.0,199.0,199.0,199.0,199.95,199.99,199.99,199.99,200.0,200.0,205.0,208.99,209.9,209.9
2026-09-07 06:01:27,Pokemon Crown Zenith Galarian Articuno Tin US Version (Eng),single,23,141.0,144.06,156.19,149.12,165.93,167.78,179.86,141.0,144.06,156.19,157.19,162.5,166.47,172.5,173.99,176.19,177.18,177.18,178.09,207.18,207.19,300.96,442.75,,,,,,,,,,,,,,,133.0,133.06,140.0,140.0,144.99,149.0,149.99,150.0,150.0,169.0,169.99,169.99,199.99,200.0,289.97,400.0,,,,,,,,,,,,,,
2026-09-07 06:01:27,Pokemon Crown Zenith Galarian Zapdos Tin US Version (Eng),single,29,132.99,134.19,135.18,130.94,136.83,145.41,150.51,132.99,134.19,135.18,137.18,137.42,144.08,149.1,151.63,152.5,156.19,157.18,157.19,163.09,172.5,177.18,207.18,227.19,442.75,,,,,,,,,,,,,116.0,120.0,124.99,127.0,127.99,129.99,129.99,130.0,133.08,144.44,149.0,149.99,150.0,150.0,169.99,199.99,220.0,400.0,,,,,,,,,,,,
2026-09-07 06:01:27,Pokemon Crown Zenith Galarian Moltres Tin US Version (Eng),single,19,157.0,157.19,167.14,156.24,176.71,174.74,196.99,157.0,157.19,167.14,167.18,172.5,172.5,172.75,177.18,182.18,186.47,193.09,202.75,207.18,442.75,,,,,,,,,,,,,,,,,130.0,149.0,150.0,150.0,150.0,159.95,159.99,159.99,160.0,160.0,169.99,174.99,199.99,400.0,,,,,,,,,,,,,,,,
2026-09-07 06:01:27,Pokemon 151 Zapdos ex Collection (Eng),single,194,122.19,126.18,126.19,120.62,121.52,135.44,137.07,122.19,126.18,126.19,126.19,133.0,137.18,138.05,138.73,141.79,142.42,143.04,143.05,143.09,147.5,147.5,147.74,152.19,152.5,157.18,157.19,158.1,158.19,162.75,163.05,163.1,163.1,168.0,172.49,197.5,222.5,109.0,109.99,115.0,118.99,119.0,119.0,120.0,123.0,124.95,125.0,125.0,125.0,129.0,129.94,129.95,129.99,130.0,130.0,130.0,134.9,145.0,149.95,149.99,149.99,150.0,150.0,150.0,151.0,175.0,199.95
2026-09-07 06:01:27,Pokemon 151 UPC (Eng),single,391,685.68,695.67,700.68,722.49,724.2,743.05,744.2,685.68,695.67,700.68,715.68,735.68,745.68,755.68,760.68,764.68,765.67,765.68,765.68,765.68,765.68,774.5,774.55,789.68,795.68,799.55,802.05,804.5,809.55,812.19,813.68,814.68,814.68,815.68,819.55,820.19,825.0,670.0,679.99,685.0,700.0,720.0,725.0,730.0,735.0,740.0,744.95,745.0,745.0,745.0,749.0,749.0,749.99,750.0,750.0,750.0,750.0,770.0,770.0,772.5,774.0,774.95,779.0,780.0,780.0,780.0,780.0
2026-09-07 06:01:27,Pokemon 151 UPC (De),single,391,650.68,665.68,675.67,694.98,708.18,710.66,723.28,650.68,665.68,675.67,676.68,710.67,715.63,715.67,715.68,734.68,740.58,744.68,765.63,765.68,765.68,805.9,805.9,805.9,812.98,814.68,815.17,815.67,815.67,895.68,898.95,899.0,915.67,915.67,915.67,949.99,950.0,635.0,650.0,659.99,661.0,694.99,699.95,699.99,700.0,719.0,724.9,729.0,749.95,750.0,750.0,798.95,799.0,799.0,799.49,799.99,799.99,799.99,800.0,800.0,800.0,849.99,850.0,850.0,880.0,899.99,899.99
2026-09-07 06:01:27,Pokemon 151 Booster Display (Jpn),single,512,219.55,269.54,275.18,267.12,263.46,276.92,274.35,219.55,269.54,275.18,275.19,275.19,276.19,277.18,277.18,277.19,282.07,282.1,282.18,282.19,282.19,282.19,282.19,282.19,282.19,282.19,283.79,287.19,287.19,287.19,287.19,289.99,292.18,294.18,294.55,297.18,297.19,200.0,249.99,260.0,265.0,267.99,268.0,268.0,269.0,269.0,269.99,269.99,270.0,274.88,274.99,275.0,275.0,275.0,275.0,275.0,275.0,275.0,275.0,275.0,277.9,279.0,280.0,280.0,280.0,280.0,280.0
2026-09-07 06:01:27,Pokemon Paradigm Trigger Booster Display (Jpn),single,169,114.18,127.09,129.19,122.6,123.98,135.72,136.11,114.18,127.09,129.19,132.47,136.09,137.18,137.19,137.47,138.1,138.1,140.14,141.19,142.18,143.98,147.09,147.19,147.42,148.0,151.42,152.19,153.1,156.19,156.19,157.46,157.75,163.05,166.19,166.37,167.19,171.98,106.99,115.0,115.0,119.9,120.0,122.0,125.0,125.0,125.0,128.9,129.99,130.0,130.0,132.95,134.0,134.0,134.99,139.9,139.99,139.99,140.0,140.0,140.0,145.0,148.9,149.0,149.0,149.95,159.0,159.99
2026-09-07 06:01:27,Pokemon Star Birth Booster Display (Jpn),single,110,122.19,129.19,131.19,125.55,126.62,134.88,136.65,122.19,129.19,131.19,132.19,132.19,133.14,136.19,137.18,137.99,138.98,142.14,143.05,143.09,145.18,145.9,146.18,146.19,147.19,147.5,149.19,156.19,157.19,157.19,157.47,161.47,164.48,166.47,167.47,167.99,182.19,115.0,120.0,122.0,124.0,125.0,125.0,125.0,125.95,128.48,129.0,129.95,129.99,129.99,134.95,134.99,137.99,138.99,139.0,140.0,140.0,142.0,144.0,149.0,149.0,150.0,150.0,150.0,150.0,150.0,159.99
2026-09-07 06:01:27,Pokemon Violet ex Booster Display (Jpn),single,210,74.18,74.19,77.18,68.12,69.16,78.89,80.68,74.18,74.19,77.18,77.18,77.18,77.19,78.1,79.69,81.89,82.69,83.18,84.78,87.18,87.47,88.09,91.99,92.98,92.98,93.05,93.09,93.88,94.24,94.53,94.88,95.08,95.89,96.79,96.89,97.19,98.09,64.9,64.99,65.0,65.99,66.99,67.0,69.99,69.99,69.99,70.0,70.0,70.0,72.5,74.99,75.0,75.0,75.5,75.99,77.54,78.9,79.88,79.88,79.9,79.95,79.99,79.99,79.99,80.0,80.0,87.89
2026-09-07 06:01:27,Pokemon Brilliant Stars Booster Display (De),single,211,341.18,342.14,342.19,339.45,349.97,348.57,361.4,341.18,342.14,342.19,343.79,344.09,344.85,347.14,352.14,357.18,357.19,383.73,384.89,386.19,387.19,407.18,446.19,454.97,456.69,486.19,488.79,502.19,503.17,506.19,506.87,507.09,507.18,518.78,518.79,604.13,1014.17,320.0,325.0,333.99,334.95,335.0,336.9,339.9,339.95,344.95,349.99,350.0,379.0,379.9,380.0,399.99,439.0,449.5,449.99,470.0,479.0,495.0,495.98,499.0,499.68,499.9,499.99,499.99,500.0,589.95,999.99
2026-09-07 06:01:27,Pokemon Lost Origin Booster Display (De),single,359,365.18,372.19,377.18,375.98,380.57,383.02,387.68,365.18,372.19,377.18,377.19,380.19,381.19,383.18,387.18,387.19,390.89,392.09,403.09,406.08,406.13,406.19,406.89,407.18,407.19,407.19,432.19,436.19,456.18,457.17,457.18,457.19,457.19,462.89,487.14,488.79,493.79,357.99,365.0,369.99,370.0,373.0,374.0,375.99,379.99,380.0,384.9,384.9,395.9,398.89,398.94,399.0,399.99,400.0,400.0,401.9,425.0,429.0,448.99,449.98,449.99,449.99,450.0,450.0,470.0,475.0,479.95
2026-09-07 06:01:27,Pokemon Twilight Masquerade Booster Display (De),single,281,252.19,256.14,258.79,265.44,272.18,274.41,280.77,252.19,256.14,258.79,272.08,272.14,272.19,277.09,277.19,278.74,287.07,287.09,302.13,304.98,306.87,306.87,318.79,407.18,1014.17,,,,,,,,,,,,,240.0,245.0,248.95,259.95,264.89,264.95,265.0,269.9,270.0,279.88,279.9,294.94,299.68,299.68,299.99,300.0,399.99,999.99,,,,,,,,,,,,
2026-09-07 06:01:27,Pokemon Prismatic Evolutions Mini Tin Display (Eng),single,327,262.19,264.55,265.18,248.01,248.41,269.97,271.78,262.19,264.55,265.18,267.99,269.44,270.47,270.8,270.91,272.5,272.5,274.4,276.45,277.19,281.0,281.18,282.5,284.85,286.18,286.5,286.68,287.18,287.75,289.54,292.19,292.74,294.55,297.17,297.19,297.45,299.5,235.0,244.0,244.44,245.0,245.0,249.89,249.9,249.9,249.99,249.99,250.0,250.0,250.0,255.0,257.99,259.99,260.0,264.0,269.99,270.0,273.99,275.0,278.99,279.49,279.9,279.9,279.95,279.99,280.0,285.0
2026-09-07 06:01:27,Pokemon Prismatic Evolutions Booster Bundle Display (Eng),case,189,1031.5,1056.5,1180.0,1093.75,1133.7,1165.67,1198.18,1031.5,1056.5,1180.0,1211.5,1214.68,1236.7,1250.0,1263.58,1265.68,1271.7,1285.68,1285.7,1285.7,1293.86,1296.86,1297.8,1310.73,1320.73,1350.0,1354.89,1361.7,1361.7,1365.55,1365.56,1386.7,1399.0,1400.0,1400.0,1400.0,1400.0,975.0,1000.0,1080.0,1145.0,1150.0,1189.0,1199.0,1199.0,1200.0,1200.0,1235.0,1247.0,1247.9,1249.0,1249.0,1250.0,1250.0,1250.0,1270.0,1299.0,1300.0,1300.0,1300.0,1300.0,1325.0,1325.0,1325.0,1349.0,1349.87,1349.88
2026-09-07 06:01:27,Pokemon Prismatic Evolutions ETB (De),single,1900,150.19,152.19,156.19,151.75,153.4,158.94,160.59,150.19,152.19,156.19,157.18,157.19,157.19,157.19,162.19,162.19,162.19,166.19,167.19,167.19,167.19,167.19,172.19,177.14,177.18,178.79,182.19,183.8,187.09,187.18,187.18,187.19,187.19,187.19,187.19,188.79,193.78,143.0,145.0,149.0,149.99,150.0,150.0,150.0,155.0,155.0,155.0,159.0,160.0,160.0,160.0,160.0,160.0,165.0,169.95,169.99,170.0,174.9,174.99,175.0,175.0,179.9,179.99,179.99,180.0,180.0,180.0
2026-09-07 06:01:27,Pokemon Prismatic Evolutions ETB (Eng),single,1900,178.0,179.55,179.55,167.11,166.79,184.84,185.53,178.0,179.55,179.55,183.19,184.5,184.55,184.97,186.07,187.42,188.5,188.54,189.54,189.54,189.55,189.55,189.55,189.55,189.55,189.84,189.85,191.5,192.19,192.42,192.5,192.87,193.0,193.98,193.98,193.99,193.99,155.0,160.0,160.0,164.95,165.0,168.95,168.99,169.0,169.99,169.99,170.0,170.0,170.0,170.0,170.0,170.0,170.0,170.0,170.0,172.0,174.99,174.99,174.99,175.0,175.0,175.0,175.0,175.0,175.0,176.0
2026-09-07 06:01:27,Prismatic Evolutions Super-Premium Collection (Eng),single,1610,281.77,284.76,288.69,270.36,271.91,289.93,291.12,281.77,284.76,288.69,288.77,288.93,289.55,289.55,289.62,289.77,294.54,294.55,294.77,295.98,297.69,297.89,298.55,299.55,301.9,302.9,303.69,303.69,304.05,306.37,308.54,308.64,308.69,308.69,317.99,318.69,318.77,262.0,264.99,269.0,269.0,269.85,270.0,270.0,270.0,270.0,274.99,275.0,275.0,279.0,279.9,279.94,280.0,280.0,284.5,288.99,289.0,289.9,289.99,295.0,295.0,299.0,299.95,299.95,299.95,299.98,299.99
2026-09-07 06:01:27,Prismatic Evolutions Super-Premium Collection (De),single,1610,213.67,215.69,215.69,213.29,214.74,223.12,225.4,213.67,215.69,215.69,217.69,218.19,222.69,224.77,228.57,228.69,228.69,228.69,232.58,233.59,233.64,238.19,238.69,238.69,238.69,238.69,238.69,241.11,241.21,241.21,241.68,243.69,247.68,247.69,248.68,248.69,248.69,204.98,205.0,207.0,207.0,209.0,209.5,214.0,219.88,219.9,220.0,220.0,220.0,220.0,220.0,224.9,224.95,226.58,227.5,229.5,230.0,230.0,230.0,230.0,230.0,230.0,232.99,235.0,238.99,239.0,239.99
2026-09-07 06:01:27,Pokemon Black Bolt & White Flare Unova Mini Tin Display (Eng),single,132,241.99,242.19,242.19,240.47,243.12,249.01,254.23,241.99,242.19,242.19,243.19,247.09,248.5,251.48,251.49,251.98,256.19,262.19,266.36,267.42,269.94,271.2,286.99,287.18,294.55,299.5,302.14,306.87,307.17,307.18,312.7,319.54,407.19,614.17,1014.17,,,224.0,235.0,235.0,236.0,236.0,239.89,239.9,245.0,245.99,245.99,249.0,249.99,250.0,255.0,259.99,269.95,275.0,279.8,279.95,279.99,294.95,299.68,299.98,299.99,299.99,400.0,599.99,999.99,,
2026-09-07 06:01:27,Pokemon Lost Abyss Booster Display (Jpn),single,117,217.47,235.19,240.94,229.74,232.33,247.8,251.31,217.47,235.19,240.94,242.19,242.19,243.79,248.78,252.19,255.19,257.14,257.18,264.55,268.0,272.19,272.73,283.73,289.19,289.55,294.55,297.18,306.19,307.18,307.18,307.19,313.73,318.1,318.78,329.99,352.19,353.72,200.0,209.0,219.95,220.0,225.0,228.0,229.99,235.0,235.0,245.0,245.0,245.0,248.0,249.95,249.99,250.0,265.0,270.0,275.0,280.0,282.0,289.99,289.99,293.9,299.0,299.0,299.99,299.99,299.99,299.99
2026-09-07 06:01:27,Pokemon Terastal Festival ex Booster Display (Jpn),single,1041,108.09,112.19,112.47,101.37,102.73,117.67,118.51,108.09,112.19,112.47,115.98,115.99,116.47,117.19,118.05,122.19,122.99,122.99,123.0,123.1,123.1,123.79,125.19,126.19,126.19,127.08,127.18,127.18,127.19,127.19,127.98,128.09,128.18,132.1,132.18,133.09,133.09,94.99,95.0,98.99,99.0,99.0,99.0,100.0,104.95,105.0,105.0,105.0,105.0,109.99,110.0,110.0,110.0,114.99,115.0,115.0,116.0,118.0,119.0,119.0,119.89,119.99,119.99,119.99,120.0,120.0,120.0
2026-09-07 18:01:19,Pokemon Destined Rivals Booster Display (Eng),single,1285,357.42,365.47,369.55,348.5,347.13,373.13,372.51,357.42,365.47,369.55,372.5,373.0,373.9,373.9,373.9,373.9,374.39,374.39,375.39,376.47,376.47,377.0,378.9,380.47,380.5,381.5,382.19,382.42,382.49,383.5,383.55,383.79,383.9,384.5,384.9,386.06,386.07,329.99,339.0,340.0,349.0,349.0,350.0,350.0,350.0,350.0,350.0,350.0,350.0,350.0,350.0,350.0,350.0,350.0,354.0,355.0,359.0,359.99,360.0,360.0,360.0,361.0,364.0,365.0,365.0,365.0,365.0
2026-09-07 18:01:19,Pokemon Destined Rivals Booster Display Case (Eng),case,178,2250.73,2267.45,2289.99,2203.75,2228.3,2287.47,2300.35,2250.73,2267.45,2289.99,2292.45,2300.0,2300.0,2310.22,2311.17,2331.45,2350.0,2400.0,2400.0,2400.0,2484.89,2500.0,2517.48,2518.47,2553.4,2553.4,2599.0,2599.89,2602.4,2641.45,2642.45,2692.45,2761.16,2761.17,2795.0,2800.0,2846.69,2129.0,2189.99,2200.0,2200.0,2225.0,2250.0,2250.0,2250.0,2289.0,2300.0,2300.0,2300.0,2300.0,2400.0,2450.0,2450.0,2475.0,2499.0,2499.0,2499.0,2499.89,2499.99,2599.0,2600.0,2645.0,2650.0,2650.0,2699.0,2699.99,2700.0
2026-09-07 18:01:19,Pokemon Black Bolt ETB (Eng),single,514,139.18,139.19,140.18,130.79,131.08,144.0,145.39,139.18,139.19,140.18,140.19,142.17,142.19,143.55,147.19,148.0,148.55,148.69,149.42,149.9,151.1,151.42,151.5,152.14,152.18,152.19,152.6,152.98,153.0,153.59,153.59,153.6,153.6,155.99,156.14,156.44,157.09,125.0,125.0,127.5,129.9,129.95,130.0,131.99,132.0,132.0,132.99,132.99,133.0,134.0,134.95,134.98,135.0,135.0,137.5,139.0,139.9,139.99,139.99,139.99,140.0,140.0,140.0,140.0,140.0,140.0,143.9
2026-09-07 18:01:19,Pokemon Ascended Heroes ETB (Eng),single,1386,163.6,171.69,171.69,158.75,159.26,175.53,176.4,163.6,171.69,171.69,172.18,172.42,176.19,176.42,176.99,178.79,179.55,179.89,180.5,181.5,182.18,182.37,182.41,182.42,182.42,182.42,182.5,182.5,182.99,184.47,184.49,184.49,184.5,184.5,184.55,184.55,185.18,150.0,154.99,155.0,158.0,159.0,159.0,159.0,159.99,160.0,160.0,160.0,162.0,162.99,164.5,164.5,164.94,164.95,164.95,164.95,164.99,164.99,165.0,165.0,165.0,165.0,165.0,165.0,165.5,167.0,167.95
2026-09-07 18:01:19,Pokemon Ascended Heroes ETB Case (Eng),case,141,1667.45,1692.45,1717.45,1676.24,1706.99,1724.62,1764.34,1667.45,1692.45,1717.45,1742.44,1746.12,1792.45,1795.0,1811.17,1837.45,1841.45,1842.45,1845.0,1861.16,1867.45,1883.25,1887.45,1892.45,1897.7,1900.0,1919.0,1947.8,1996.8,1997.8,2000.0,2000.0,2004.89,2017.48,2042.44,2042.45,2047.8,1625.0,1650.0,1675.0,1684.95,1695.0,1699.99,1745.0,1750.0,1750.0,1795.0,1799.0,1799.9,1799.99,1800.0,1800.0,1800.0,1819.0,1825.0,1845.0,1850.0,1850.0,1899.0,1900.0,1900.0,1900.0,1949.99,1950.0,1990.0,1995.0,1999.0
2026-09-07 18:01:19,Pokemon 30th Celebration ETB (Eng),single,1041,177.93,181.49,181.66,172.73,172.64,182.29,183.94,177.93,181.49,181.66,181.7,181.9,181.98,182.0,182.19,182.99,183.9,183.99,186.99,187.45,190.42,192.49,192.74,192.95,194.94,199.5,201.9,203.5,204.9,204.98,209.5,214.4,216.4,217.39,219.5,219.98,227.35,163.99,164.98,169.94,169.95,169.99,173.0,174.0,174.95,175.0,175.0,175.0,175.0,175.0,176.8,177.0,179.95,179.95,179.95,181.65,185.0,185.0,189.95,189.99,195.0,195.95,196.98,198.98,199.95,199.99,209.9
2026-09-07 18:01:19,Pokemon 30th Celebration Booster Bundle (Eng),single,372,100.45,101.28,101.3,95.2,95.76,105.97,109.94,100.45,101.28,101.3,101.73,102.4,104.98,107.99,108.9,109.98,110.5,111.19,114.98,117.17,123.19,133.1,,,,,,,,,,,,,,,,84.99,89.99,92.95,93.51,94.0,94.9,94.94,96.4,97.39,97.5,99.95,99.98,99.99,99.99,99.99,,,,,,,,,,,,,,,
2026-09-07 18:01:19,Pokemon 30th Celebration Umbreon UPC (Eng),single,87,560.94,588.93,599.95,597.36,608.51,615.88,626.69,560.94,588.93,599.95,609.55,609.98,614.95,617.13,617.9,628.06,629.54,633.19,639.98,796.9,,,,,,,,,,,,,,,,,,549.95,579.94,580.0,599.0,599.94,599.95,599.98,599.99,599.99,600.0,609.93,612.0,780.0,,,,,,,,,,,,,,,,,
2026-09-07 18:01:19,Pokemon 30th Celebration Espeon UPC (Eng),single,108,510.94,578.93,590.09,584.34,593.31,604.86,612.93,510.94,578.93,590.09,593.13,594.55,599.94,613.19,614.95,614.99,618.06,629.54,796.9,,,,,,,,,,,,,,,,,,,499.95,565.0,569.94,574.99,574.99,575.0,580.0,599.93,599.93,599.95,599.99,780.0,,,,,,,,,,,,,,,,,,
2026-09-07 18:01:19,Pokemon 30th Celebration Mini Tin Display (Eng),single,51,299.9,304.98,307.4,344.85,339.87,360.86,353.56,299.9,304.98,307.4,330.94,342.25,368.9,372.42,379.9,388.19,396.9,397.4,,,,,,,,,,,,,,,,,,,,299.89,299.9,299.94,299.99,329.95,355.0,359.95,360.0,374.0,379.98,380.0,,,,,,,,,,,,,,,,,,,
2026-09-07 18:01:19,Pokemon Destined Rivals Booster Display (De),single,1285,275.18,277.19,277.19,272.19,272.83,280.68,281.89,275.18,277.19,277.19,278.79,280.88,280.89,281.19,282.14,282.18,282.19,284.85,286.19,286.19,286.19,287.09,287.78,288.79,291.18,292.18,292.38,296.19,296.19,297.09,297.18,297.19,297.19,297.19,297.19,302.18,304.85,260.0,267.99,268.99,270.0,270.0,270.0,274.0,274.69,274.9,274.95,274.99,275.0,279.0,279.0,279.0,279.88,279.9,279.9,283.99,284.99,289.0,289.0,289.9,289.99,289.99,290.0,290.0,290.0,290.0,294.99
2026-09-07 18:01:19,Pokemon Ascended Heroes Mini Tin Display (Eng),single,184,282.8,311.0,311.47,296.01,299.8,320.67,321.82,282.8,311.0,311.47,311.5,321.38,321.45,323.88,324.49,324.8,326.36,327.18,329.55,337.14,337.18,337.19,337.42,345.99,352.19,357.19,359.55,366.45,366.9,369.55,369.55,371.2,386.44,386.99,403.97,403.99,406.39,250.0,280.0,280.0,285.0,287.0,292.0,299.89,299.99,310.0,314.19,314.99,318.99,319.99,320.0,325.0,329.95,329.99,330.0,340.0,344.99,345.0,349.99,350.0,350.0,350.0,350.0,379.8,390.0,398.99,399.0
2026-09-07 18:01:19,Pokemon Ascended Heroes Booster Bundle Display (Eng),case,231,1040.0,1145.0,1176.0,1075.0,1078.99,1171.9,1171.33,1040.0,1145.0,1176.0,1180.0,1186.6,1186.7,1199.0,1200.0,1200.0,1200.0,1200.0,1236.69,1240.99,1299.0,1300.0,1300.0,1300.0,1300.0,1300.0,1320.0,1336.7,1336.7,1349.0,1350.0,1350.0,1354.89,1362.0,1365.68,1399.99,1490.0,940.0,1045.0,1076.0,1080.0,1099.0,1100.0,1100.0,1100.0,1100.0,1149.9,1150.0,1198.99,1199.0,1199.99,1200.0,1200.0,1200.0,1200.0,1200.0,1220.0,1249.0,1250.0,1250.0,1262.0,1299.99,1300.0,1300.0,1349.0,1350.0,1390.0
2026-09-07 18:01:19,Pokemon Ascended Heroes Pokemon Center ETB (Eng),single,279,328.79,357.19,366.42,361.75,373.2,390.42,398.86,328.79,357.19,366.42,367.42,370.39,385.39,395.39,411.5,413.1,413.73,419.55,425.39,426.19,451.19,451.19,451.19,455.19,455.38,461.5,463.72,467.42,467.69,469.19,469.55,472.19,472.5,476.47,489.55,492.19,497.18,310.0,345.0,349.0,350.0,350.0,350.0,360.0,370.0,375.0,390.0,399.99,400.0,400.0,419.0,429.99,440.0,444.0,444.0,444.0,448.0,449.95,450.0,450.0,450.0,450.0,462.0,465.0,470.0,480.0,485.0
2026-09-07 18:01:19,Pokemon Ascended Heroes Pokemon Center ETB (De),single,279,150.4,153.6,162.39,155.46,157.44,169.54,170.35,150.4,153.6,162.39,163.19,167.19,169.99,172.19,172.19,173.99,175.18,177.19,177.19,178.9,179.55,182.08,182.19,182.19,182.38,187.09,187.18,187.19,187.19,192.19,196.48,197.09,197.18,197.19,203.1,205.19,206.19,140.0,140.0,140.0,149.99,154.9,156.0,159.99,160.0,160.0,162.8,165.0,165.0,167.99,170.0,170.0,170.0,174.89,175.0,175.0,179.9,179.99,180.0,180.0,185.0,189.69,189.9,189.99,189.99,190.0,198.0
2026-09-07 18:01:19,Pokemon Ascended Heroes ETB (De),single,1386,117.09,117.19,117.19,111.23,111.84,118.42,119.03,117.09,117.19,117.19,117.19,117.19,117.19,118.3,120.08,120.09,120.14,120.18,120.19,121.09,121.19,121.19,121.19,122.14,122.19,122.19,122.19,122.19,122.19,122.19,122.19,122.19,122.19,122.19,122.19,122.19,122.19,109.9,110.0,110.0,110.0,110.0,110.0,111.11,112.89,112.9,112.95,112.99,113.0,113.9,114.0,114.0,114.95,115.0,115.0,115.0,115.0,115.0,115.0,115.0,115.0,115.0,115.0,115.0,115.0,115.0,115.0
2026-09-07 18:01:19,Pokemon Silver Tempest Booster Display (Eng),single,338,392.19,402.19,402.19,392.62,394.46,410.59,412.45,392.19,402.19,402.19,402.19,407.18,412.18,412.19,412.19,417.19,419.42,419.55,420.49,422.09,422.19,423.39,426.19,427.18,427.18,431.5,432.19,433.0,434.55,434.55,438.79,438.99,439.55,442.19,442.74,445.38,446.19,385.0,385.0,385.0,385.0,390.0,395.0,395.0,395.0,397.99,398.0,399.0,399.99,400.0,402.0,404.99,405.0,405.0,409.0,410.0,410.0,414.9,415.0,415.0,415.0,419.0,419.99,419.99,419.99,420.0,420.0
2026-09-07 18:01:19,Pokemon Lost Origin Booster Display (Eng),single,359,613.68,614.16,614.18,607.93,610.16,629.18,639.25,613.68,614.16,614.18,614.18,624.18,634.16,634.18,634.18,634.18,644.18,660.49,664.13,664.17,664.17,674.55,678.55,678.55,685.0,689.95,694.07,694.08,699.0,703.55,704.18,708.76,713.18,713.18,718.12,719.0,719.99,589.95,599.0,599.5,599.98,600.0,600.0,610.0,615.0,619.0,619.98,619.99,620.0,620.0,620.0,620.0,620.0,625.0,630.0,640.0,645.0,649.0,649.0,649.95,649.99,649.99,649.99,650.0,650.0,674.0,675.0
2026-09-07 18:01:19,Pokemon Chilling Reign Booster Display (Eng),single,175,386.19,394.39,405.18,406.73,409.79,424.48,427.0,386.19,394.39,405.18,417.5,422.5,424.09,425.39,431.5,432.49,437.18,442.18,444.55,447.19,447.19,447.45,447.5,449.55,457.19,464.55,466.42,469.55,469.55,469.55,469.55,471.85,497.79,503.72,504.85,507.14,507.19,369.0,379.0,395.0,397.99,400.0,400.0,409.0,409.99,416.9,424.95,425.0,425.0,429.99,430.0,434.99,439.99,440.0,440.0,445.0,449.0,450.0,450.0,450.0,450.0,450.0,450.0,479.0,499.0,499.0,499.9
2026-09-07 18:01:19,Pokemon Crown Zenith ETB (Eng),single,350,285.19,287.19,292.19,288.59,290.52,301.94,302.27,285.19,287.19,292.19,294.99,297.18,304.55,306.19,306.19,307.12,307.13,307.14,307.19,307.41,312.19,312.19,313.99,314.55,315.29,317.79,319.53,319.55,321.5,322.5,322.5,322.74,326.98,327.14,327.18,327.19,327.5,278.0,280.0,285.0,285.0,288.88,289.9,289.98,289.99,289.99,290.0,295.0,299.0,299.0,299.0,299.0,299.93,299.94,299.95,299.98,299.99,300.0,300.0,300.0,300.0,305.0,305.0,305.0,305.0,305.0,309.5
2026-09-07 18:01:19,Pokemon VSTAR Universe Booster Display (Jpn),single,831,171.79,172.47,174.55,163.23,164.45,177.16,178.03,171.79,172.47,174.55,176.19,177.09,177.09,177.19,177.99,178.19,178.98,179.19,182.18,182.19,182.19,183.19,184.68,185.19,187.19,188.79,189.5,191.19,192.09,192.19,192.19,193.1,194.18,194.55,194.55,194.55,194.55,153.0,155.0,155.0,155.0,160.0,160.0,167.0,169.0,169.9,169.9,169.99,170.0,170.0,171.0,172.0,174.99,174.99,175.0,175.0,175.0,175.0,175.0,175.0,175.0,176.0,177.49,178.0,180.0,180.0,180.0
2026-09-07 18:01:19,Pokemon Flareon VMAX Premium Collection EU Version (Eng),single,76,304.48,307.18,307.19,300.0,304.33,313.48,321.21,304.48,307.18,307.19,307.19,307.19,307.5,317.5,319.54,319.55,322.19,322.5,327.19,337.74,347.41,363.73,375.72,382.45,413.72,419.54,506.19,507.18,507.18,507.18,507.18,518.79,750.0,950.0,982.94,,,285.0,295.0,299.99,299.99,299.99,300.0,300.0,300.0,300.0,300.0,300.0,315.0,320.0,320.0,329.99,349.99,350.0,359.95,399.99,499.0,499.99,499.99,499.99,499.99,500.0,650.0,850.0,890.0,,
2026-09-07 18:01:19,Pokemon Jolteon VMAX Premium Collection EU Version (Eng),single,73,294.97,294.99,295.19,297.23,297.72,303.81,308.78,294.97,294.99,295.19,302.09,302.19,304.48,304.98,307.18,307.19,307.19,317.79,319.5,322.19,322.19,329.55,347.41,363.73,363.73,367.73,375.72,382.45,413.72,419.54,506.19,507.18,507.18,518.79,750.0,950.0,,288.0,289.98,290.0,294.9,295.0,298.99,299.0,299.95,299.99,299.99,300.0,300.0,300.0,300.0,310.0,315.0,315.0,329.99,349.99,349.99,350.0,359.95,399.99,499.0,499.99,499.99,500.0,650.0,850.0,
2026-09-07 18:01:19,Pokemon Vaporeon VMAX Premium Collection EU Version (Eng),single,64,319.5,319.99,322.19,319.25,324.26,330.39,339.71,319.5,319.99,322.19,327.18,327.19,327.19,327.79,337.19,337.19,337.19,347.5,357.18,357.19,363.73,387.41,406.19,413.72,419.54,422.45,425.72,457.18,506.19,507.18,518.79,850.0,950.0,954.55,982.94,,,299.95,300.0,309.0,315.0,315.0,319.99,320.0,320.0,325.0,330.0,330.0,330.0,349.99,349.99,350.0,369.99,399.0,399.95,399.99,400.0,449.99,499.0,499.99,500.0,750.0,850.0,890.0,925.0,,
2026-09-07 18:01:19,Pokemon Celebrations ETB (De),single,348,307.19,318.79,327.17,323.75,326.93,330.94,335.56,307.19,318.79,327.17,327.18,329.41,332.14,332.18,332.19,332.19,335.09,337.18,352.18,356.19,357.19,357.19,357.19,360.69,365.19,367.18,376.49,377.19,378.1,378.74,393.69,393.79,397.19,402.19,406.88,407.19,407.19,300.0,300.0,319.98,319.99,322.22,324.95,324.99,325.0,325.0,327.9,329.99,340.0,344.99,349.0,350.0,350.0,350.0,353.5,358.0,359.95,359.99,370.0,371.5,375.0,386.5,389.0,390.0,395.0,399.69,400.0
2026-09-07 18:01:19,Pokemon Champions Path ETB (Eng),single,166,147.19,152.19,155.19,149.12,150.86,161.14,162.42,147.19,152.19,155.19,157.18,157.18,157.19,164.18,164.99,166.19,166.98,167.19,167.19,168.78,172.19,172.5,173.99,174.24,176.19,176.19,177.19,177.19,178.1,179.55,182.5,183.1,184.97,186.18,186.19,189.5,193.19,140.0,145.0,145.0,148.0,149.99,149.99,149.99,149.99,150.0,150.0,150.0,156.99,159.0,159.0,159.99,160.0,160.0,160.0,160.0,164.75,165.0,169.0,169.0,169.95,169.99,170.0,170.0,174.95,174.95,179.0
2026-09-07 18:01:19,Pokemon Tag Team Pikachu & Zekrom GX Premium Collection (Eng),single,57,284.55,287.19,290.19,295.61,300.66,310.57,316.65,284.55,287.19,290.19,292.19,307.18,309.55,316.42,321.4,322.19,325.47,326.42,337.5,339.55,342.74,347.19,347.5,357.19,371.49,377.19,385.98,406.74,425.47,425.72,454.48,487.19,506.19,506.19,523.0,650.0,1014.18,265.0,280.0,283.0,285.0,290.0,299.0,299.0,299.9,299.99,309.0,315.0,315.0,320.0,325.0,325.0,340.0,349.99,350.0,370.0,379.99,399.0,399.99,400.0,449.99,480.0,499.0,499.0,500.0,550.0,1000.0
2026-09-07 18:01:19,Pokemon Tag Team Reshiram & Charizard GX Premium Collection (Eng),single,28,297.19,318.79,319.5,316.75,328.13,331.7,342.67,297.19,318.79,319.5,324.16,325.19,326.19,335.39,337.18,341.47,344.55,346.19,368.79,371.48,387.74,396.19,404.48,406.19,407.19,490.98,650.0,773.0,2214.13,,,,,,,,,290.0,299.95,300.0,310.0,315.0,316.97,318.0,319.0,325.0,329.99,339.0,349.98,350.0,370.0,389.0,399.0,399.99,400.0,479.99,550.0,750.0,2199.95,,,,,,,,
2026-09-07 18:01:19,Pokemon VMAX Climax Booster Display (Jpn),single,157,164.19,167.18,171.17,162.37,163.66,174.73,175.08,164.19,167.18,171.17,172.19,173.19,174.55,176.19,176.19,177.16,177.18,177.19,177.19,177.99,182.18,182.49,184.55,185.7,187.18,187.19,187.19,187.47,187.5,188.79,192.19,192.74,193.1,193.79,194.19,194.97,197.09,155.0,157.0,159.99,159.99,160.0,160.0,163.98,165.0,165.0,165.0,166.0,169.0,169.0,169.9,169.97,169.99,169.99,170.0,170.0,170.0,170.0,174.99,175.0,175.0,179.99,180.0,180.0,185.0,185.0,187.0
2026-09-07 18:01:19,Pokemon Battle Region Booster Display (Jpn),single,86,78.48,80.18,81.09,73.98,74.98,83.88,86.08,78.48,80.18,81.09,82.14,82.18,83.1,84.19,85.99,86.18,86.19,87.08,92.47,92.47,93.05,96.47,96.99,103.1,103.69,105.82,106.47,106.99,107.18,107.19,108.1,108.69,111.87,113.09,113.1,113.47,117.46,69.0,70.0,70.0,72.99,73.9,74.95,74.99,74.99,75.0,75.0,77.0,78.99,79.0,79.0,79.89,79.95,79.99,80.0,80.0,84.9,89.0,89.34,89.9,90.0,95.0,96.0,99.0,99.98,99.99,99.99
2026-09-07 18:01:19,Pokemon Clay Burst Booster Display (Jpn),single,257,92.17,92.18,92.19,86.37,87.13,95.44,97.93,92.17,92.18,92.19,92.19,92.97,95.19,96.47,97.19,98.1,99.19,101.99,102.19,103.98,106.47,106.48,107.19,107.46,109.25,110.35,112.37,112.98,112.98,113.1,113.47,115.08,117.09,117.18,117.18,118.65,118.99,79.0,84.98,84.99,85.0,85.0,85.0,85.0,88.0,88.98,89.0,89.99,90.0,90.0,90.0,92.0,93.16,94.9,95.0,95.0,96.0,99.88,99.88,99.99,100.0,100.0,100.0,105.0,107.89,109.9,109.99
2026-09-07 18:01:19,Pokemon Fusion Strike Booster Display (Eng),single,201,791.18,793.18,794.18,798.24,808.9,829.82,839.49,791.18,793.18,794.18,814.17,827.5,828.54,829.55,833.18,849.05,862.41,864.08,864.18,869.55,878.55,893.1,894.18,895.0,899.55,909.55,914.17,914.18,923.72,929.54,929.9,938.0,945.0,950.0,950.0,962.73,964.17,777.0,779.0,780.0,795.0,795.0,797.95,798.99,799.99,800.0,819.0,819.5,838.0,840.0,845.0,849.0,849.9,850.0,850.0,850.0,850.0,859.99,870.0,870.0,880.0,880.0,895.99,899.0,899.9,899.99,899.99
2026-09-07 18:01:19,Pokemon Astral Radiance Booster Display (Eng),single,283,352.19,357.18,360.48,355.09,357.38,377.19,378.97,352.19,357.18,360.48,366.19,379.29,379.5,379.55,382.5,384.55,385.49,388.1,388.1,390.49,395.44,395.47,395.72,396.47,402.19,407.09,407.19,407.19,412.72,422.19,422.5,422.98,437.18,443.72,447.5,457.17,457.18,345.0,348.99,349.99,350.0,350.0,354.99,356.79,359.0,359.95,360.0,360.0,362.99,365.0,368.97,369.0,370.0,370.0,379.99,379.99,395.0,399.9,399.98,400.0,400.0,400.0,415.0,425.0,429.99,449.88,449.88
2026-09-07 18:01:19,Pokemon Lost Origin ETB (Eng),single,239,192.19,197.18,197.19,193.99,194.53,204.27,205.28,192.19,197.18,197.19,201.19,202.18,206.17,206.19,206.89,207.14,207.19,207.19,208.99,212.19,212.41,214.89,216.18,217.79,219.54,221.5,221.5,221.69,222.14,223.0,223.99,228.78,232.19,232.75,235.69,237.9,239.9,184.99,185.0,189.99,190.0,190.0,194.0,194.99,194.99,198.98,199.0,199.0,199.0,199.0,199.0,199.95,199.99,199.99,199.99,200.0,200.0,205.0,205.0,208.99,209.9,209.9,209.99,214.5,214.95,215.0,220.0
2026-09-07 18:01:19,Pokemon Crown Zenith Galarian Articuno Tin US Version (Eng),single,23,141.0,144.06,156.19,149.12,165.93,167.78,179.86,141.0,144.06,156.19,157.19,162.5,166.47,172.5,173.99,176.19,177.18,177.18,178.09,207.18,207.19,300.96,442.75,,,,,,,,,,,,,,,133.0,133.06,140.0,140.0,144.99,149.0,149.99,150.0,150.0,169.0,169.99,169.99,199.99,200.0,289.97,400.0,,,,,,,,,,,,,,
2026-09-07 18:01:19,Pokemon Crown Zenith Galarian Zapdos Tin US Version (Eng),single,29,132.99,134.19,135.18,127.88,135.2,145.59,150.6,132.99,134.19,135.18,137.18,137.42,144.08,149.1,152.5,153.1,156.19,157.18,157.19,163.09,172.5,177.18,207.18,227.19,442.75,,,,,,,,,,,,,116.0,120.0,120.0,124.99,127.0,127.99,129.99,129.99,130.0,133.08,149.0,149.99,150.0,150.0,169.99,199.99,220.0,400.0,,,,,,,,,,,,
2026-09-07 18:01:19,Pokemon Crown Zenith Galarian Moltres Tin US Version (Eng),single,19,157.0,167.14,167.18,158.74,178.76,177.98,200.05,157.0,167.14,167.18,172.5,172.5,172.75,177.18,182.18,186.47,193.09,202.75,207.18,442.75,,,,,,,,,,,,,,,,,,130.0,149.0,150.0,150.0,159.95,159.99,159.99,160.0,160.0,169.99,174.99,199.99,400.0,,,,,,,,,,,,,,,,,
2026-09-07 18:01:19,Pokemon 151 Zapdos ex Collection (Eng),single,194,122.19,124.19,126.18,119.62,120.66,133.41,135.52,122.19,124.19,126.18,126.19,126.19,133.0,137.18,138.05,138.73,141.79,142.42,143.04,143.05,143.09,147.5,147.5,147.74,152.19,152.5,157.18,157.19,158.1,158.19,162.75,163.05,163.1,163.1,168.0,172.49,197.5,109.0,109.99,115.0,117.0,118.99,119.0,119.0,120.0,123.0,124.95,125.0,125.0,125.0,129.0,129.94,129.95,129.99,130.0,130.0,130.0,134.9,145.0,149.95,149.99,149.99,150.0,150.0,150.0,151.0,175.0
2026-09-07 18:01:19,Pokemon 151 UPC (Eng),single,391,685.68,695.67,715.68,729.99,728.6,751.3,749.19,685.68,695.67,715.68,735.68,745.68,755.68,760.68,765.67,765.68,765.68,765.68,765.68,765.68,774.5,774.55,789.68,795.68,799.55,802.05,804.5,809.55,812.19,813.68,814.68,814.68,815.68,819.55,820.19,825.0,825.68,670.0,679.99,700.0,720.0,725.0,730.0,735.0,740.0,744.95,745.0,745.0,745.0,749.0,749.99,750.0,750.0,750.0,750.0,750.0,770.0,770.0,772.5,774.0,774.95,779.0,780.0,780.0,780.0,780.0,787.0
2026-09-07 18:01:19,Pokemon 151 UPC (De),single,391,650.68,655.68,665.67,687.48,700.18,703.16,715.86,650.68,655.68,665.67,665.68,676.68,710.67,715.63,715.68,734.68,740.58,744.68,764.67,765.63,765.68,765.68,805.9,805.9,805.9,812.98,814.68,815.17,815.67,815.67,895.68,898.95,899.0,915.67,915.67,915.67,949.99,635.0,640.0,649.99,650.0,661.0,694.99,699.95,700.0,719.0,724.9,729.0,748.99,749.95,750.0,750.0,798.95,799.0,799.0,799.49,799.99,799.99,799.99,800.0,800.0,800.0,849.99,850.0,850.0,880.0,899.99
2026-09-07 18:01:19,Pokemon 151 Booster Display (Jpn),single,512,269.55,272.18,275.18,266.5,266.79,277.4,278.12,269.55,272.18,275.18,275.19,275.19,276.19,277.18,277.19,280.99,282.07,282.18,282.19,282.19,282.19,282.19,282.19,282.19,282.19,283.79,287.19,287.19,287.19,287.19,289.55,289.85,289.99,292.18,294.18,294.55,297.18,250.0,260.0,260.0,264.99,265.0,267.99,268.0,268.0,269.0,269.0,269.99,270.0,270.0,274.88,274.99,275.0,275.0,275.0,275.0,275.0,275.0,275.0,275.0,275.0,279.0,280.0,280.0,280.0,280.0,280.0
2026-09-07 18:01:19,Pokemon Paradigm Trigger Booster Display (Jpn),single,169,114.18,127.09,129.19,122.6,123.98,135.72,136.11,114.18,127.09,129.19,132.47,136.09,137.18,137.19,137.47,138.1,138.1,140.14,141.19,142.18,143.98,147.09,147.19,147.42,148.0,151.42,152.19,153.1,156.19,156.19,157.46,157.75,163.05,166.19,166.37,167.19,171.98,106.99,115.0,115.0,119.9,120.0,122.0,125.0,125.0,125.0,128.9,129.99,130.0,130.0,132.95,134.0,134.0,134.99,139.9,139.99,139.99,140.0,140.0,140.0,145.0,148.9,149.0,149.0,149.95,159.0,159.99
2026-09-07 18:01:19,Pokemon Star Birth Booster Display (Jpn),single,110,122.19,129.19,131.19,126.55,127.82,135.4,137.2,122.19,129.19,131.19,132.19,132.19,133.14,136.19,137.18,138.98,142.14,143.05,143.09,145.18,145.9,146.18,146.19,147.19,147.5,149.19,156.19,157.19,157.19,157.47,161.47,164.48,166.47,167.47,167.99,182.19,183.1,115.0,122.0,124.0,125.0,125.0,125.0,125.95,128.48,129.0,129.95,129.99,129.99,134.95,134.99,137.99,138.99,139.0,140.0,140.0,142.0,144.0,149.0,149.0,150.0,150.0,150.0,150.0,150.0,159.99,175.0
2026-09-07 18:01:19,Pokemon Violet ex Booster Display (Jpn),single,210,74.18,74.19,77.18,68.12,69.16,78.89,80.68,74.18,74.19,77.18,77.18,77.18,77.19,78.1,79.69,81.89,82.69,83.18,84.78,87.18,87.47,88.09,91.99,92.98,92.98,93.05,93.09,93.88,94.24,94.53,94.88,95.08,95.89,96.79,96.89,97.19,98.09,64.9,64.99,65.0,65.99,66.99,67.0,69.99,69.99,69.99,70.0,70.0,70.0,72.5,74.99,75.0,75.0,75.5,75.99,77.54,78.9,79.88,79.88,79.9,79.95,79.99,79.99,79.99,80.0,80.0,87.89
2026-09-07 18:01:19,Pokemon Brilliant Stars Booster Display (De),single,211,341.18,342.14,342.19,339.45,349.97,348.57,361.4,341.18,342.14,342.19,343.79,344.09,344.85,347.14,352.14,357.18,357.19,383.73,384.89,386.19,387.19,407.18,446.19,454.97,456.69,486.19,488.79,502.19,503.17,506.19,506.87,507.09,507.18,518.78,518.79,604.13,1014.17,320.0,325.0,333.99,334.95,335.0,336.9,339.9,339.95,344.95,349.99,350.0,379.0,379.9,380.0,399.99,439.0,449.5,449.99,470.0,479.0,495.0,495.98,499.0,499.68,499.9,499.99,499.99,500.0,589.95,999.99
2026-09-07 18:01:19,Pokemon Lost Origin Booster Display (De),single,359,364.19,365.18,372.19,373.5,377.77,380.69,384.88,364.19,365.18,372.19,377.18,377.19,380.19,381.19,383.18,387.18,387.19,390.89,392.09,403.09,406.08,406.13,406.19,406.89,407.18,407.19,407.19,432.19,436.19,456.18,457.17,457.18,457.19,457.19,462.89,487.14,488.79,357.0,357.99,365.0,369.99,370.0,373.0,374.0,375.99,379.99,380.0,384.9,384.9,395.9,398.89,398.94,399.0,399.99,400.0,400.0,401.9,425.0,429.0,448.99,449.98,449.99,449.99,450.0,450.0,470.0,475.0
2026-09-07 18:01:19,Pokemon Twilight Masquerade Booster Display (De),single,281,252.19,256.14,258.79,264.56,271.71,273.54,280.3,252.19,256.14,258.79,270.09,272.08,272.14,272.19,277.19,278.74,287.07,287.09,302.13,304.98,306.87,306.87,318.79,407.18,1014.17,,,,,,,,,,,,,240.0,245.0,248.95,259.95,262.9,264.89,264.95,265.0,270.0,279.88,279.9,294.94,299.68,299.68,299.99,300.0,399.99,999.99,,,,,,,,,,,,
2026-09-07 18:01:19,Pokemon Prismatic Evolutions Mini Tin Display (Eng),single,327,262.19,264.55,267.99,248.03,248.87,271.75,273.27,262.19,264.55,267.99,269.44,270.47,270.91,272.5,272.5,274.4,275.8,276.45,277.19,281.0,281.18,282.5,284.85,286.18,286.5,286.68,287.18,287.75,289.54,292.19,292.74,294.55,297.17,297.19,297.45,299.5,301.44,235.0,244.0,244.44,245.0,245.0,249.89,249.9,249.99,249.99,250.0,250.0,250.0,254.9,255.0,259.99,260.0,264.0,269.99,270.0,273.99,275.0,278.99,279.49,279.9,279.9,279.95,279.99,280.0,285.0,289.0
2026-09-07 18:01:19,Pokemon Prismatic Evolutions Booster Bundle Display (Eng),case,189,1031.5,1056.5,1136.7,1081.25,1123.7,1146.17,1185.49,1031.5,1056.5,1136.7,1180.0,1211.5,1214.68,1236.7,1250.0,1265.58,1271.7,1285.68,1285.7,1285.7,1293.86,1296.86,1297.8,1310.73,1320.73,1350.0,1354.89,1361.7,1361.7,1364.68,1365.56,1386.7,1399.0,1400.0,1400.0,1400.0,1400.0,975.0,1000.0,1080.0,1100.0,1145.0,1150.0,1189.0,1199.0,1199.0,1200.0,1200.0,1235.0,1247.0,1249.0,1249.0,1249.9,1250.0,1250.0,1270.0,1299.0,1300.0,1300.0,1300.0,1300.0,1325.0,1325.0,1325.0,1349.0,1349.0,1349.88
2026-09-07 18:01:19,Pokemon Prismatic Evolutions ETB (De),single,1900,152.19,157.18,157.19,155.5,156.93,162.69,164.79,152.19,157.18,157.19,157.19,162.19,162.19,162.19,166.19,167.19,167.19,167.19,167.19,172.19,177.14,177.18,178.79,182.19,183.8,187.09,187.18,187.18,187.19,187.19,187.19,187.19,188.79,193.78,193.79,197.18,198.79,145.0,149.99,150.0,150.0,155.0,155.0,155.0,159.0,160.0,160.0,160.0,160.0,160.0,165.0,169.95,169.99,170.0,174.9,174.99,175.0,175.0,179.9,179.99,179.99,180.0,180.0,180.0,180.0,180.0,189.99
2026-09-07 18:01:19,Pokemon Prismatic Evolutions ETB (Eng),single,1900,177.19,178.0,179.55,168.99,167.79,185.35,185.71,177.19,178.0,179.55,183.19,184.55,184.97,186.07,187.42,188.5,188.54,189.54,189.54,189.55,189.55,189.55,189.55,189.55,189.84,189.85,191.5,192.19,192.42,192.5,192.87,193.0,193.98,193.98,193.99,193.99,194.5,155.0,160.0,165.0,168.95,168.99,169.0,169.99,169.99,170.0,170.0,170.0,170.0,170.0,170.0,170.0,170.0,170.0,170.0,172.0,174.99,174.99,174.99,175.0,175.0,175.0,175.0,175.0,176.0,179.0,179.98
2026-09-07 18:01:19,Prismatic Evolutions Super-Premium Collection (Eng),single,1542,266.69,279.73,283.93,270.03,271.01,288.46,288.79,266.69,279.73,283.93,287.77,288.69,288.77,289.55,289.55,289.62,289.77,294.54,294.55,294.77,295.98,297.89,298.55,299.55,301.9,302.9,303.69,303.69,304.05,306.37,308.54,308.64,308.68,308.69,308.69,317.99,318.69,258.0,268.0,269.0,269.0,269.85,270.0,270.0,270.0,270.0,272.4,274.94,274.99,275.0,275.0,279.0,279.9,280.0,280.0,284.5,288.99,289.9,289.99,295.0,295.0,299.0,299.95,299.95,299.95,299.95,299.97
2026-09-07 18:01:19,Prismatic Evolutions Super-Premium Collection (De),single,1542,218.69,226.69,228.19,219.65,219.57,229.4,230.89,218.69,226.69,228.19,228.57,228.58,228.69,228.69,228.69,231.21,232.58,233.59,233.64,238.19,238.69,238.69,238.69,238.69,238.69,241.11,241.21,241.21,241.68,243.69,247.68,247.69,248.68,248.69,248.69,248.69,248.71,210.0,210.0,218.0,219.5,219.88,219.89,219.9,220.0,220.0,220.0,220.0,220.0,224.9,224.95,226.58,227.5,229.5,230.0,230.0,230.0,230.0,230.0,230.0,232.99,235.0,238.99,239.0,239.99,240.0,240.0
2026-09-07 18:01:19,Pokemon Black Bolt & White Flare Unova Mini Tin Display (Eng),single,132,241.99,242.19,242.19,240.47,243.12,249.01,254.23,241.99,242.19,242.19,243.19,247.09,248.5,251.48,251.49,251.98,256.19,262.19,266.36,267.42,269.94,271.2,286.99,287.18,294.55,299.5,302.14,306.87,307.17,307.18,312.7,319.54,407.19,614.17,1014.17,,,224.0,235.0,235.0,236.0,236.0,239.89,239.9,245.0,245.99,245.99,249.0,249.99,250.0,255.0,259.99,269.95,275.0,279.8,279.95,279.99,294.95,299.68,299.98,299.99,299.99,400.0,599.99,999.99,,
2026-09-07 18:01:19,Pokemon Lost Abyss Booster Display (Jpn),single,117,217.47,235.19,240.94,231.5,234.33,246.43,251.31,217.47,235.19,240.94,241.19,242.19,242.19,243.79,248.78,255.19,257.14,257.18,264.55,268.0,272.19,283.73,289.19,289.55,294.55,297.18,306.19,307.17,307.18,307.18,307.19,313.73,318.1,318.78,329.99,352.19,353.72,200.0,219.95,220.0,225.0,228.0,229.99,234.0,235.0,235.0,245.0,245.0,248.0,249.95,249.99,250.0,265.0,270.0,275.0,280.0,282.0,289.99,289.99,293.9,299.0,299.0,299.98,299.99,299.99,299.99,299.99
2026-09-07 18:01:19,Pokemon Terastal Festival ex Booster Display (Jpn),single,1041,108.09,112.19,115.99,102.87,104.39,120.69,120.67,108.09,112.19,115.99,117.19,118.05,122.19,122.99,122.99,123.0,123.1,123.1,123.79,125.19,126.0,126.19,126.19,127.08,127.18,127.18,127.19,127.19,127.98,128.09,128.18,132.1,132.18,133.09,133.09,133.1,133.18,92.9,94.99,99.0,99.0,100.0,104.95,105.0,105.0,105.0,105.0,109.99,110.0,110.0,110.0,114.99,115.0,115.0,116.0,118.0,119.0,119.0,119.89,119.99,119.99,119.99,120.0,120.0,120.0,120.0,120.0
2026-09-08 06:01:36,Pokemon Destined Rivals Booster Display (Eng),single,1285,365.47,366.12,367.4,349.75,348.79,371.71,371.86,365.47,366.12,367.4,369.55,369.55,372.5,373.0,373.9,373.9,373.9,373.9,374.39,374.39,374.55,375.39,376.47,376.47,376.95,377.0,378.9,380.47,380.5,381.5,382.19,382.42,382.49,383.0,383.5,383.55,383.79,339.0,344.9,349.0,349.0,350.0,350.0,350.0,350.0,350.0,350.0,350.0,350.0,350.0,350.0,350.0,350.0,350.0,354.0,355.0,355.0,359.0,359.99,359.99,360.0,360.0,360.0,360.0,361.0,364.0,365.0
2026-09-08 06:01:36,Pokemon Destined Rivals Booster Display Case (Eng),case,178,2250.73,2267.45,2289.99,2203.75,2228.3,2287.47,2300.35,2250.73,2267.45,2289.99,2292.45,2300.0,2300.0,2310.22,2311.17,2331.45,2350.0,2400.0,2400.0,2400.0,2459.89,2500.0,2517.48,2518.47,2553.4,2553.4,2599.0,2599.89,2602.4,2641.45,2642.45,2692.45,2761.16,2761.17,2795.0,2800.0,2846.69,2129.0,2189.99,2200.0,2200.0,2225.0,2250.0,2250.0,2250.0,2289.0,2300.0,2300.0,2300.0,2300.0,2400.0,2450.0,2450.0,2450.0,2499.0,2499.0,2499.0,2499.89,2499.99,2599.0,2600.0,2645.0,2650.0,2650.0,2699.0,2699.99,2700.0
2026-09-08 06:01:36,Pokemon Black Bolt ETB (Eng),single,514,137.19,139.18,139.19,129.54,129.75,142.02,143.71,137.19,139.18,139.19,140.18,140.19,141.5,142.17,142.19,143.55,147.19,148.0,148.48,148.55,148.69,149.42,149.9,151.1,151.42,151.5,152.14,152.18,152.19,152.6,153.0,153.59,153.59,153.6,153.6,155.99,156.14,120.0,125.0,125.0,127.5,129.9,129.95,130.0,130.0,131.99,132.0,132.0,132.99,132.99,133.0,134.0,134.95,134.98,135.0,135.49,137.5,139.0,139.9,139.99,139.99,140.0,140.0,140.0,140.0,140.0,140.0
2026-09-08 06:01:36,Pokemon Ascended Heroes ETB (Eng),single,1386,163.6,163.6,171.69,157.5,157.66,174.37,174.83,163.6,163.6,171.69,171.69,172.18,172.42,176.19,176.42,176.99,177.39,178.79,179.55,179.89,180.5,181.5,182.18,182.37,182.41,182.42,182.42,182.42,182.5,182.5,182.99,184.47,184.49,184.49,184.5,184.5,184.55,150.0,150.0,154.99,155.0,155.0,158.0,159.0,159.0,159.0,159.99,160.0,160.0,160.0,162.0,162.99,164.5,164.5,164.94,164.95,164.95,164.95,164.99,164.99,165.0,165.0,165.0,165.0,165.0,165.0,165.5
2026-09-08 06:01:36,Pokemon Ascended Heroes ETB Case (Eng),case,141,1667.45,1692.45,1717.45,1631.25,1664.99,1714.97,1732.84,1667.45,1692.45,1717.45,1725.0,1725.0,1725.0,1742.44,1746.12,1792.45,1795.0,1811.17,1837.45,1841.45,1842.45,1845.0,1861.16,1867.45,1883.25,1887.45,1892.45,1897.7,1900.0,1919.0,1947.8,1996.8,1997.8,1999.89,2000.0,2000.0,2017.48,1625.0,1625.0,1625.0,1625.0,1650.0,1675.0,1684.95,1695.0,1699.99,1745.0,1750.0,1750.0,1795.0,1799.0,1799.9,1799.99,1800.0,1800.0,1800.0,1819.0,1825.0,1845.0,1850.0,1850.0,1899.0,1900.0,1900.0,1900.0,1949.99,1950.0
2026-09-08 06:01:36,Pokemon 30th Celebration ETB (Eng),single,1041,174.74,177.93,181.49,170.85,171.31,181.92,182.19,174.74,177.93,181.49,181.66,181.7,181.9,181.98,182.0,182.19,182.45,182.99,183.9,183.99,186.9,186.99,190.42,192.49,192.74,194.94,199.5,201.9,203.5,204.9,204.98,214.4,216.4,217.39,219.5,219.98,227.35,163.9,163.99,164.98,164.99,169.94,169.99,173.0,174.0,174.95,174.95,175.0,175.0,175.0,175.0,175.0,176.8,177.0,179.95,179.95,181.65,185.0,185.0,189.99,195.0,195.95,196.98,198.98,199.95,199.99,209.9
2026-09-08 06:01:36,Pokemon 30th Celebration Booster Bundle (Eng),single,372,100.45,101.28,101.3,95.2,95.76,105.97,109.94,100.45,101.28,101.3,101.73,102.4,104.98,107.99,108.9,109.98,110.5,111.19,114.98,117.17,123.19,133.1,,,,,,,,,,,,,,,,84.99,89.99,92.95,93.51,94.0,94.9,94.94,96.4,97.39,97.5,99.95,99.98,99.99,99.99,99.99,,,,,,,,,,,,,,,
2026-09-08 06:01:36,Pokemon 30th Celebration Umbreon UPC (Eng),single,87,560.94,588.93,599.95,594.85,602.18,614.68,626.21,560.94,588.93,599.95,609.55,609.98,614.95,617.13,617.9,619.9,628.06,629.54,633.19,639.98,796.9,,,,,,,,,,,,,,,,,519.9,549.95,579.94,580.0,599.0,599.94,599.95,599.98,599.99,599.99,600.0,609.93,612.0,780.0,,,,,,,,,,,,,,,,
2026-09-08 06:01:36,Pokemon 30th Celebration Espeon UPC (Eng),single,108,510.94,530.9,578.93,579.97,586.12,599.97,606.62,510.94,530.9,578.93,590.09,593.13,594.55,599.94,613.19,614.95,614.99,618.06,629.54,796.9,,,,,,,,,,,,,,,,,,499.9,499.95,565.0,569.94,574.99,574.99,575.0,580.0,599.93,599.93,599.95,599.99,780.0,,,,,,,,,,,,,,,,,
2026-09-08 06:01:36,Pokemon 30th Celebration Mini Tin Display (Eng),single,51,299.9,304.98,307.4,344.85,339.78,360.73,353.47,299.9,304.98,307.4,329.89,342.25,368.9,372.42,379.9,388.19,396.9,397.4,,,,,,,,,,,,,,,,,,,,298.89,299.89,299.9,299.99,329.95,355.0,359.95,360.0,374.0,379.98,380.0,,,,,,,,,,,,,,,,,,,
2026-09-08 06:01:36,Pokemon Destined Rivals Booster Display (De),single,1285,270.0,275.18,277.19,272.81,272.63,280.48,281.3,270.0,275.18,277.19,277.19,280.88,280.89,281.19,282.14,282.18,282.19,284.85,286.19,286.19,286.19,287.09,287.78,291.18,292.18,292.38,296.19,296.19,297.09,297.18,297.19,297.19,297.19,297.19,302.18,304.85,304.89,247.0,267.99,268.99,270.0,270.0,274.0,274.69,274.9,274.95,274.99,275.0,279.0,279.0,279.0,279.88,279.9,279.9,283.99,284.99,289.0,289.0,289.9,289.99,289.99,290.0,290.0,290.0,290.0,294.99,298.0
2026-09-08 06:01:36,Pokemon Ascended Heroes Mini Tin Display (Eng),single,184,282.8,311.0,311.47,296.01,299.8,320.67,321.82,282.8,311.0,311.47,311.5,321.38,321.45,323.88,324.49,324.8,326.36,327.18,329.55,337.14,337.18,337.19,337.42,345.99,352.19,357.19,359.55,366.45,366.9,369.55,369.55,371.2,386.44,386.99,403.97,403.99,406.39,250.0,280.0,280.0,285.0,287.0,292.0,299.89,299.99,310.0,314.19,314.99,318.99,319.99,320.0,325.0,329.95,329.99,330.0,340.0,344.99,345.0,349.99,350.0,350.0,350.0,350.0,379.8,390.0,398.99,399.0
2026-09-08 06:01:36,Pokemon Ascended Heroes Booster Bundle Display (Eng),case,231,1040.0,1145.0,1176.0,1075.0,1078.99,1171.9,1171.33,1040.0,1145.0,1176.0,1180.0,1186.6,1186.7,1199.0,1200.0,1200.0,1200.0,1200.0,1236.69,1240.99,1299.0,1300.0,1300.0,1300.0,1300.0,1300.0,1320.0,1334.89,1336.7,1336.7,1349.0,1350.0,1350.0,1362.0,1365.68,1399.99,1490.0,940.0,1045.0,1076.0,1080.0,1099.0,1100.0,1100.0,1100.0,1100.0,1149.9,1150.0,1198.99,1199.0,1199.99,1200.0,1200.0,1200.0,1200.0,1200.0,1220.0,1249.0,1250.0,1250.0,1262.0,1299.99,1300.0,1300.0,1329.0,1350.0,1390.0
2026-09-08 06:01:36,Pokemon Ascended Heroes Pokemon Center ETB (Eng),single,279,366.42,367.42,370.39,374.37,388.13,404.31,413.55,366.42,367.42,370.39,385.39,395.39,411.5,413.1,413.73,419.55,425.39,426.19,451.19,451.19,451.19,455.19,455.38,461.5,463.72,467.42,467.69,469.19,469.55,472.19,472.5,476.47,489.55,492.19,497.18,497.19,499.55,345.0,349.0,350.0,350.0,360.0,370.0,375.0,390.0,399.99,400.0,400.0,419.0,429.99,440.0,444.0,444.0,444.0,448.0,449.95,450.0,450.0,450.0,450.0,462.0,465.0,470.0,480.0,485.0,489.99,489.99
2026-09-08 06:01:36,Pokemon Ascended Heroes Pokemon Center ETB (De),single,279,150.4,152.39,162.39,155.46,156.78,169.54,170.27,150.4,152.39,162.39,163.19,167.19,169.99,172.19,172.19,173.99,175.18,177.19,177.19,178.9,179.55,182.08,182.14,182.19,182.19,182.38,187.09,187.18,187.19,187.19,187.19,192.19,196.48,197.09,197.18,197.19,203.1,130.0,140.0,140.0,149.99,154.9,156.0,159.99,160.0,160.0,162.8,165.0,165.0,167.99,170.0,170.0,170.0,174.89,174.95,175.0,175.0,179.9,179.99,180.0,180.0,180.0,185.0,189.69,189.9,189.99,189.99
2026-09-08 06:01:36,Pokemon Ascended Heroes ETB (De),single,1386,109.19,112.18,112.19,109.37,109.59,116.56,116.78,109.19,112.18,112.19,117.16,117.19,117.19,117.19,117.19,117.19,117.19,118.3,119.18,120.09,120.14,120.18,120.19,121.09,121.19,121.19,121.19,122.14,122.19,122.19,122.19,122.19,122.19,122.19,122.19,122.19,122.19,102.0,104.99,105.0,109.97,110.0,110.0,110.0,110.0,110.0,110.0,111.11,111.99,112.9,112.95,112.99,113.0,113.9,114.0,114.0,114.95,115.0,115.0,115.0,115.0,115.0,115.0,115.0,115.0,115.0,115.0
2026-09-08 06:01:36,Pokemon Silver Tempest Booster Display (Eng),single,338,392.19,402.19,402.19,392.62,394.46,410.59,412.45,392.19,402.19,402.19,402.19,407.18,412.18,412.19,412.19,417.19,419.42,419.55,420.49,422.09,422.19,423.39,426.19,427.18,427.18,431.5,432.19,433.0,434.55,434.55,438.79,438.99,439.55,442.19,442.74,445.38,446.19,385.0,385.0,385.0,385.0,390.0,395.0,395.0,395.0,397.99,398.0,399.0,399.99,400.0,402.0,404.99,405.0,405.0,409.0,410.0,410.0,414.9,415.0,415.0,415.0,419.0,419.99,419.99,419.99,420.0,420.0
2026-09-08 06:01:36,Pokemon Lost Origin Booster Display (Eng),single,359,613.68,614.16,614.18,606.06,609.16,629.18,638.95,613.68,614.16,614.18,614.18,624.18,634.16,634.18,634.18,634.18,644.18,660.49,664.13,664.17,664.17,670.0,674.55,678.55,678.55,689.95,694.07,694.08,699.0,703.55,704.18,708.76,713.18,713.18,718.12,719.0,719.99,589.95,599.0,599.5,599.98,600.0,600.0,600.0,610.0,619.0,619.98,619.99,620.0,620.0,620.0,620.0,620.0,625.0,630.0,640.0,645.0,649.0,649.0,649.95,649.99,649.99,649.99,650.0,650.0,674.0,675.0
2026-09-08 06:01:36,Pokemon Chilling Reign Booster Display (Eng),single,175,386.19,394.39,405.18,406.73,409.79,424.48,427.0,386.19,394.39,405.18,417.5,422.5,424.09,425.39,431.5,432.49,437.18,442.18,444.55,447.19,447.19,447.45,447.5,449.55,457.19,464.55,466.42,469.55,469.55,469.55,469.55,471.85,497.79,503.72,504.85,507.14,507.19,369.0,379.0,395.0,397.99,400.0,400.0,409.0,409.99,416.9,424.95,425.0,425.0,429.99,430.0,434.99,439.99,440.0,440.0,445.0,449.0,450.0,450.0,450.0,450.0,450.0,450.0,479.0,499.0,499.0,499.9
2026-09-08 06:01:36,Pokemon Crown Zenith ETB (Eng),single,350,285.19,292.19,294.99,290.97,292.51,303.81,304.53,285.19,292.19,294.99,297.18,304.55,306.19,306.19,307.12,307.13,307.14,307.19,312.19,312.19,313.99,314.55,315.29,317.79,319.53,319.55,321.5,322.5,322.5,322.74,326.98,327.14,327.18,327.19,327.5,329.05,329.41,278.0,285.0,285.0,288.88,289.9,289.98,289.99,290.0,295.0,299.0,299.0,299.0,299.0,299.93,299.94,299.95,299.98,299.99,300.0,300.0,300.0,300.0,305.0,305.0,305.0,305.0,305.0,309.5,309.99,315.0
2026-09-08 06:01:36,Pokemon VSTAR Universe Booster Display (Jpn),single,831,167.18,171.79,172.47,162.1,163.85,176.69,177.2,167.18,171.79,172.47,174.55,177.09,177.09,177.19,177.99,178.19,178.98,179.19,179.68,182.18,182.19,182.19,183.19,185.19,187.19,188.79,189.5,191.19,192.09,192.19,192.19,193.1,194.18,194.55,194.55,194.55,194.55,153.0,155.0,155.0,155.0,159.99,160.0,160.0,167.0,169.9,169.9,169.99,170.0,170.0,171.0,172.0,172.49,174.99,174.99,175.0,175.0,175.0,175.0,175.0,175.0,175.0,176.0,178.0,180.0,180.0,180.0
2026-09-08 06:01:36,Pokemon Flareon VMAX Premium Collection EU Version (Eng),single,76,268.79,304.48,307.18,299.37,299.0,311.61,314.88,268.79,304.48,307.18,307.19,307.19,307.19,307.5,317.5,319.54,319.55,322.19,322.5,327.19,337.74,347.41,363.73,375.72,382.45,413.72,419.54,506.19,507.18,507.18,507.18,507.18,518.79,750.0,950.0,982.94,,250.0,285.0,295.0,299.99,299.99,299.99,300.0,300.0,300.0,300.0,300.0,300.0,315.0,320.0,320.0,329.99,349.99,350.0,359.95,399.99,499.0,499.99,499.99,499.99,499.99,500.0,650.0,850.0,890.0,
2026-09-08 06:01:36,Pokemon Jolteon VMAX Premium Collection EU Version (Eng),single,73,294.97,294.99,295.19,297.23,297.72,303.81,308.78,294.97,294.99,295.19,302.09,302.19,304.48,304.98,307.18,307.19,307.19,317.79,319.5,322.19,322.19,329.55,347.41,363.73,363.73,367.73,375.72,382.45,413.72,419.54,506.19,507.18,507.18,518.79,750.0,950.0,,288.0,289.98,290.0,294.9,295.0,298.99,299.0,299.95,299.99,299.99,300.0,300.0,300.0,300.0,310.0,315.0,315.0,329.99,349.99,349.99,350.0,359.95,399.99,499.0,499.99,499.99,500.0,650.0,850.0,
2026-09-08 06:01:36,Pokemon Vaporeon VMAX Premium Collection EU Version (Eng),single,64,319.5,322.19,327.18,321.12,327.93,333.55,345.45,319.5,322.19,327.18,327.19,327.19,327.79,337.19,337.19,337.19,347.5,357.18,357.19,363.73,387.41,406.19,413.72,419.54,422.45,425.72,457.18,506.19,507.18,518.79,850.0,950.0,954.55,982.94,,,,299.95,300.0,309.0,315.0,319.99,320.0,320.0,325.0,330.0,330.0,330.0,349.99,349.99,350.0,369.99,399.0,399.95,399.99,400.0,449.99,499.0,499.99,500.0,750.0,850.0,890.0,925.0,,,
2026-09-08 06:01:36,Pokemon Celebrations ETB (De),single,348,318.79,327.17,327.18,325.0,329.93,332.19,338.56,318.79,327.17,327.18,329.41,332.14,332.18,332.19,332.19,335.09,337.18,347.18,356.19,357.19,357.19,357.19,360.69,365.19,367.18,376.49,377.19,378.1,378.74,393.69,393.79,397.19,402.19,406.88,407.19,407.19,407.79,300.0,319.98,319.99,322.22,324.95,324.99,325.0,325.0,327.9,329.99,339.99,340.0,349.0,350.0,350.0,350.0,353.5,358.0,359.95,359.99,370.0,371.5,375.0,386.5,389.0,390.0,395.0,399.69,400.0,400.0
2026-09-08 06:01:36,Pokemon Champions Path ETB (Eng),single,166,147.19,152.19,155.19,149.12,150.93,161.26,162.94,147.19,152.19,155.19,157.18,157.18,157.19,164.18,164.99,166.98,167.19,167.19,168.78,172.19,172.5,173.99,174.24,176.19,176.19,177.19,177.19,178.1,179.55,182.5,183.1,184.97,186.18,186.19,189.5,193.19,193.99,140.0,145.0,145.0,148.0,149.99,149.99,149.99,149.99,150.0,150.0,150.0,156.99,159.0,159.99,160.0,160.0,160.0,160.0,164.75,165.0,169.0,169.0,169.95,169.99,170.0,170.0,174.95,174.95,179.0,179.95
2026-09-08 06:01:36,Pokemon Tag Team Pikachu & Zekrom GX Premium Collection (Eng),single,57,284.55,287.19,290.19,295.61,300.66,310.57,316.65,284.55,287.19,290.19,292.19,307.18,309.55,316.42,321.4,322.19,325.47,326.42,337.5,339.55,342.74,347.19,347.5,357.19,371.49,377.19,385.98,406.74,425.47,425.72,454.48,487.19,506.19,506.19,523.0,650.0,1014.18,265.0,280.0,283.0,285.0,290.0,299.0,299.0,299.9,299.99,309.0,315.0,315.0,320.0,325.0,325.0,340.0,349.99,350.0,370.0,379.99,399.0,399.99,400.0,449.99,480.0,499.0,499.0,500.0,550.0,1000.0
2026-09-08 06:01:36,Pokemon Tag Team Reshiram & Charizard GX Premium Collection (Eng),single,28,297.19,318.79,319.5,316.75,328.13,331.7,342.67,297.19,318.79,319.5,324.16,325.19,326.19,335.39,337.18,341.47,344.55,346.19,368.79,371.48,387.74,396.19,404.48,406.19,407.19,490.98,650.0,773.0,2214.13,,,,,,,,,290.0,299.95,300.0,310.0,315.0,316.97,318.0,319.0,325.0,329.99,339.0,349.98,350.0,370.0,389.0,399.0,399.99,400.0,479.99,550.0,750.0,2199.95,,,,,,,,
2026-09-08 06:01:36,Pokemon VMAX Climax Booster Display (Jpn),single,157,164.19,167.18,171.17,162.37,163.66,174.73,174.75,164.19,167.18,171.17,172.19,173.19,174.55,176.19,176.19,177.16,177.18,177.18,177.19,177.19,177.99,182.49,184.55,185.7,187.18,187.19,187.19,187.47,187.5,188.79,192.19,192.74,193.1,193.79,194.19,194.97,197.09,155.0,157.0,159.99,159.99,160.0,160.0,163.98,165.0,165.0,165.0,166.0,169.0,169.0,169.9,169.97,169.99,169.99,169.99,170.0,170.0,170.0,170.0,175.0,175.0,179.99,180.0,180.0,185.0,185.0,187.0
2026-09-08 06:01:36,Pokemon Battle Region Booster Display (Jpn),single,86,77.19,78.48,80.18,73.35,74.32,83.13,84.8,77.19,78.48,80.18,81.09,82.14,82.18,83.1,84.19,85.99,86.18,86.19,87.08,92.47,92.47,93.05,96.47,96.99,103.1,103.69,105.82,106.47,106.99,107.18,107.19,108.1,108.69,111.87,113.09,113.1,113.47,69.0,70.0,70.0,70.0,72.99,73.9,74.95,74.99,74.99,75.0,75.0,77.0,78.99,79.0,79.0,79.89,79.95,79.99,80.0,80.0,84.9,89.0,89.34,89.9,90.0,95.0,96.0,99.0,99.98,99.99
2026-09-08 06:01:36,Pokemon Clay Burst Booster Display (Jpn),single,257,92.17,92.18,92.19,86.37,87.13,95.44,97.93,92.17,92.18,92.19,92.19,92.97,95.19,96.47,97.19,98.1,99.19,101.99,102.19,103.98,106.47,106.48,107.19,107.46,109.25,110.35,112.37,112.98,112.98,113.1,113.47,115.08,117.09,117.18,117.18,118.65,118.99,79.0,84.98,84.99,85.0,85.0,85.0,85.0,88.0,88.98,89.0,89.99,90.0,90.0,90.0,92.0,93.16,94.9,95.0,95.0,96.0,99.88,99.88,99.99,100.0,100.0,100.0,105.0,107.89,109.9,109.99
2026-09-08 06:01:36,Pokemon Fusion Strike Booster Display (Eng),single,201,791.18,793.18,794.18,798.24,808.9,829.82,839.49,791.18,793.18,794.18,814.17,827.5,828.54,829.55,833.18,849.05,862.41,864.08,864.18,869.55,878.55,893.1,894.18,895.0,899.55,909.55,914.17,914.18,923.72,929.54,929.9,938.0,945.0,950.0,950.0,962.73,964.17,777.0,779.0,780.0,795.0,795.0,797.95,798.99,799.99,800.0,819.0,819.5,838.0,840.0,845.0,849.0,849.9,850.0,850.0,850.0,850.0,859.99,870.0,870.0,880.0,880.0,895.99,899.0,899.9,899.99,899.99
2026-09-08 06:01:36,Pokemon Astral Radiance Booster Display (Eng),single,283,352.19,357.18,360.48,355.09,357.38,377.19,378.97,352.19,357.18,360.48,366.19,379.29,379.5,379.55,382.5,384.55,385.49,388.1,388.1,390.49,395.44,395.47,395.72,396.47,402.19,407.09,407.19,407.19,412.72,422.19,422.5,422.98,437.18,443.72,447.5,457.17,457.18,345.0,348.99,349.99,350.0,350.0,354.99,356.79,359.0,359.95,360.0,360.0,362.99,365.0,368.97,369.0,370.0,370.0,379.99,379.99,395.0,399.9,399.98,400.0,400.0,400.0,415.0,425.0,429.99,449.88,449.88
2026-09-08 06:01:36,Pokemon Lost Origin ETB (Eng),single,239,192.19,197.18,197.19,187.25,188.8,201.84,202.58,192.19,197.18,197.19,197.42,201.19,202.18,202.5,203.55,204.55,206.17,206.19,206.89,207.14,207.19,207.19,208.55,208.99,212.19,212.41,214.55,214.89,216.18,217.5,217.79,219.54,221.5,221.5,221.69,222.14,223.0,180.0,180.0,184.0,184.99,185.0,185.0,189.0,189.99,190.0,190.0,194.0,194.99,194.99,195.0,195.0,198.98,199.0,199.0,199.0,199.0,199.0,199.95,199.99,199.99,199.99,199.99,200.0,200.0,205.0,205.0
2026-09-08 06:01:36,Pokemon Crown Zenith Galarian Articuno Tin US Version (Eng),single,23,141.0,144.06,156.19,149.12,165.93,167.78,179.86,141.0,144.06,156.19,157.19,162.5,166.47,172.5,173.99,176.19,177.18,177.18,178.09,207.18,207.19,300.96,442.75,,,,,,,,,,,,,,,133.0,133.06,140.0,140.0,144.99,149.0,149.99,150.0,150.0,169.0,169.99,169.99,199.99,200.0,289.97,400.0,,,,,,,,,,,,,,
2026-09-08 06:01:36,Pokemon Crown Zenith Galarian Zapdos Tin US Version (Eng),single,29,132.99,134.19,135.18,127.88,135.2,145.59,150.6,132.99,134.19,135.18,137.18,137.42,144.08,149.1,152.5,153.1,156.19,157.18,157.19,163.09,172.5,177.18,207.18,227.19,442.75,,,,,,,,,,,,,116.0,120.0,120.0,124.99,127.0,127.99,129.99,129.99,130.0,133.08,149.0,149.99,150.0,150.0,169.99,199.99,220.0,400.0,,,,,,,,,,,,
2026-09-08 06:01:36,Pokemon Crown Zenith Galarian Moltres Tin US Version (Eng),single,19,157.0,167.14,167.18,158.74,178.76,177.98,200.05,157.0,167.14,167.18,172.5,172.5,172.75,177.18,182.18,186.47,193.09,202.75,207.18,442.75,,,,,,,,,,,,,,,,,,130.0,149.0,150.0,150.0,159.95,159.99,159.99,160.0,160.0,169.99,174.99,199.99,400.0,,,,,,,,,,,,,,,,,
2026-09-08 06:01:36,Pokemon 151 Zapdos ex Collection (Eng),single,194,122.19,124.19,126.18,119.62,120.66,133.41,135.52,122.19,124.19,126.18,126.19,126.19,133.0,137.18,138.05,138.73,141.79,142.42,143.04,143.05,143.09,147.5,147.5,147.74,152.19,152.5,157.18,157.19,158.1,158.19,162.75,163.05,163.1,163.1,168.0,172.49,197.5,109.0,109.99,115.0,117.0,118.99,119.0,119.0,120.0,123.0,124.95,125.0,125.0,125.0,129.0,129.94,129.95,129.99,130.0,130.0,130.0,134.9,145.0,149.95,149.99,149.99,150.0,150.0,150.0,151.0,175.0
2026-09-08 06:01:36,Pokemon 151 UPC (Eng),single,391,685.67,685.68,715.68,729.99,727.93,751.3,748.52,685.67,685.68,715.68,735.68,745.68,755.68,760.68,765.67,765.68,765.68,765.68,765.68,765.68,774.5,774.55,789.68,795.68,799.55,802.05,804.5,809.55,812.19,813.68,814.68,814.68,815.68,819.55,820.19,825.0,825.68,669.99,670.0,700.0,720.0,725.0,730.0,735.0,740.0,744.95,745.0,745.0,745.0,749.0,749.99,750.0,750.0,750.0,750.0,750.0,770.0,770.0,772.5,774.0,774.95,779.0,780.0,780.0,780.0,780.0,787.0
2026-09-08 06:01:36,Pokemon 151 UPC (De),single,391,650.68,655.68,665.67,687.48,700.18,703.16,715.86,650.68,655.68,665.67,665.68,676.68,710.67,715.63,715.68,734.68,740.58,744.68,764.67,765.63,765.68,765.68,805.9,805.9,805.9,812.98,814.68,815.17,815.67,815.67,895.68,898.95,899.0,915.67,915.67,915.67,949.99,635.0,640.0,649.99,650.0,661.0,694.99,699.95,700.0,719.0,724.9,729.0,748.99,749.95,750.0,750.0,798.95,799.0,799.0,799.49,799.99,799.99,799.99,800.0,800.0,800.0,849.99,850.0,850.0,880.0,899.99
2026-09-08 06:01:36,Pokemon 151 Booster Display (Jpn),single,512,266.19,266.29,267.19,264.13,265.4,273.48,275.08,266.19,266.29,267.19,269.55,272.18,275.18,275.19,275.19,276.19,277.18,277.19,282.07,282.19,282.19,282.19,282.19,282.19,282.19,282.19,283.79,287.19,287.19,287.19,287.19,289.85,292.18,294.18,294.55,297.18,297.19,250.0,259.0,259.1,260.0,260.0,264.99,265.0,267.99,268.0,268.0,269.0,269.99,270.0,274.88,275.0,275.0,275.0,275.0,275.0,275.0,275.0,275.0,275.0,279.0,280.0,280.0,280.0,280.0,280.0,284.9
2026-09-08 06:01:36,Pokemon Paradigm Trigger Booster Display (Jpn),single,169,114.18,127.09,129.19,122.6,123.98,135.72,136.11,114.18,127.09,129.19,132.47,136.09,137.18,137.19,137.47,138.1,138.1,140.14,141.19,142.18,143.98,147.09,147.19,147.42,148.0,151.42,152.19,153.1,156.19,156.19,157.46,157.75,163.05,166.19,166.37,167.19,171.98,106.99,115.0,115.0,119.9,120.0,122.0,125.0,125.0,125.0,128.9,129.99,130.0,130.0,132.95,134.0,134.0,134.99,139.9,139.99,139.99,140.0,140.0,140.0,145.0,148.9,149.0,149.0,149.95,159.0,159.99
2026-09-08 06:01:36,Pokemon Star Birth Booster Display (Jpn),single,110,122.19,129.19,131.19,126.55,127.82,135.4,137.2,122.19,129.19,131.19,132.19,132.19,133.14,136.19,137.18,138.98,142.14,143.05,143.09,145.18,145.9,146.18,146.19,147.19,147.5,149.19,156.19,157.19,157.19,157.47,161.47,164.48,166.47,167.47,167.99,182.19,183.1,115.0,122.0,124.0,125.0,125.0,125.0,125.95,128.48,129.0,129.95,129.99,129.99,134.95,134.99,137.99,138.99,139.0,140.0,140.0,142.0,144.0,149.0,149.0,150.0,150.0,150.0,150.0,150.0,159.99,175.0
2026-09-08 06:01:36,Pokemon Violet ex Booster Display (Jpn),single,210,74.18,74.19,77.18,68.12,68.82,78.42,80.07,74.18,74.19,77.18,77.18,77.18,77.19,78.1,78.98,79.69,81.89,82.69,83.18,84.78,87.18,87.47,88.09,91.99,92.98,92.98,93.05,93.09,93.88,94.24,94.53,94.88,95.08,95.89,96.79,96.89,97.19,64.9,64.99,65.0,65.99,66.99,67.0,69.99,69.99,69.99,69.99,70.0,70.0,70.0,72.5,74.99,75.0,75.0,75.5,75.99,77.54,78.9,79.88,79.88,79.9,79.95,79.99,79.99,79.99,80.0,80.0
2026-09-08 06:01:36,Pokemon Brilliant Stars Booster Display (De),single,211,341.18,342.14,342.19,339.45,349.97,348.57,361.4,341.18,342.14,342.19,343.79,344.09,344.85,347.14,352.14,357.18,357.19,383.73,384.89,386.19,387.19,407.18,446.19,454.97,456.69,486.19,488.79,502.19,503.17,506.19,506.87,507.09,507.18,518.78,518.79,604.13,1014.17,320.0,325.0,333.99,334.95,335.0,336.9,339.9,339.95,344.95,349.99,350.0,379.0,379.9,380.0,399.99,439.0,449.5,449.99,470.0,479.0,495.0,495.98,499.0,499.68,499.9,499.99,499.99,500.0,589.95,999.99
2026-09-08 06:01:36,Pokemon Lost Origin Booster Display (De),single,359,365.18,372.19,377.18,375.98,380.57,383.02,387.68,365.18,372.19,377.18,377.19,380.19,381.19,383.18,387.18,387.19,390.89,392.09,403.09,406.08,406.13,406.19,406.89,407.18,407.19,407.19,432.19,436.19,456.18,457.17,457.18,457.19,457.19,462.89,487.14,488.79,493.79,357.99,365.0,369.99,370.0,373.0,374.0,375.99,379.99,380.0,384.9,384.9,395.9,398.89,398.94,399.0,399.99,400.0,400.0,401.9,425.0,429.0,448.99,449.98,449.99,449.99,450.0,450.0,470.0,475.0,479.95
2026-09-08 06:01:36,Pokemon Twilight Masquerade Booster Display (De),single,281,252.19,256.14,258.79,264.56,271.71,273.54,280.3,252.19,256.14,258.79,270.09,272.08,272.14,272.19,277.19,278.74,287.07,287.09,302.13,304.98,306.87,306.87,318.79,407.18,1014.17,,,,,,,,,,,,,240.0,245.0,248.95,259.95,262.9,264.89,264.95,265.0,270.0,279.88,279.9,294.94,299.68,299.68,299.99,300.0,399.99,999.99,,,,,,,,,,,,
2026-09-08 06:01:36,Pokemon Prismatic Evolutions Mini Tin Display (Eng),single,327,262.19,264.55,267.99,248.03,248.87,271.75,273.27,262.19,264.55,267.99,269.44,270.47,270.91,272.5,272.5,274.4,275.8,276.45,277.19,281.0,281.18,282.5,284.85,286.18,286.5,286.68,287.18,287.75,289.54,292.19,292.74,294.55,297.17,297.19,297.45,299.5,301.44,235.0,244.0,244.44,245.0,245.0,249.89,249.9,249.99,249.99,250.0,250.0,250.0,254.9,255.0,259.99,260.0,264.0,269.99,270.0,273.99,275.0,278.99,279.49,279.9,279.9,279.95,279.99,280.0,285.0,289.0
2026-09-08 06:01:36,Pokemon Prismatic Evolutions Booster Bundle Display (Eng),case,189,1031.5,1056.5,1136.7,1081.25,1123.7,1146.17,1185.49,1031.5,1056.5,1136.7,1180.0,1211.5,1214.68,1236.7,1250.0,1265.58,1271.7,1285.68,1285.7,1285.7,1293.86,1296.86,1297.8,1310.73,1320.73,1350.0,1354.89,1361.7,1361.7,1364.68,1365.56,1386.7,1399.0,1400.0,1400.0,1400.0,1400.0,975.0,1000.0,1080.0,1100.0,1145.0,1150.0,1189.0,1199.0,1199.0,1200.0,1200.0,1235.0,1247.0,1249.0,1249.0,1249.9,1250.0,1250.0,1270.0,1299.0,1300.0,1300.0,1300.0,1300.0,1325.0,1325.0,1325.0,1349.0,1349.0,1349.88
2026-09-08 06:01:36,Pokemon Prismatic Evolutions ETB (De),single,1900,147.19,152.19,157.18,153.0,153.93,160.19,161.46,147.19,152.19,157.18,157.19,157.19,157.19,162.19,162.19,162.19,166.19,167.19,167.19,167.19,167.19,172.19,177.14,177.18,178.79,182.19,183.8,187.18,187.18,187.19,187.19,187.19,187.19,188.79,193.78,193.79,197.18,140.0,145.0,149.99,150.0,150.0,150.0,155.0,155.0,155.0,159.0,160.0,160.0,160.0,160.0,160.0,165.0,169.95,169.99,170.0,174.9,174.99,175.0,175.0,179.99,179.99,180.0,180.0,180.0,180.0,180.0
2026-09-08 06:01:36,Pokemon Prismatic Evolutions ETB (Eng),single,1900,178.0,179.55,179.55,165.86,166.12,183.72,184.87,178.0,179.55,179.55,179.55,183.19,184.5,184.55,184.97,186.07,187.42,188.5,188.54,189.54,189.54,189.55,189.55,189.55,189.55,189.55,189.84,189.85,191.5,192.19,192.42,192.5,192.87,193.0,193.98,193.98,193.99,155.0,160.0,160.0,160.0,164.95,165.0,168.95,168.99,169.0,169.99,169.99,170.0,170.0,170.0,170.0,170.0,170.0,170.0,170.0,170.0,172.0,174.99,174.99,174.99,175.0,175.0,175.0,175.0,175.0,176.0
2026-09-08 06:01:36,Prismatic Evolutions Super-Premium Collection (Eng),single,1542,266.69,279.73,283.93,270.67,271.68,289.1,289.4,266.69,279.73,283.93,287.77,288.77,288.93,289.55,289.55,289.77,294.54,294.55,294.77,295.98,297.89,298.55,301.9,302.9,303.69,303.69,304.05,306.37,308.54,308.64,308.68,308.69,308.69,317.99,318.69,318.77,319.5,258.0,268.0,269.0,269.0,270.0,270.0,270.0,270.0,272.4,274.94,274.99,275.0,275.0,279.0,279.9,279.94,284.5,288.99,289.9,289.99,295.0,295.0,299.0,299.95,299.95,299.95,299.95,299.97,299.99,299.99
2026-09-08 06:01:36,Prismatic Evolutions Super-Premium Collection (De),single,1542,213.68,215.69,215.69,211.19,213.24,221.01,222.68,213.68,215.69,215.69,218.19,218.68,220.69,222.69,223.69,223.69,224.77,228.19,228.57,228.58,228.69,228.69,228.69,232.58,233.59,233.64,238.19,238.69,238.69,238.69,238.69,238.69,241.11,241.21,241.21,241.68,243.69,204.99,205.0,207.0,207.0,209.5,209.99,212.0,214.0,215.0,215.0,219.5,219.88,219.89,219.9,220.0,220.0,220.0,220.0,220.0,224.9,224.95,226.58,227.5,229.5,230.0,230.0,230.0,230.0,230.0,230.0
2026-09-08 06:01:36,Pokemon Black Bolt & White Flare Unova Mini Tin Display (Eng),single,132,241.99,242.19,242.19,239.72,241.78,247.89,252.63,241.99,242.19,242.19,243.19,247.09,247.19,248.5,251.48,251.49,251.98,256.19,262.19,266.36,267.42,269.94,271.2,286.99,287.18,294.55,299.5,302.14,306.87,307.17,307.18,312.7,319.54,407.19,614.17,1014.17,,224.0,235.0,235.0,236.0,236.0,239.89,239.9,240.0,245.0,245.99,245.99,249.0,249.99,250.0,255.0,259.99,269.95,275.0,279.8,279.95,279.99,294.95,299.68,299.98,299.99,299.99,400.0,599.99,999.99,
2026-09-08 06:01:36,Pokemon Lost Abyss Booster Display (Jpn),single,117,217.47,235.19,240.94,228.37,231.59,246.43,250.58,217.47,235.19,240.94,241.19,242.19,242.19,243.79,248.78,255.19,257.14,257.18,264.55,268.0,272.19,272.73,283.73,289.19,289.55,294.55,297.18,306.19,307.17,307.18,307.18,307.19,313.73,318.1,318.78,329.99,352.19,200.0,209.0,219.95,220.0,225.0,228.0,229.99,234.0,235.0,235.0,245.0,245.0,248.0,249.95,249.99,250.0,265.0,270.0,275.0,280.0,282.0,289.99,289.99,293.9,299.0,299.0,299.98,299.99,299.99,299.99
2026-09-08 06:01:36,Pokemon Terastal Festival ex Booster Display (Jpn),single,1041,108.09,112.19,117.19,106.87,108.53,121.85,121.93,108.09,112.19,117.19,118.05,122.19,122.99,123.0,123.1,123.1,125.19,126.19,126.19,127.08,127.18,127.18,127.19,127.19,127.98,128.09,128.18,132.1,132.18,133.09,133.09,133.18,133.49,134.85,135.89,137.14,137.47,94.99,99.0,100.0,104.95,105.0,105.0,109.99,110.0,110.0,110.0,114.99,115.0,115.0,116.0,118.0,119.0,119.0,119.89,119.99,119.99,119.99,120.0,120.0,120.0,120.0,120.0,120.0,120.0,120.0,120.99
2026-09-08 18:01:33,Pokemon Destined Rivals Booster Display (Eng),single,1285,357.42,365.29,367.4,349.11,348.19,372.26,371.73,357.42,365.29,367.4,369.55,372.5,373.0,373.9,373.9,373.9,373.9,374.39,374.39,374.55,375.39,376.47,376.47,376.47,377.0,378.9,380.47,380.5,381.5,382.42,382.49,383.0,383.5,383.55,383.79,383.9,384.5,339.9,340.0,344.9,349.0,349.0,350.0,350.0,350.0,350.0,350.0,350.0,350.0,350.0,350.0,350.0,350.0,350.0,350.0,354.0,355.0,355.0,359.0,359.99,360.0,360.0,360.0,360.0,361.0,364.0,365.0
2026-09-08 18:01:33,Pokemon Destined Rivals Booster Display Case (Eng),case,178,2250.73,2267.45,2289.99,2203.75,2228.3,2287.47,2300.35,2250.73,2267.45,2289.99,2292.45,2300.0,2300.0,2310.22,2311.17,2331.45,2350.0,2392.45,2400.0,2400.0,2400.0,2459.89,2500.0,2517.48,2518.47,2553.4,2553.4,2599.0,2599.89,2602.4,2641.45,2642.45,2692.45,2761.16,2761.17,2795.0,2800.0,2129.0,2189.99,2200.0,2200.0,2225.0,2250.0,2250.0,2250.0,2289.0,2300.0,2300.0,2300.0,2300.0,2350.0,2400.0,2450.0,2450.0,2450.0,2499.0,2499.0,2499.0,2499.89,2499.99,2599.0,2600.0,2645.0,2650.0,2650.0,2699.0,2699.99
2026-09-08 18:01:33,Pokemon Black Bolt ETB (Eng),single,514,139.19,140.18,140.19,129.92,130.28,144.16,145.23,139.19,140.18,140.19,141.5,142.17,142.19,143.55,147.19,148.0,148.48,148.55,148.59,149.29,149.42,149.9,151.1,151.42,151.5,152.14,152.18,152.19,152.6,153.0,153.59,153.6,153.6,155.99,156.14,156.44,157.09,120.0,125.0,125.0,127.5,129.9,129.95,130.0,132.0,132.0,132.99,132.99,133.0,134.0,134.95,134.98,134.99,135.0,135.0,135.49,137.5,139.0,139.9,139.99,140.0,140.0,140.0,140.0,140.0,140.0,143.9
2026-09-08 18:01:33,Pokemon Ascended Heroes ETB (Eng),single,1386,163.6,172.18,176.19,158.25,158.2,177.43,177.49,163.6,172.18,176.19,176.42,176.42,176.55,176.99,177.39,179.55,179.89,180.5,181.5,181.5,181.5,182.18,182.37,182.41,182.42,182.42,182.5,182.99,184.47,184.49,184.49,184.5,184.5,184.55,184.55,185.18,185.19,150.0,154.99,155.0,157.0,158.0,159.0,159.0,159.0,159.0,159.99,160.0,160.0,160.0,160.0,162.0,162.99,164.94,164.95,164.95,164.95,164.99,164.99,165.0,165.0,165.0,165.0,165.0,165.5,167.0,167.95
2026-09-08 18:01:33,Pokemon Ascended Heroes ETB Case (Eng),case,141,1650.0,1650.0,1650.0,1593.75,1647.5,1664.97,1717.21,1650.0,1650.0,1650.0,1667.45,1692.45,1717.45,1746.12,1792.45,1795.0,1811.17,1837.45,1841.45,1842.45,1845.0,1861.16,1867.45,1883.25,1887.45,1892.45,1897.7,1900.0,1919.0,1947.8,1996.8,1997.8,1999.89,2000.0,2000.0,2017.48,2042.44,1550.0,1550.0,1550.0,1625.0,1650.0,1675.0,1684.95,1695.0,1745.0,1750.0,1750.0,1795.0,1799.0,1799.9,1799.99,1800.0,1800.0,1800.0,1819.0,1825.0,1845.0,1850.0,1850.0,1899.0,1900.0,1900.0,1900.0,1949.99,1950.0,1990.0
2026-09-08 18:01:33,Pokemon 30th Celebration ETB (Eng),single,1041,177.0,177.93,181.49,172.11,172.17,182.8,183.94,177.0,177.93,181.49,181.66,181.7,182.19,182.99,183.9,183.99,184.45,185.98,185.99,186.9,190.42,192.49,193.5,194.94,199.5,201.9,204.9,204.98,214.4,216.4,217.39,219.5,219.98,227.35,232.74,236.4,237.32,162.99,163.9,169.0,169.94,169.99,169.99,173.0,174.95,175.0,175.0,175.0,175.0,175.0,176.8,176.95,179.95,179.95,181.65,185.0,189.99,195.0,195.95,196.98,198.98,199.95,199.99,209.9,209.93,209.99,218.98
2026-09-08 18:01:33,Pokemon 30th Celebration Booster Bundle (Eng),single,372,100.45,101.28,101.3,95.2,95.46,105.97,109.58,100.45,101.28,101.3,101.73,102.4,104.98,107.99,108.9,109.98,110.5,111.19,117.17,123.19,133.1,,,,,,,,,,,,,,,,,84.99,89.99,92.95,93.51,94.0,94.9,94.94,96.4,97.39,97.5,99.95,99.98,99.99,99.99,,,,,,,,,,,,,,,,
2026-09-08 18:01:33,Pokemon 30th Celebration Umbreon UPC (Eng),single,87,519.5,535.94,550.94,563.46,568.5,586.43,590.48,519.5,535.94,550.94,560.94,566.13,588.93,599.95,605.04,609.55,609.98,614.95,617.9,619.9,628.06,629.54,633.19,639.98,796.9,,,,,,,,,,,,,499.95,519.9,519.95,539.95,548.0,549.95,579.94,580.0,589.94,599.94,599.95,599.98,599.99,599.99,600.0,609.93,612.0,780.0,,,,,,,,,,,,
2026-09-08 18:01:33,Pokemon 30th Celebration Espeon UPC (Eng),single,108,484.99,509.5,510.89,542.34,565.16,563.96,585.26,484.99,509.5,510.89,516.42,530.9,578.93,589.99,590.09,594.55,599.94,613.19,614.95,618.06,629.54,796.9,,,,,,,,,,,,,,,,469.0,489.95,499.0,499.9,499.9,549.99,565.0,569.94,574.99,580.0,599.93,599.93,599.95,599.99,780.0,,,,,,,,,,,,,,,
2026-09-08 18:01:33,Pokemon 30th Celebration Mini Tin Display (Eng),single,51,299.9,304.98,307.4,337.96,334.78,352.43,347.43,299.9,304.98,307.4,316.42,319.5,342.25,368.9,379.9,388.19,396.9,397.4,,,,,,,,,,,,,,,,,,,,299.0,299.89,299.9,299.95,299.99,329.95,359.95,360.0,374.0,379.98,380.0,,,,,,,,,,,,,,,,,,,
2026-09-08 18:01:33,Pokemon Destined Rivals Booster Display (De),single,1285,239.39,270.0,277.19,272.81,269.43,280.48,278.92,239.39,270.0,277.19,277.19,280.88,280.89,281.19,282.14,282.18,282.19,284.85,286.19,286.19,286.19,287.09,288.38,291.18,292.18,292.38,296.19,296.19,297.09,297.18,297.19,297.19,297.19,297.19,302.18,304.85,304.89,220.0,247.0,268.99,270.0,270.0,274.0,274.69,274.9,274.95,274.99,275.0,279.0,279.0,279.0,279.88,279.9,279.9,283.99,284.99,289.0,289.0,289.9,289.99,289.99,290.0,290.0,290.0,290.0,294.99,298.0
2026-09-08 18:01:33,Pokemon Ascended Heroes Mini Tin Display (Eng),single,184,282.8,304.5,311.0,291.74,296.8,318.75,319.65,282.8,304.5,311.0,311.47,311.5,321.38,321.45,323.88,324.49,324.8,326.36,327.18,329.55,337.14,337.18,337.19,337.42,345.99,352.19,357.19,359.55,366.45,366.9,369.55,369.55,371.89,376.19,386.44,386.99,403.97,250.0,280.0,280.0,280.0,285.0,287.0,292.0,299.89,299.99,310.0,314.19,314.99,318.99,319.99,320.0,325.0,329.95,329.99,330.0,340.0,344.99,345.0,349.99,350.0,350.0,350.0,350.0,369.0,379.8,390.0
2026-09-08 18:01:33,Pokemon Ascended Heroes Booster Bundle Display (Eng),case,231,1040.0,1145.0,1176.0,1075.0,1078.99,1171.9,1171.33,1040.0,1145.0,1176.0,1180.0,1186.6,1186.7,1199.0,1200.0,1200.0,1200.0,1200.0,1236.69,1240.99,1294.89,1299.0,1300.0,1300.0,1300.0,1300.0,1300.0,1300.68,1320.0,1336.7,1336.7,1349.0,1350.0,1350.0,1362.0,1399.99,1490.0,940.0,1045.0,1076.0,1080.0,1099.0,1100.0,1100.0,1100.0,1100.0,1149.9,1150.0,1198.99,1199.0,1199.99,1200.0,1200.0,1200.0,1200.0,1200.0,1220.0,1249.0,1250.0,1250.0,1262.0,1285.0,1289.0,1299.99,1300.0,1300.0,1390.0
2026-09-08 18:01:33,Pokemon Ascended Heroes Pokemon Center ETB (Eng),single,279,357.19,366.42,367.42,368.12,384.8,397.79,409.39,357.19,366.42,367.42,370.39,385.39,395.39,411.5,413.1,413.73,425.39,426.19,451.19,451.19,451.19,455.19,455.38,461.5,463.72,467.42,467.69,469.55,472.19,472.5,476.47,489.55,492.19,497.18,497.19,499.55,507.19,345.0,349.0,350.0,350.0,350.0,360.0,370.0,375.0,390.0,399.99,400.0,419.0,429.99,440.0,444.0,444.0,444.0,448.0,449.95,450.0,450.0,450.0,450.0,465.0,470.0,480.0,485.0,489.99,489.99,490.0
2026-09-08 18:01:33,Pokemon Ascended Heroes Pokemon Center ETB (De),single,279,153.6,162.19,162.39,158.61,159.46,171.44,172.35,153.6,162.19,162.39,167.19,171.18,172.19,172.19,173.99,175.18,177.19,177.19,178.9,179.55,180.19,182.08,182.14,182.14,182.19,182.19,182.38,187.09,187.18,187.19,187.19,187.19,196.48,197.09,197.18,197.19,197.19,140.0,140.0,149.99,154.9,155.0,159.99,160.0,160.0,163.99,165.0,165.0,167.99,170.0,170.0,170.0,173.0,174.89,174.95,174.95,175.0,175.0,179.9,179.99,180.0,180.0,180.0,189.69,189.9,189.99,189.99
2026-09-08 18:01:33,Pokemon Ascended Heroes ETB (De),single,1386,111.18,117.16,117.18,110.0,110.53,117.19,117.72,111.18,117.16,117.18,117.19,117.19,117.19,117.19,117.19,117.19,117.19,118.3,119.14,120.19,121.09,121.19,121.19,121.19,121.19,122.14,122.18,122.19,122.19,122.19,122.19,122.19,122.19,122.19,122.19,122.19,122.19,103.99,109.97,109.99,110.0,110.0,110.0,110.0,110.0,110.0,110.0,111.11,111.95,113.0,113.9,114.0,114.0,114.0,114.95,115.0,115.0,115.0,115.0,115.0,115.0,115.0,115.0,115.0,115.0,115.0,115.95
2026-09-08 18:01:33,Pokemon Silver Tempest Booster Display (Eng),single,337,382.19,397.19,397.19,391.37,392.8,409.69,410.71,382.19,397.19,397.19,402.19,407.18,412.18,412.19,412.19,417.19,417.19,419.42,419.55,420.49,422.09,422.19,423.39,426.19,427.18,427.18,431.5,432.19,433.0,434.55,434.55,438.99,439.39,439.55,442.19,442.74,442.75,375.0,385.0,385.0,385.0,390.0,390.0,390.0,395.0,397.99,398.0,399.0,399.99,400.0,400.0,402.0,404.99,405.0,405.0,409.0,410.0,410.0,410.0,414.9,415.0,415.0,415.0,419.0,419.99,419.99,419.99
2026-09-08 18:01:33,Pokemon Lost Origin Booster Display (Eng),single,363,613.68,614.16,614.18,606.06,609.16,629.18,638.95,613.68,614.16,614.18,614.18,624.18,634.16,634.18,634.18,634.18,644.18,660.49,664.13,664.17,664.17,670.0,674.55,678.55,678.55,689.95,694.07,694.08,699.0,703.55,704.18,708.76,713.18,713.18,718.12,719.0,719.99,589.95,599.0,599.5,599.98,600.0,600.0,600.0,610.0,619.0,619.98,619.99,620.0,620.0,620.0,620.0,620.0,625.0,630.0,640.0,645.0,649.0,649.0,649.95,649.99,649.99,649.99,650.0,650.0,674.0,675.0
2026-09-08 18:01:33,Pokemon Chilling Reign Booster Display (Eng),single,175,357.19,394.39,405.18,406.73,407.85,424.48,425.06,357.19,394.39,405.18,417.5,422.5,424.09,425.39,431.5,432.49,437.18,442.18,444.55,447.19,447.19,447.45,447.5,449.55,457.19,464.55,466.42,469.55,469.55,469.55,469.55,471.85,498.39,503.72,504.85,507.14,507.19,350.0,369.0,395.0,397.99,400.0,400.0,409.0,409.99,416.9,424.95,425.0,425.0,429.99,430.0,434.99,439.99,440.0,440.0,445.0,449.0,450.0,450.0,450.0,450.0,450.0,450.0,479.0,499.0,499.0,499.9
2026-09-08 18:01:33,Pokemon Crown Zenith ETB (Eng),single,350,285.19,292.19,294.99,289.84,291.84,303.81,304.06,285.19,292.19,294.99,297.18,304.55,306.19,306.19,307.12,307.13,307.14,307.19,307.41,312.19,312.19,313.99,314.55,315.29,318.39,319.53,319.55,321.5,322.5,322.5,322.74,326.98,327.14,327.18,327.19,327.5,329.05,278.0,285.0,285.0,288.88,289.9,289.98,289.99,289.99,290.0,295.0,299.0,299.0,299.0,299.0,299.93,299.94,299.95,299.98,299.99,300.0,300.0,300.0,300.0,305.0,305.0,305.0,305.0,305.0,309.5,309.99
2026-09-09 06:01:26,Pokemon Destined Rivals Booster Display (Eng),single,1285,352.5,357.42,359.24,346.57,346.11,368.94,368.84,352.5,357.42,359.24,365.47,366.12,367.4,372.5,373.0,373.9,373.9,373.9,373.9,374.39,374.39,374.55,375.39,376.47,376.47,376.47,377.0,378.9,379.5,380.47,380.5,381.5,382.42,382.49,383.0,383.5,383.55,330.0,339.0,339.69,340.0,344.9,349.0,349.0,350.0,350.0,350.0,350.0,350.0,350.0,350.0,350.0,350.0,350.0,350.0,350.0,354.0,355.0,355.0,359.0,359.95,359.99,359.99,360.0,360.0,360.0,360.0
2026-09-09 06:01:26,Pokemon Destined Rivals Booster Display Case (Eng),case,178,2241.45,2250.73,2267.45,2197.25,2218.2,2275.15,2289.49,2241.45,2250.73,2267.45,2289.99,2292.45,2300.0,2300.0,2310.22,2311.17,2331.45,2350.0,2392.45,2400.0,2400.0,2400.0,2500.0,2517.48,2518.47,2553.4,2553.4,2599.0,2599.89,2602.4,2641.45,2642.45,2692.45,2761.16,2761.17,2795.0,2800.0,2129.0,2189.99,2199.0,2200.0,2200.0,2225.0,2250.0,2250.0,2250.0,2289.0,2300.0,2300.0,2300.0,2300.0,2350.0,2400.0,2450.0,2450.0,2499.0,2499.0,2499.0,2499.89,2499.99,2599.0,2600.0,2645.0,2650.0,2650.0,2699.0,2699.99
2026-09-09 06:01:26,Pokemon Black Bolt ETB (Eng),single,514,139.19,140.18,140.19,130.04,130.48,144.16,145.34,139.19,140.18,140.19,141.5,142.17,142.19,143.55,147.19,148.0,148.48,148.55,148.59,149.29,149.9,151.1,151.42,151.5,152.14,152.18,152.19,152.6,153.0,153.59,153.6,153.6,155.18,155.99,156.14,156.44,157.09,120.0,125.0,125.0,127.5,129.9,129.95,130.0,132.0,132.99,132.99,133.0,134.0,134.95,134.98,134.99,135.0,135.49,137.5,139.0,139.9,139.99,140.0,140.0,140.0,140.0,140.0,140.0,143.9,144.5,144.95
2026-09-09 06:01:26,Pokemon Ascended Heroes ETB (Eng),single,1386,163.6,169.5,171.69,157.0,156.73,174.19,174.73,163.6,169.5,171.69,171.69,172.18,172.42,176.19,176.42,176.42,176.55,176.99,177.39,179.55,179.89,180.5,181.5,181.5,181.5,182.18,182.37,182.41,182.42,182.42,182.5,182.99,184.46,184.47,184.49,184.49,184.5,148.0,150.0,154.99,155.0,155.0,157.0,157.99,158.0,159.0,159.0,159.0,159.0,159.0,159.99,160.0,160.0,160.0,160.0,162.0,162.99,164.5,164.5,164.94,164.95,164.95,164.95,164.99,164.99,165.0,165.0
2026-09-09 06:01:26,Pokemon Ascended Heroes ETB Case (Eng),case,141,1650.0,1650.0,1650.0,1593.74,1638.0,1664.97,1705.84,1650.0,1650.0,1650.0,1667.45,1692.45,1711.12,1717.45,1732.45,1792.45,1795.0,1811.17,1837.45,1841.45,1842.45,1845.0,1861.16,1867.45,1883.25,1892.45,1897.7,1900.0,1919.0,1947.8,1996.8,1997.8,1999.89,2000.0,2000.0,2017.48,2042.44,1550.0,1550.0,1550.0,1625.0,1649.95,1650.0,1675.0,1690.0,1695.0,1745.0,1750.0,1750.0,1795.0,1799.0,1799.9,1799.99,1800.0,1800.0,1800.0,1819.0,1825.0,1850.0,1850.0,1899.0,1900.0,1900.0,1900.0,1949.99,1950.0,1990.0
2026-09-09 06:01:26,Pokemon 30th Celebration ETB (Eng),single,984,174.74,177.0,177.93,169.61,170.58,181.55,182.1,174.74,177.0,177.93,181.49,181.66,181.7,181.98,182.19,182.45,182.99,183.99,184.45,185.98,185.99,186.9,190.42,192.49,193.5,194.94,199.5,201.9,204.9,204.98,214.4,216.4,217.39,219.5,219.98,227.35,232.74,162.99,163.9,164.98,164.99,169.0,169.94,169.99,169.99,173.0,174.95,175.0,175.0,175.0,175.0,175.0,176.8,176.95,179.95,179.95,181.65,185.0,189.99,195.0,195.95,196.98,198.98,199.95,199.99,209.9,209.93
2026-09-09 06:01:26,Pokemon 30th Celebration Booster Bundle (Eng),single,388,100.45,100.9,101.28,95.01,95.5,104.82,109.0,100.45,100.9,101.28,101.3,101.73,102.4,104.98,107.99,108.9,109.98,110.5,111.19,117.17,123.19,133.1,,,,,,,,,,,,,,,,84.99,89.99,92.95,93.51,94.0,94.9,94.94,96.0,96.4,97.39,97.5,99.95,99.98,99.99,99.99,,,,,,,,,,,,,,,
2026-09-09 06:01:26,Pokemon 30th Celebration Umbreon UPC (Eng),single,111,519.5,535.94,550.94,563.46,568.5,586.43,590.48,519.5,535.94,550.94,560.94,566.13,588.93,599.95,605.04,609.55,609.98,614.95,617.9,619.9,628.06,629.54,633.19,639.98,796.9,,,,,,,,,,,,,499.95,519.9,519.95,539.95,548.0,549.95,579.94,580.0,589.94,599.94,599.95,599.98,599.99,599.99,600.0,609.93,612.0,780.0,,,,,,,,,,,,
2026-09-09 06:01:26,Pokemon 30th Celebration Espeon UPC (Eng),single,146,484.99,509.5,510.89,532.33,546.49,552.84,566.19,484.99,509.5,510.89,510.94,516.42,530.9,578.93,589.99,590.09,594.55,599.94,613.19,614.95,618.06,629.54,796.9,,,,,,,,,,,,,,,469.0,489.95,499.0,499.9,499.9,499.95,549.99,565.0,569.94,574.99,580.0,599.93,599.93,599.95,599.99,780.0,,,,,,,,,,,,,,
2026-09-09 06:01:26,Pokemon 30th Celebration Mini Tin Display (Eng),single,61,299.9,304.98,307.4,327.95,331.47,343.57,345.64,299.9,304.98,307.4,316.42,319.5,325.99,342.25,368.9,379.9,388.19,396.9,397.4,,,,,,,,,,,,,,,,,,,294.99,299.0,299.89,299.9,299.95,299.99,329.95,359.95,360.0,374.0,379.98,380.0,,,,,,,,,,,,,,,,,,
2026-09-09 06:01:26,Pokemon Destined Rivals Booster Display (De),single,1285,261.19,270.0,272.19,270.33,270.37,278.15,279.13,261.19,270.0,272.19,272.19,277.19,277.19,280.88,281.19,282.18,282.19,284.85,286.19,286.19,286.19,287.09,288.38,291.18,292.18,292.38,296.19,296.19,297.09,297.18,297.19,297.19,297.19,297.19,302.18,304.85,304.89,247.0,254.0,265.0,265.0,268.99,270.0,270.0,274.0,274.69,274.99,275.0,279.0,279.0,279.0,279.88,279.9,279.9,283.99,284.99,289.0,289.0,289.9,289.99,289.99,290.0,290.0,290.0,290.0,294.99,298.0
2026-09-09 06:01:26,Pokemon Ascended Heroes Mini Tin Display (Eng),single,184,282.8,304.5,311.0,291.74,296.8,318.75,319.65,282.8,304.5,311.0,311.47,311.5,321.38,321.45,323.88,324.49,324.8,326.36,327.18,329.55,337.14,337.18,337.19,337.42,345.99,352.19,357.19,359.55,366.45,366.9,369.55,369.55,371.89,376.19,386.44,386.99,403.97,250.0,280.0,280.0,280.0,285.0,287.0,292.0,299.89,299.99,310.0,314.19,314.99,318.99,319.99,320.0,325.0,329.95,329.99,330.0,340.0,344.99,345.0,349.99,350.0,350.0,350.0,350.0,369.0,379.8,390.0
2026-09-09 06:01:26,Pokemon Ascended Heroes Booster Bundle Display (Eng),case,231,1040.0,1145.0,1180.0,1081.0,1086.39,1174.58,1173.73,1040.0,1145.0,1180.0,1186.6,1186.7,1199.0,1200.0,1200.0,1200.0,1200.0,1236.69,1240.99,1294.89,1299.0,1300.0,1300.0,1300.0,1300.0,1300.0,1300.68,1320.0,1336.7,1336.7,1349.0,1350.0,1350.0,1362.0,1399.99,1490.0,1500.0,940.0,1045.0,1080.0,1099.0,1100.0,1100.0,1100.0,1100.0,1149.9,1150.0,1198.99,1199.0,1199.99,1200.0,1200.0,1200.0,1200.0,1200.0,1220.0,1249.0,1250.0,1250.0,1262.0,1285.0,1289.0,1299.99,1300.0,1300.0,1390.0,1400.0
2026-09-09 06:01:26,Pokemon Ascended Heroes Pokemon Center ETB (Eng),single,279,357.19,366.42,367.42,368.12,384.8,397.79,409.39,357.19,366.42,367.42,370.39,385.39,395.39,411.5,413.1,413.73,425.39,426.19,451.19,451.19,451.19,455.19,455.38,461.5,463.72,467.42,467.69,469.55,472.19,472.5,476.47,489.55,492.19,497.18,497.19,499.55,507.19,345.0,349.0,350.0,350.0,350.0,360.0,370.0,375.0,390.0,399.99,400.0,419.0,429.99,440.0,444.0,444.0,444.0,448.0,449.95,450.0,450.0,450.0,450.0,465.0,470.0,480.0,485.0,489.99,489.99,490.0
2026-09-09 06:01:26,Pokemon Ascended Heroes Pokemon Center ETB (De),single,279,150.4,153.6,162.39,157.86,160.18,173.65,173.42,150.4,153.6,162.39,172.19,172.19,173.99,175.18,177.19,177.19,178.9,179.55,182.08,182.14,182.14,182.19,182.19,182.38,187.09,187.18,187.19,187.19,187.19,196.48,197.09,197.18,197.19,197.19,203.1,205.19,206.19,140.0,140.0,140.0,149.99,154.9,159.99,160.0,165.0,165.0,167.99,170.0,170.0,170.0,174.89,174.95,174.95,175.0,175.0,179.9,179.99,180.0,180.0,180.0,189.69,189.9,189.99,189.99,190.0,190.0,198.0
2026-09-09 06:01:26,Pokemon Ascended Heroes ETB (De),single,1386,115.19,117.18,117.19,110.14,110.86,117.33,118.05,115.19,117.18,117.19,117.19,117.19,117.19,117.19,117.19,117.19,118.3,119.14,119.19,120.14,120.19,121.09,121.19,121.19,121.19,122.14,122.18,122.19,122.19,122.19,122.19,122.19,122.19,122.19,122.19,122.19,122.19,108.0,109.99,110.0,110.0,110.0,110.0,110.0,110.0,110.0,111.11,111.95,112.0,112.95,113.0,113.9,114.0,114.0,114.95,115.0,115.0,115.0,115.0,115.0,115.0,115.0,115.0,115.0,115.0,115.0,115.95
2026-09-09 06:01:26,Pokemon Silver Tempest Booster Display (Eng),single,337,382.19,397.19,397.19,391.37,392.8,409.69,410.71,382.19,397.19,397.19,402.19,407.18,412.18,412.19,412.19,417.19,417.19,419.42,419.55,420.49,422.09,422.19,423.39,426.19,427.18,427.18,431.5,432.19,433.0,434.55,434.55,438.99,439.39,439.55,442.19,442.74,442.75,375.0,385.0,385.0,385.0,390.0,390.0,390.0,395.0,397.99,398.0,399.0,399.99,400.0,400.0,402.0,404.99,405.0,405.0,409.0,410.0,410.0,410.0,414.9,415.0,415.0,415.0,419.0,419.99,419.99,419.99
2026-09-09 06:01:26,Pokemon Lost Origin Booster Display (Eng),single,363,613.68,614.16,614.18,606.06,609.16,629.18,638.95,613.68,614.16,614.18,614.18,624.18,634.16,634.18,634.18,634.18,644.18,660.49,664.13,664.17,664.17,670.0,678.55,678.55,689.95,694.07,694.08,694.55,699.0,703.55,704.18,708.76,713.18,713.18,718.12,719.0,719.99,589.95,599.0,599.5,599.98,600.0,600.0,600.0,610.0,619.0,619.98,619.99,620.0,620.0,620.0,620.0,620.0,625.0,630.0,640.0,649.0,649.0,649.95,649.99,649.99,649.99,650.0,650.0,665.0,674.0,675.0
2026-09-09 06:01:26,Pokemon Chilling Reign Booster Display (Eng),single,175,357.19,394.39,405.18,407.74,408.72,426.1,425.93,357.19,394.39,405.18,417.5,422.5,425.39,431.5,432.49,437.09,437.18,442.18,444.55,447.19,447.19,447.45,447.5,449.55,457.19,464.55,466.42,469.55,469.55,469.55,469.55,471.85,498.39,503.72,504.85,507.14,507.19,350.0,369.0,395.0,397.99,400.0,400.0,409.0,409.99,424.95,425.0,425.0,429.9,429.99,430.0,434.99,439.99,440.0,440.0,445.0,449.0,450.0,450.0,450.0,450.0,450.0,450.0,479.0,499.0,499.0,499.9
2026-09-09 06:01:26,Pokemon Crown Zenith ETB (Eng),single,357,284.19,285.19,292.19,288.59,290.32,301.94,302.07,284.19,285.19,292.19,294.99,297.18,304.55,306.19,306.19,307.12,307.13,307.14,307.19,307.41,312.19,312.19,313.99,314.55,315.29,318.39,319.53,319.55,321.5,322.5,322.5,322.74,326.98,327.14,327.18,327.19,327.5,277.0,278.0,285.0,285.0,288.88,289.9,289.98,289.99,289.99,290.0,295.0,299.0,299.0,299.0,299.0,299.93,299.94,299.95,299.98,299.99,300.0,300.0,300.0,300.0,305.0,305.0,305.0,305.0,305.0,309.5
2026-09-09 18:01:20,Pokemon Destined Rivals Booster Display (Eng),single,1338,372.5,373.0,373.9,350.0,349.2,374.51,375.13,372.5,373.0,373.9,373.9,373.9,373.9,374.39,374.55,375.39,376.19,376.47,376.47,376.47,377.0,378.9,379.5,380.47,380.5,381.5,382.42,382.49,383.0,383.5,383.55,383.79,383.9,384.5,384.79,384.9,386.06,329.99,349.0,350.0,350.0,350.0,350.0,350.0,350.0,350.0,350.0,350.0,350.0,350.0,354.0,355.0,355.0,359.0,359.95,359.99,360.0,360.0,360.0,360.0,361.0,364.0,365.0,365.0,365.0,365.0,365.0
2026-09-09 18:01:20,Pokemon Destined Rivals Booster Display Case (Eng),case,178,2200.0,2241.45,2250.73,2176.99,2195.8,2268.04,2278.6,2200.0,2241.45,2250.73,2289.99,2289.99,2292.45,2300.0,2300.0,2310.22,2311.17,2331.45,2350.0,2392.45,2400.0,2400.0,2400.0,2459.89,2500.0,2517.48,2518.47,2553.4,2553.4,2599.89,2602.4,2641.45,2642.45,2692.45,2761.16,2761.17,2795.0,2100.0,2129.0,2189.99,2189.99,2199.0,2200.0,2200.0,2250.0,2250.0,2250.0,2289.0,2300.0,2300.0,2300.0,2300.0,2350.0,2400.0,2450.0,2450.0,2450.0,2499.0,2499.0,2499.89,2499.99,2599.0,2600.0,2645.0,2650.0,2650.0,2699.0
2026-09-09 18:01:20,Pokemon Black Bolt ETB (Eng),single,524,139.19,140.18,140.19,130.04,130.62,143.53,145.0,139.19,140.18,140.19,141.5,142.17,142.19,142.19,143.55,148.0,148.48,148.55,148.59,149.29,149.9,151.1,151.42,151.5,152.14,152.18,152.19,152.6,153.0,153.59,153.6,153.6,155.18,156.14,156.44,157.09,157.09,120.0,125.0,125.0,127.5,129.9,129.95,130.0,132.0,132.99,133.0,134.0,134.95,134.98,134.99,135.0,135.0,135.0,135.49,137.5,139.0,139.9,139.99,140.0,140.0,140.0,140.0,140.0,143.9,144.5,144.95
2026-09-09 18:01:20,Pokemon Ascended Heroes ETB (Eng),single,1419,163.6,166.19,167.19,157.0,156.66,171.01,172.09,163.6,166.19,167.19,167.19,169.5,171.69,171.69,172.18,172.42,176.19,176.42,176.42,176.55,176.99,177.19,177.39,179.55,179.89,180.5,181.5,181.5,181.5,182.18,182.37,182.41,182.42,182.42,182.5,182.99,184.46,148.0,150.0,154.99,155.0,155.0,157.0,157.99,158.0,159.0,159.0,159.0,159.0,159.0,159.0,159.99,160.0,160.0,160.0,160.0,160.0,160.0,162.99,164.5,164.5,164.94,164.95,164.95,164.95,164.99,164.99
2026-09-09 18:01:20,Pokemon Ascended Heroes ETB Case (Eng),case,144,1650.0,1650.0,1650.0,1593.74,1638.0,1664.97,1705.84,1650.0,1650.0,1650.0,1667.45,1692.45,1711.12,1717.45,1732.45,1792.45,1795.0,1811.17,1837.45,1841.45,1842.45,1845.0,1861.16,1867.45,1883.25,1892.45,1897.7,1900.0,1919.0,1947.8,1996.8,1999.89,2000.0,2000.0,2017.48,2042.44,2042.45,1550.0,1550.0,1550.0,1625.0,1649.95,1650.0,1675.0,1690.0,1695.0,1745.0,1750.0,1750.0,1795.0,1799.0,1799.9,1799.99,1800.0,1800.0,1800.0,1819.0,1825.0,1850.0,1850.0,1899.0,1900.0,1900.0,1949.99,1950.0,1990.0,1990.0
2026-09-09 18:01:20,Pokemon 30th Celebration ETB (Eng),single,984,176.98,177.93,181.49,171.47,171.57,182.43,184.24,176.98,177.93,181.49,181.66,181.7,182.19,182.45,182.99,182.99,183.99,185.98,186.9,190.42,192.49,193.5,194.94,199.5,201.9,204.9,204.98,214.4,216.4,219.5,219.98,227.35,232.74,236.4,237.32,252.65,,159.98,159.99,163.9,169.94,169.99,169.99,173.0,174.95,175.0,175.0,175.0,175.0,175.0,176.8,179.95,179.95,181.65,185.0,189.99,195.95,196.98,198.98,199.95,199.99,209.9,209.93,209.99,218.98,219.9,
2026-09-09 18:01:20,Pokemon 30th Celebration Booster Bundle (Eng),single,388,100.45,100.88,100.9,94.96,95.34,104.52,107.64,100.45,100.88,100.9,101.3,101.73,102.4,104.98,105.99,108.9,109.98,110.5,111.19,114.98,117.17,123.19,133.1,,,,,,,,,,,,,,,84.99,87.99,92.95,93.51,94.0,94.9,94.94,96.0,96.4,96.99,97.5,99.95,99.98,99.99,99.99,99.99,,,,,,,,,,,,,,
2026-09-09 18:01:20,Pokemon 30th Celebration Umbreon UPC (Eng),single,111,519.54,530.93,535.94,562.21,581.3,586.66,604.12,519.54,530.93,535.94,558.93,566.13,579.94,609.55,609.98,614.95,617.9,619.9,628.06,633.19,639.98,796.9,,,,,,,,,,,,,,,,499.99,519.9,519.94,519.95,548.0,549.94,579.93,580.0,599.95,599.98,599.99,600.0,609.93,612.0,780.0,,,,,,,,,,,,,,,
2026-09-09 18:01:20,Pokemon 30th Celebration Espeon UPC (Eng),single,146,484.99,499.94,509.5,525.46,551.54,546.22,571.27,484.99,499.94,509.5,516.42,519.54,530.9,538.93,569.94,589.99,594.55,613.19,614.95,618.06,796.9,,,,,,,,,,,,,,,,,469.0,488.95,489.95,499.0,499.9,499.99,529.94,549.99,565.0,569.93,580.0,599.93,599.95,780.0,,,,,,,,,,,,,,,,
2026-09-09 18:01:20,Pokemon 30th Celebration Mini Tin Display (Eng),single,61,299.9,304.98,307.4,334.21,331.15,349.78,345.5,299.9,304.98,307.4,316.42,319.5,320.99,368.9,379.9,388.19,396.9,397.4,,,,,,,,,,,,,,,,,,,,289.99,299.0,299.89,299.9,299.95,299.99,359.95,360.0,374.0,379.98,380.0,,,,,,,,,,,,,,,,,,,
2026-09-09 18:01:20,Pokemon Destined Rivals Booster Display (De),single,1338,270.0,277.19,277.19,274.59,274.36,282.61,283.54,270.0,277.19,277.19,280.88,281.19,282.18,282.19,284.85,286.19,286.19,286.19,287.09,288.38,291.18,292.18,292.38,296.19,296.19,297.09,297.18,297.19,297.19,297.19,297.19,302.18,304.85,304.89,305.19,305.19,305.54,247.0,268.99,270.0,270.0,274.0,274.69,274.99,275.0,279.0,279.0,279.0,279.88,279.9,279.9,283.99,284.99,289.0,289.0,289.9,289.99,289.99,290.0,290.0,290.0,290.0,294.99,298.0,298.99,299.0,299.0
2026-09-09 18:01:20,Pokemon Ascended Heroes Mini Tin Display (Eng),single,190,282.8,304.5,311.0,289.86,293.8,317.71,317.42,282.8,304.5,311.0,311.47,311.5,319.54,321.38,321.45,321.47,323.88,324.49,324.8,326.36,327.18,329.55,336.19,337.14,337.18,337.19,337.42,345.99,352.19,357.19,359.55,366.45,366.9,369.55,369.55,371.89,386.44,250.0,280.0,280.0,280.0,285.0,287.0,292.0,295.0,299.89,299.99,299.99,310.0,314.19,314.99,318.99,319.99,320.0,325.0,329.0,329.95,329.99,330.0,340.0,344.99,345.0,349.99,350.0,350.0,350.0,350.0
2026-09-09 18:01:20,Pokemon Ascended Heroes Booster Bundle Display (Eng),case,228,1040.0,1145.0,1180.0,1081.0,1086.39,1174.58,1173.73,1040.0,1145.0,1180.0,1186.6,1186.7,1199.0,1200.0,1200.0,1200.0,1200.0,1215.68,1236.69,1240.99,1294.89,1299.0,1299.95,1300.0,1300.0,1300.0,1300.0,1300.0,1320.0,1336.7,1336.7,1349.0,1350.0,1350.0,1362.0,1399.99,1490.0,940.0,1045.0,1080.0,1099.0,1100.0,1100.0,1100.0,1100.0,1149.9,1150.0,1198.99,1199.0,1199.95,1199.99,1200.0,1200.0,1200.0,1200.0,1200.0,1200.0,1220.0,1249.0,1250.0,1250.0,1262.0,1289.0,1299.99,1300.0,1300.0,1390.0
2026-09-09 18:01:20,Pokemon Ascended Heroes Pokemon Center ETB (Eng),single,281,357.19,362.75,366.42,361.75,376.53,390.42,403.23,357.19,362.75,366.42,367.42,370.39,385.39,395.39,411.5,413.1,413.73,425.39,426.19,451.19,451.19,451.19,455.19,455.38,457.18,461.5,463.72,467.42,467.69,469.55,472.19,472.5,472.99,476.47,489.55,492.19,497.19,320.0,345.0,349.0,350.0,350.0,350.0,360.0,370.0,375.0,390.0,399.99,400.0,419.0,429.99,440.0,444.0,444.0,444.0,448.0,449.95,449.99,449.99,450.0,450.0,450.0,450.0,465.0,470.0,480.0,485.0
2026-09-09 18:01:20,Pokemon Ascended Heroes Pokemon Center ETB (De),single,281,150.4,153.6,157.39,156.86,158.46,171.44,171.3,150.4,153.6,157.39,167.19,172.19,172.19,173.99,175.18,176.18,177.19,177.19,177.19,178.9,179.55,181.14,182.08,182.19,182.19,182.38,187.09,187.17,187.18,187.18,187.19,187.19,187.19,192.69,196.48,197.14,197.18,135.0,140.0,140.0,149.99,154.9,159.99,160.0,160.0,165.0,165.0,167.99,168.99,170.0,170.0,170.0,170.0,173.95,174.89,175.0,175.0,179.9,179.98,179.99,179.99,180.0,180.0,180.0,185.5,189.69,189.95
2026-09-09 18:01:20,Pokemon Ascended Heroes ETB (De),single,1419,110.19,117.18,117.19,110.0,110.33,117.19,117.52,110.19,117.18,117.19,117.19,117.19,117.19,117.19,117.19,117.19,117.19,118.3,119.14,120.09,120.14,120.19,121.09,121.19,121.19,122.14,122.16,122.18,122.19,122.19,122.19,122.19,122.19,122.19,122.19,122.19,123.14,103.0,109.99,110.0,110.0,110.0,110.0,110.0,110.0,110.0,110.0,111.11,111.95,112.9,112.95,113.0,113.9,114.0,114.0,114.95,114.97,115.0,115.0,115.0,115.0,115.0,115.0,115.0,115.0,115.95,115.99
2026-09-09 18:01:20,Pokemon Silver Tempest Booster Display (Eng),single,337,382.19,397.19,397.19,391.37,392.67,408.44,410.04,382.19,397.19,397.19,402.19,407.18,407.19,412.18,412.19,412.19,417.19,419.42,419.55,420.49,422.09,422.19,422.5,423.39,426.19,427.18,427.18,432.19,433.0,434.55,434.55,438.99,439.39,439.55,442.19,442.74,442.75,375.0,385.0,385.0,385.0,390.0,390.0,390.0,395.0,397.99,398.0,399.0,399.99,400.0,400.0,400.0,400.0,402.0,404.99,405.0,405.0,410.0,410.0,414.9,415.0,415.0,415.0,419.0,419.99,419.99,419.99
2026-09-09 18:01:20,Pokemon Lost Origin Booster Display (Eng),single,363,604.18,613.68,614.16,605.93,608.49,629.17,638.28,604.18,613.68,614.16,614.18,624.18,634.16,634.18,634.18,634.18,644.18,660.49,664.13,664.17,664.17,670.0,678.55,678.55,689.95,694.07,694.08,694.55,699.0,703.55,704.18,708.76,713.18,713.18,718.12,719.0,719.99,589.95,590.0,599.0,599.5,599.98,600.0,600.0,610.0,619.0,619.98,619.99,620.0,620.0,620.0,620.0,620.0,625.0,630.0,640.0,649.0,649.0,649.95,649.99,649.99,649.99,650.0,650.0,665.0,674.0,675.0
2026-09-09 18:01:20,Pokemon Chilling Reign Booster Display (Eng),single,175,357.19,394.39,405.18,409.62,411.05,427.61,427.42,357.19,394.39,405.18,417.5,422.5,425.39,431.5,437.09,437.18,444.55,447.19,447.19,447.45,447.5,449.55,457.19,464.55,466.42,469.55,469.55,469.55,469.55,471.85,498.39,503.72,504.85,507.19,507.19,510.4,518.55,350.0,369.0,395.0,397.99,400.0,400.0,409.0,424.95,425.0,425.0,429.9,429.99,430.0,439.99,440.0,440.0,445.0,449.0,450.0,450.0,450.0,450.0,450.0,450.0,479.0,499.0,499.0,499.9,499.9,500.0
2026-09-09 18:01:20,Pokemon Crown Zenith ETB (Eng),single,357,284.19,285.19,292.19,288.59,290.05,301.44,301.92,284.19,285.19,292.19,294.99,297.18,302.19,304.55,306.19,307.12,307.13,307.14,307.19,307.41,312.19,313.99,314.55,315.29,318.39,319.53,319.55,321.5,322.5,322.5,322.74,326.98,327.14,327.19,327.5,329.05,329.41,277.0,278.0,285.0,285.0,288.88,289.9,289.98,289.99,289.99,290.0,295.0,295.0,299.0,299.0,299.0,299.93,299.94,299.95,299.98,299.99,300.0,300.0,300.0,300.0,305.0,305.0,305.0,305.0,309.5,309.99
2026-09-10 06:01:22,Pokemon Destined Rivals Booster Display (Eng),single,1338,352.5,357.42,366.12,348.62,346.6,372.7,371.39,352.5,357.42,366.12,372.5,373.0,373.9,373.9,373.9,373.9,374.39,374.55,375.39,376.47,376.47,376.47,377.0,378.9,379.5,380.47,380.5,381.5,382.42,382.49,383.0,383.5,383.55,383.79,383.9,384.5,384.79,329.99,330.0,340.0,349.0,350.0,350.0,350.0,350.0,350.0,350.0,350.0,350.0,350.0,350.0,350.0,354.0,355.0,355.0,359.0,359.95,359.99,359.99,360.0,360.0,360.0,360.0,361.0,364.0,365.0,365.0
2026-09-10 06:01:22,Pokemon Destined Rivals Booster Display Case (Eng),case,178,2241.45,2250.73,2267.45,2194.49,2203.2,2274.54,2284.13,2241.45,2250.73,2267.45,2289.99,2289.99,2292.45,2299.0,2300.0,2300.0,2310.22,2331.45,2350.0,2392.45,2400.0,2400.0,2400.0,2459.89,2500.0,2517.48,2518.47,2553.4,2553.4,2599.89,2602.4,2641.45,2642.45,2692.45,2761.16,2761.17,2795.0,2129.0,2189.99,2189.99,2199.0,2199.0,2200.0,2200.0,2225.0,2250.0,2250.0,2289.0,2300.0,2300.0,2300.0,2300.0,2350.0,2400.0,2450.0,2450.0,2450.0,2499.0,2499.0,2499.89,2499.99,2599.0,2600.0,2645.0,2650.0,2650.0,2699.0
2026-09-10 06:01:22,Pokemon Black Bolt ETB (Eng),single,524,139.19,140.18,140.19,130.04,130.62,143.53,145.0,139.19,140.18,140.19,141.5,142.17,142.19,142.19,143.55,148.0,148.48,148.55,148.59,149.29,149.9,151.1,151.42,151.5,152.14,152.18,152.19,152.6,153.0,153.59,153.6,153.6,155.18,156.14,156.44,157.09,157.09,120.0,125.0,125.0,127.5,129.9,129.95,130.0,132.0,132.99,133.0,134.0,134.95,134.98,134.99,135.0,135.0,135.0,135.49,137.5,139.0,139.9,139.99,140.0,140.0,140.0,140.0,140.0,143.9,144.5,144.95
2026-09-10 06:01:22,Pokemon Ascended Heroes ETB (Eng),single,1419,163.6,166.19,166.42,154.69,155.23,169.81,171.14,163.6,166.19,166.42,167.19,167.42,169.5,171.69,171.69,172.18,172.42,173.19,176.19,176.42,176.42,176.55,176.99,177.39,179.55,179.89,180.0,180.5,181.5,181.5,181.5,182.07,182.18,182.37,182.41,182.42,182.42,148.0,149.0,150.0,150.0,154.99,155.0,155.0,157.0,157.5,157.99,158.0,159.0,159.0,159.0,159.0,159.0,159.0,159.0,159.99,160.0,160.0,160.0,160.0,160.0,162.99,164.5,164.5,164.94,164.95,164.95
2026-09-10 06:01:22,Pokemon Ascended Heroes ETB Case (Eng),case,144,1650.0,1650.0,1650.0,1593.75,1648.0,1664.97,1715.84,1650.0,1650.0,1650.0,1667.45,1692.45,1717.45,1732.45,1792.45,1795.0,1811.17,1837.45,1841.45,1842.45,1845.0,1861.16,1867.45,1883.25,1892.45,1897.7,1900.0,1919.0,1947.8,1996.8,1999.89,2000.0,2000.0,2017.48,2042.44,2042.45,2047.8,1550.0,1550.0,1550.0,1625.0,1650.0,1675.0,1690.0,1695.0,1745.0,1750.0,1750.0,1795.0,1799.0,1799.9,1799.99,1800.0,1800.0,1800.0,1819.0,1825.0,1850.0,1850.0,1899.0,1900.0,1900.0,1949.99,1950.0,1990.0,1990.0,1999.0
2026-09-10 06:01:22,Pokemon 30th Celebration ETB (Eng),single,984,177.0,177.93,181.49,172.11,171.96,182.15,183.46,177.0,177.93,181.49,181.66,181.7,181.7,182.19,182.45,182.99,182.99,183.99,185.98,186.9,190.42,192.49,193.5,194.94,199.5,201.9,204.9,204.98,214.4,216.4,219.5,219.98,227.35,232.74,236.4,237.32,252.65,159.99,163.9,169.0,169.94,169.99,169.99,173.0,174.95,175.0,175.0,175.0,175.0,175.0,176.8,176.8,179.95,179.95,181.65,185.0,189.99,195.95,196.98,198.98,199.95,199.99,209.9,209.93,209.99,218.98,219.9
2026-09-10 06:01:22,Pokemon 30th Celebration Booster Bundle (Eng),single,388,100.45,100.88,100.9,94.96,95.34,104.52,107.64,100.45,100.88,100.9,101.3,101.73,102.4,104.98,105.99,108.9,109.98,110.5,111.19,114.98,117.17,123.19,133.1,,,,,,,,,,,,,,,84.99,87.99,92.95,93.51,94.0,94.9,94.94,96.0,96.4,96.99,97.5,99.95,99.98,99.99,99.99,99.99,,,,,,,,,,,,,,
2026-09-10 06:01:22,Pokemon 30th Celebration Umbreon UPC (Eng),single,111,519.54,530.93,535.94,562.21,581.3,586.66,604.12,519.54,530.93,535.94,558.93,566.13,579.94,609.55,609.98,614.95,617.9,619.9,628.06,633.19,639.98,796.9,,,,,,,,,,,,,,,,499.99,519.9,519.94,519.95,548.0,549.94,579.93,580.0,599.95,599.98,599.99,600.0,609.93,612.0,780.0,,,,,,,,,,,,,,,
2026-09-10 06:01:22,Pokemon 30th Celebration Espeon UPC (Eng),single,146,484.99,499.94,509.5,525.46,551.54,546.22,571.27,484.99,499.94,509.5,516.42,519.54,530.9,538.93,569.94,589.99,594.55,613.19,614.95,618.06,796.9,,,,,,,,,,,,,,,,,469.0,488.95,489.95,499.0,499.9,499.99,529.94,549.99,565.0,569.93,580.0,599.93,599.95,780.0,,,,,,,,,,,,,,,,
2026-09-10 06:01:22,Pokemon 30th Celebration Mini Tin Display (Eng),single,61,299.9,304.98,307.4,324.09,328.3,338.79,342.46,299.9,304.98,307.4,309.0,316.42,319.5,320.99,368.9,379.9,388.19,396.9,397.4,,,,,,,,,,,,,,,,,,,289.99,297.0,299.0,299.89,299.9,299.95,299.99,359.95,360.0,374.0,379.98,380.0,,,,,,,,,,,,,,,,,,
2026-09-10 06:01:22,Pokemon Destined Rivals Booster Display (De),single,1338,261.19,264.19,270.0,267.46,268.51,276.0,277.26,261.19,264.19,270.0,272.19,272.19,272.19,277.19,280.88,281.19,282.18,282.19,284.85,286.14,286.19,286.19,286.19,287.09,288.38,291.18,292.18,292.38,296.19,296.19,297.09,297.18,297.19,297.19,297.19,297.19,302.18,247.0,254.0,257.0,265.0,265.0,265.0,268.99,270.0,274.0,274.69,274.99,275.0,278.95,279.0,279.0,279.0,279.88,279.9,279.9,283.99,284.99,289.0,289.0,289.9,289.99,289.99,290.0,290.0,290.0,290.0
2026-09-10 06:01:22,Pokemon Ascended Heroes Mini Tin Display (Eng),single,190,282.8,304.5,311.0,289.86,293.8,317.71,317.42,282.8,304.5,311.0,311.47,311.5,319.54,321.38,321.45,321.47,323.88,324.49,324.8,326.36,327.18,329.55,336.19,337.14,337.18,337.19,337.42,345.99,352.19,357.19,359.55,366.45,366.9,369.55,369.55,371.89,386.44,250.0,280.0,280.0,280.0,285.0,287.0,292.0,295.0,299.89,299.99,299.99,310.0,314.19,314.99,318.99,319.99,320.0,325.0,329.0,329.95,329.99,330.0,340.0,344.99,345.0,349.99,350.0,350.0,350.0,350.0
2026-09-10 06:01:22,Pokemon Ascended Heroes Booster Bundle Display (Eng),case,228,1040.0,1145.0,1180.0,1081.0,1086.39,1174.58,1173.73,1040.0,1145.0,1180.0,1186.6,1186.7,1199.0,1200.0,1200.0,1200.0,1200.0,1236.69,1240.99,1294.89,1299.0,1299.95,1300.0,1300.0,1300.0,1300.0,1300.0,1320.0,1336.7,1336.7,1349.0,1350.0,1350.0,1362.0,1399.99,1490.0,1500.0,940.0,1045.0,1080.0,1099.0,1100.0,1100.0,1100.0,1100.0,1149.9,1150.0,1198.99,1199.0,1199.95,1199.99,1200.0,1200.0,1200.0,1200.0,1200.0,1220.0,1249.0,1250.0,1250.0,1262.0,1289.0,1299.99,1300.0,1300.0,1390.0,1400.0
2026-09-10 06:01:22,Pokemon Ascended Heroes Pokemon Center ETB (Eng),single,281,362.75,366.42,367.42,366.75,381.2,396.54,407.9,362.75,366.42,367.42,370.39,385.39,395.39,401.5,413.1,413.73,425.39,426.19,437.19,451.19,451.19,451.19,455.38,457.18,461.5,463.72,467.42,467.69,469.55,472.19,472.5,472.99,476.47,489.55,492.19,497.19,499.55,320.0,345.0,349.0,350.0,350.0,360.0,370.0,375.0,380.0,399.99,400.0,419.0,429.99,430.0,440.0,444.0,444.0,444.0,449.95,449.99,449.99,450.0,450.0,450.0,450.0,465.0,470.0,480.0,485.0,489.99
2026-09-10 06:01:22,Pokemon Ascended Heroes Pokemon Center ETB (De),single,281,150.4,153.6,157.39,157.23,158.66,171.81,171.5,150.4,153.6,157.39,170.18,172.19,172.19,173.99,175.18,176.18,177.19,177.19,177.19,178.9,179.55,181.13,182.14,182.19,182.19,182.38,187.09,187.17,187.18,187.19,187.19,187.19,192.18,192.69,196.48,197.14,197.18,135.0,140.0,140.0,149.99,154.9,159.99,160.0,162.99,165.0,165.0,167.99,168.99,170.0,170.0,170.0,170.0,173.94,174.95,175.0,175.0,179.9,179.98,179.99,180.0,180.0,180.0,184.99,185.5,189.69,189.95
2026-09-10 06:01:22,Pokemon Ascended Heroes ETB (De),single,1419,106.19,110.19,112.19,108.25,107.87,115.44,115.06,106.19,110.19,112.19,112.19,113.19,117.18,117.18,117.19,117.19,117.19,117.19,117.19,117.19,117.19,117.19,118.3,119.14,120.14,120.19,121.09,121.19,121.19,122.14,122.16,122.18,122.19,122.19,122.19,122.19,122.19,99.0,103.0,105.0,105.0,106.0,109.99,109.99,110.0,110.0,110.0,110.0,110.0,110.0,110.0,110.0,111.11,111.95,112.95,113.0,113.9,114.0,114.0,114.95,114.97,115.0,115.0,115.0,115.0,115.0,115.0
2026-09-10 06:01:22,Pokemon Silver Tempest Booster Display (Eng),single,337,382.19,397.19,397.19,391.37,392.67,408.44,410.03,382.19,397.19,397.19,402.19,407.18,407.19,412.18,412.19,412.19,417.19,419.42,419.55,420.49,422.07,422.09,422.19,422.5,423.39,427.18,427.18,432.19,433.0,434.55,434.55,438.99,439.39,439.55,442.19,442.74,442.75,375.0,385.0,385.0,385.0,390.0,390.0,390.0,395.0,397.99,398.0,399.0,399.99,400.0,400.0,400.0,400.0,402.0,404.99,405.0,405.0,410.0,410.0,414.88,414.9,415.0,415.0,415.0,419.99,419.99,419.99
2026-09-10 06:01:22,Pokemon Lost Origin Booster Display (Eng),single,319,604.18,613.68,614.16,608.43,609.83,634.96,642.57,604.18,613.68,614.16,624.18,634.16,634.18,634.18,634.18,644.18,660.49,664.13,664.17,664.17,670.0,678.55,678.55,689.95,694.07,694.08,694.55,699.0,704.18,708.76,713.18,713.18,718.12,719.0,719.99,720.0,720.0,589.95,590.0,599.0,599.5,599.98,600.0,610.0,619.0,619.98,619.99,620.0,620.0,620.0,620.0,620.0,625.0,630.0,640.0,649.0,649.0,649.95,649.99,649.99,649.99,650.0,650.0,665.0,675.0,679.89,679.9
2026-09-10 06:01:22,Pokemon Chilling Reign Booster Display (Eng),single,174,357.19,394.39,405.18,407.74,409.05,426.1,426.29,357.19,394.39,405.18,417.5,422.5,425.39,431.5,432.49,437.09,437.18,444.55,447.19,447.19,447.45,447.5,449.55,457.19,464.55,466.42,469.55,469.55,469.55,469.55,471.85,498.39,503.72,504.85,507.19,507.19,510.4,350.0,369.0,395.0,397.99,400.0,400.0,409.0,409.99,424.95,425.0,425.0,429.9,429.99,430.0,439.99,440.0,440.0,445.0,449.0,450.0,450.0,450.0,450.0,450.0,450.0,479.0,499.0,499.0,499.9,499.9
2026-09-10 06:01:22,Pokemon Crown Zenith ETB (Eng),single,357,284.19,292.19,294.99,289.84,291.51,303.31,303.88,284.19,292.19,294.99,297.18,302.19,304.55,306.19,307.12,307.13,307.14,307.19,307.41,312.19,313.99,314.55,315.29,318.39,319.53,319.55,321.5,322.5,322.5,322.74,326.98,327.14,327.19,327.5,329.05,329.41,329.54,277.0,285.0,285.0,288.88,289.9,289.98,289.99,289.99,290.0,295.0,295.0,299.0,299.0,299.0,299.93,299.94,299.95,299.98,299.99,300.0,300.0,300.0,300.0,305.0,305.0,305.0,305.0,309.5,309.99,310.0
2026-09-10 18:01:24,Pokemon Destined Rivals Booster Display (Eng),single,1338,352.5,366.12,372.5,350.0,349.2,373.76,372.56,352.5,366.12,372.5,373.0,373.9,373.9,373.9,373.9,374.39,374.55,375.19,375.39,376.19,376.47,376.47,376.47,377.0,378.9,379.5,380.47,380.5,381.5,382.42,382.49,383.0,383.5,383.55,383.79,383.9,384.5,330.0,349.0,350.0,350.0,350.0,350.0,350.0,350.0,350.0,350.0,350.0,350.0,350.0,354.0,355.0,355.0,359.0,359.95,359.99,359.99,360.0,360.0,360.0,360.0,361.0,364.0,365.0,365.0,365.0,365.0
2026-09-10 18:01:24,Pokemon Destined Rivals Booster Display Case (Eng),case,178,2200.0,2241.45,2250.73,2176.99,2188.2,2262.4,2273.11,2200.0,2241.45,2250.73,2267.45,2289.99,2289.99,2292.45,2299.0,2300.0,2300.0,2310.22,2331.45,2350.0,2392.45,2400.0,2400.0,2400.0,2478.89,2500.0,2517.48,2517.48,2518.47,2553.4,2553.4,2597.8,2599.89,2602.4,2641.45,2642.45,2692.45,2100.0,2129.0,2189.99,2189.99,2199.0,2199.0,2200.0,2200.0,2225.0,2250.0,2250.0,2289.0,2300.0,2300.0,2300.0,2300.0,2350.0,2400.0,2450.0,2450.0,2469.0,2499.0,2499.0,2499.0,2499.89,2499.99,2500.0,2599.0,2600.0,2645.0
2026-09-10 18:01:24,Pokemon Black Bolt ETB (Eng),single,524,137.19,139.19,140.18,129.67,130.15,142.25,143.94,137.19,139.19,140.18,140.19,140.19,141.5,142.17,142.19,143.55,148.0,148.48,148.55,148.59,149.29,149.9,151.1,151.42,151.5,152.14,152.19,152.6,153.0,153.59,153.6,153.6,155.18,156.14,156.44,157.09,157.09,120.0,125.0,125.0,127.5,129.9,129.95,130.0,130.0,132.0,132.99,133.0,133.0,134.0,134.95,134.98,134.99,135.0,135.0,135.49,137.5,139.0,139.9,139.99,140.0,140.0,140.0,140.0,140.0,143.9,144.5
2026-09-10 18:01:24,Pokemon Ascended Heroes ETB (Eng),single,1419,166.42,167.19,167.42,152.74,153.95,171.3,172.33,166.42,167.19,167.42,169.42,171.69,171.69,172.18,172.42,172.42,173.19,175.55,176.19,176.37,176.37,176.42,176.99,177.39,178.55,179.55,179.89,180.0,180.5,181.5,181.5,181.5,182.07,182.18,182.37,182.41,182.42,149.0,149.9,149.9,150.0,150.0,152.0,154.99,155.0,155.0,155.0,156.0,157.5,157.99,158.0,159.0,159.0,159.0,159.0,159.99,160.0,160.0,160.0,160.0,160.0,160.0,162.99,164.5,164.5,164.94,164.95
2026-09-10 18:01:24,Pokemon Ascended Heroes ETB Case (Eng),case,144,1647.8,1650.0,1650.0,1568.75,1608.99,1654.36,1682.48,1647.8,1650.0,1650.0,1650.0,1667.45,1692.45,1706.12,1711.12,1717.45,1732.45,1745.0,1792.45,1811.17,1837.45,1841.45,1842.45,1842.45,1845.0,1861.16,1867.45,1883.25,1892.45,1897.7,1900.0,1919.0,1947.8,1996.8,1999.89,2000.0,2000.0,1550.0,1550.0,1550.0,1550.0,1625.0,1644.95,1645.0,1649.95,1650.0,1675.0,1690.0,1745.0,1750.0,1750.0,1795.0,1799.0,1799.9,1799.99,1800.0,1800.0,1800.0,1800.0,1819.0,1825.0,1850.0,1850.0,1899.0,1900.0,1900.0,1949.99
2026-09-10 18:01:24,Pokemon 30th Celebration ETB (Eng),single,866,177.93,178.55,180.89,166.59,168.23,181.68,181.92,177.93,178.55,180.89,181.4,181.49,181.66,181.7,181.7,182.19,182.39,182.9,182.99,182.99,183.99,185.98,186.42,186.9,187.35,190.4,192.4,192.49,193.5,194.94,199.5,201.9,204.9,204.98,214.4,219.5,237.32,159.0,159.9,159.99,160.0,163.9,169.0,169.93,169.94,169.99,169.99,172.98,173.9,174.9,174.98,175.0,175.0,175.0,175.0,175.0,176.8,176.8,179.95,179.95,181.65,185.0,195.95,196.98,199.95,199.99,209.9
2026-09-10 18:01:24,Pokemon 30th Celebration Booster Bundle (Eng),single,379,99.88,100.45,100.9,95.4,96.27,104.52,108.23,99.88,100.45,100.9,101.3,101.73,102.4,104.98,105.99,108.9,109.98,110.5,111.19,114.98,117.17,133.1,,,,,,,,,,,,,,,,87.99,92.95,93.51,94.0,94.9,94.94,95.99,96.0,96.4,97.5,99.95,99.98,99.99,99.99,99.99,,,,,,,,,,,,,,,
2026-09-10 18:01:24,Pokemon 30th Celebration Umbreon UPC (Eng),single,122,530.93,535.94,537.13,564.96,582.89,589.78,605.95,530.93,535.94,537.13,549.94,558.93,609.55,609.98,614.95,617.9,619.9,628.06,633.19,639.98,796.9,,,,,,,,,,,,,,,,,519.0,519.9,519.94,519.95,549.93,549.94,580.0,599.95,599.98,599.99,600.0,609.93,612.0,780.0,,,,,,,,,,,,,,,,
2026-09-10 18:01:24,Pokemon 30th Celebration Espeon UPC (Eng),single,154,484.99,485.42,498.94,509.57,542.57,527.21,561.72,484.99,485.42,498.94,499.94,509.5,519.54,529.94,530.9,538.93,589.99,594.55,613.19,614.95,618.06,796.9,,,,,,,,,,,,,,,,468.0,469.0,487.95,488.95,489.95,499.9,499.99,529.93,529.94,549.99,565.0,580.0,599.93,599.95,780.0,,,,,,,,,,,,,,,
2026-09-10 18:01:24,Pokemon 30th Celebration Mini Tin Display (Eng),single,66,299.9,302.45,304.98,323.72,327.89,338.49,342.04,299.9,302.45,304.98,309.0,316.42,319.5,320.99,368.9,379.9,388.19,396.9,397.4,,,,,,,,,,,,,,,,,,,289.99,294.95,297.0,299.0,299.89,299.95,299.99,359.95,360.0,374.0,379.98,380.0,,,,,,,,,,,,,,,,,,
2026-09-10 18:01:24,Pokemon Destined Rivals Booster Display (De),single,1338,261.19,262.19,264.19,267.46,268.77,276.25,277.53,261.19,262.19,264.19,270.0,272.19,277.19,280.88,281.19,282.18,282.19,284.85,286.14,286.19,286.19,286.19,287.09,288.38,291.18,292.18,292.38,296.19,296.19,297.09,297.18,297.19,297.19,297.19,297.19,302.18,304.19,247.0,254.0,255.0,257.0,265.0,268.99,270.0,274.0,274.69,274.99,275.0,278.95,279.0,279.0,279.0,279.88,279.9,279.9,283.99,284.99,289.0,289.0,289.9,289.99,289.99,290.0,290.0,290.0,290.0,294.99
2026-09-10 18:01:24,Pokemon Ascended Heroes Mini Tin Display (Eng),single,190,282.8,304.5,311.0,289.86,293.74,317.71,317.42,282.8,304.5,311.0,311.47,311.5,319.54,321.38,321.45,321.47,323.88,324.49,324.8,326.36,327.18,329.55,336.19,337.14,337.18,337.19,337.42,338.0,345.99,352.19,357.19,359.55,366.45,366.9,369.55,369.55,371.89,250.0,280.0,280.0,280.0,285.0,287.0,292.0,295.0,299.89,299.99,299.99,310.0,314.19,314.99,318.0,318.99,319.99,320.0,325.0,329.0,329.95,329.99,330.0,340.0,344.99,345.0,349.99,350.0,350.0,350.0
2026-09-10 18:01:24,Pokemon Ascended Heroes Booster Bundle Display (Eng),case,228,1125.0,1145.0,1180.0,1081.0,1094.89,1174.58,1182.23,1125.0,1145.0,1180.0,1186.6,1186.7,1199.0,1200.0,1200.0,1200.0,1200.0,1215.68,1236.69,1240.99,1294.89,1299.0,1299.95,1300.0,1300.0,1300.0,1300.0,1300.0,1320.0,1336.7,1336.7,1349.0,1350.0,1350.0,1350.0,1362.0,1399.99,1025.0,1045.0,1080.0,1099.0,1100.0,1100.0,1100.0,1100.0,1149.9,1150.0,1198.99,1199.0,1199.95,1199.99,1200.0,1200.0,1200.0,1200.0,1200.0,1200.0,1220.0,1249.0,1250.0,1250.0,1250.0,1262.0,1289.0,1299.99,1300.0,1300.0
2026-09-10 18:01:24,Pokemon Ascended Heroes Pokemon Center ETB (Eng),single,281,336.39,341.75,366.42,359.88,370.53,389.17,398.07,336.39,341.75,366.42,367.42,370.39,385.39,395.39,401.5,413.1,413.73,425.39,426.19,437.19,439.55,451.19,451.19,451.19,455.38,457.18,459.55,461.5,463.72,467.42,467.69,469.55,472.19,472.5,472.99,476.47,492.19,299.0,311.0,345.0,349.0,350.0,350.0,360.0,370.0,375.0,380.0,399.99,400.0,419.0,420.0,429.99,430.0,440.0,440.0,444.0,444.0,444.0,449.95,449.99,449.99,450.0,450.0,450.0,450.0,465.0,485.0
2026-09-10 18:01:24,Pokemon Ascended Heroes Pokemon Center ETB (De),single,281,150.4,153.6,157.39,155.61,157.46,169.56,170.03,150.4,153.6,157.39,162.19,167.19,172.19,172.19,173.99,175.18,176.18,177.19,177.19,177.19,178.9,179.55,180.08,180.14,182.13,182.14,182.19,182.19,182.38,187.09,187.18,187.18,187.19,187.19,187.19,192.18,192.69,135.0,140.0,140.0,149.99,154.9,155.0,159.99,160.0,160.0,165.0,165.0,167.99,168.99,170.0,170.0,170.0,170.0,172.89,172.95,174.94,174.95,175.0,175.0,179.9,179.99,179.99,180.0,180.0,180.0,184.99
2026-09-10 18:01:24,Pokemon Ascended Heroes ETB (De),single,1419,108.19,109.18,111.19,107.86,107.72,115.05,114.91,108.19,109.18,111.19,112.19,112.19,116.19,117.08,117.18,117.18,117.19,117.19,117.19,117.19,117.19,117.19,117.19,117.19,118.3,119.14,120.09,120.14,120.19,121.09,121.19,121.19,122.14,122.16,122.18,122.19,122.19,101.0,101.99,104.0,105.0,105.0,109.0,109.89,109.99,109.99,110.0,110.0,110.0,110.0,110.0,110.0,110.0,110.0,111.11,111.95,112.9,112.95,113.0,113.9,114.0,114.0,114.95,114.97,115.0,115.0,115.0
2026-09-10 18:01:24,Pokemon Silver Tempest Booster Display (Eng),single,332,397.19,397.19,402.19,393.12,394.33,411.22,412.7,397.19,397.19,402.19,407.18,407.19,412.18,412.19,412.19,417.19,419.42,419.55,420.49,422.07,422.09,422.19,422.5,423.39,427.18,427.18,432.19,433.0,434.55,434.55,438.99,439.39,439.55,442.19,442.74,442.75,444.55,385.0,385.0,385.0,390.0,390.0,390.0,395.0,397.99,398.0,399.0,399.99,400.0,400.0,400.0,400.0,402.0,404.99,405.0,405.0,410.0,410.0,414.88,414.9,415.0,415.0,415.0,419.99,419.99,419.99,420.0
2026-09-10 18:01:24,Pokemon Lost Origin Booster Display (Eng),single,319,604.18,613.68,614.16,608.43,609.83,634.96,642.57,604.18,613.68,614.16,624.18,634.16,634.18,634.18,634.18,644.18,660.49,664.13,664.17,664.17,670.0,678.55,678.55,689.95,694.07,694.08,694.55,699.0,703.55,704.18,708.76,713.18,713.18,718.12,719.0,719.99,720.0,589.95,590.0,599.0,599.5,599.98,600.0,610.0,619.0,619.98,619.99,620.0,620.0,620.0,620.0,620.0,625.0,630.0,640.0,649.0,649.0,649.95,649.99,649.99,649.99,650.0,650.0,665.0,674.0,675.0,679.89
2026-09-10 18:01:24,Pokemon Chilling Reign Booster Display (Eng),single,174,357.19,394.39,405.18,410.23,411.72,427.31,427.74,357.19,394.39,405.18,417.5,422.5,425.39,431.5,437.09,437.18,442.18,444.55,447.19,447.45,449.55,457.19,464.55,469.55,469.55,469.55,469.55,471.85,498.39,503.72,504.85,507.19,507.19,510.4,518.55,521.5,522.5,350.0,369.0,395.0,397.99,400.0,400.0,409.0,424.95,425.0,429.9,429.99,430.0,434.99,439.99,440.0,445.0,450.0,450.0,450.0,450.0,450.0,450.0,479.0,499.0,499.0,499.9,499.9,500.0,500.0,500.0
2026-09-10 18:01:24,Pokemon Crown Zenith ETB (Eng),single,366,284.19,294.99,297.18,290.48,292.18,304.86,305.84,284.19,294.99,297.18,302.19,304.55,306.19,307.12,307.13,307.14,307.41,310.39,312.19,313.99,314.55,318.39,319.53,319.55,321.5,322.5,322.5,322.74,326.98,327.14,327.19,327.5,329.05,329.41,329.54,329.99,330.39,277.0,285.0,285.0,288.88,289.99,289.99,289.99,290.0,295.0,295.0,299.0,299.0,299.0,299.93,299.94,299.95,299.98,299.99,300.0,300.0,300.0,305.0,305.0,305.0,305.0,309.5,309.99,310.0,315.0,315.0
2026-09-11 06:01:30,Pokemon Destined Rivals Booster Display (Eng),single,1338,352.5,357.42,365.47,348.1,347.19,370.82,370.31,352.5,357.42,365.47,367.4,369.5,369.5,373.0,373.9,373.9,373.9,373.9,375.19,376.19,376.47,376.47,377.0,378.9,380.47,380.5,381.5,382.42,382.49,383.0,383.5,383.55,383.79,383.9,384.5,384.79,384.9,330.0,339.0,340.0,344.9,349.95,349.95,350.0,350.0,350.0,350.0,350.0,350.0,350.0,350.0,354.0,355.0,359.0,359.99,360.0,360.0,360.0,360.0,361.0,364.0,365.0,365.0,365.0,365.0,365.0,367.0
2026-09-11 06:01:30,Pokemon Destined Rivals Booster Display Case (Eng),case,178,2200.0,2241.45,2250.73,2176.99,2188.2,2262.4,2273.11,2200.0,2241.45,2250.73,2267.45,2289.99,2289.99,2292.45,2299.0,2300.0,2300.0,2310.22,2331.45,2350.0,2392.45,2400.0,2400.0,2400.0,2478.89,2500.0,2517.48,2517.48,2518.47,2553.4,2553.4,2597.8,2599.89,2602.4,2641.45,2642.45,2692.45,2100.0,2129.0,2189.99,2189.99,2199.0,2199.0,2200.0,2200.0,2225.0,2250.0,2250.0,2289.0,2300.0,2300.0,2300.0,2300.0,2350.0,2400.0,2450.0,2450.0,2469.0,2499.0,2499.0,2499.0,2499.89,2499.99,2500.0,2599.0,2600.0,2645.0
2026-09-11 06:01:30,Pokemon Black Bolt ETB (Eng),single,524,139.19,140.18,140.19,130.42,130.82,143.91,145.4,139.19,140.18,140.19,140.19,141.5,142.17,142.19,148.0,148.48,148.55,148.59,149.29,149.9,151.1,151.42,151.5,152.14,152.19,152.6,153.0,153.59,153.6,153.6,155.18,156.14,156.44,157.09,157.09,157.09,157.18,120.0,125.0,125.0,127.5,129.9,130.0,132.0,132.99,133.0,133.0,134.0,134.95,134.98,134.99,135.0,135.0,135.49,137.5,139.0,139.9,139.99,139.99,140.0,140.0,140.0,140.0,140.0,143.9,144.5,144.95
2026-09-11 06:01:30,Pokemon Ascended Heroes ETB (Eng),single,1419,166.42,167.19,167.42,153.49,154.62,171.3,172.33,166.42,167.19,167.42,169.42,171.69,171.69,172.18,172.42,172.42,173.19,175.55,176.19,176.37,176.37,176.42,176.99,177.39,178.55,179.55,179.89,180.0,180.5,181.5,181.5,181.5,182.07,182.18,182.37,182.41,182.42,149.0,149.9,149.9,150.0,152.0,154.99,155.0,155.0,155.0,156.0,157.5,158.0,159.0,159.0,159.0,159.0,159.99,160.0,160.0,160.0,160.0,160.0,160.0,162.99,164.5,164.5,164.94,164.95,164.95,164.99
2026-09-11 06:01:30,Pokemon Ascended Heroes ETB Case (Eng),case,144,1650.0,1650.0,1650.0,1597.49,1634.99,1674.64,1704.7,1650.0,1650.0,1650.0,1692.45,1706.12,1711.12,1717.45,1732.45,1745.0,1792.45,1811.17,1837.45,1841.45,1842.45,1842.45,1845.0,1861.16,1867.45,1883.25,1892.45,1897.7,1900.0,1919.0,1947.8,1996.8,1999.89,2000.0,2000.0,2017.48,2018.47,1550.0,1550.0,1550.0,1644.95,1645.0,1649.95,1650.0,1675.0,1690.0,1745.0,1750.0,1750.0,1795.0,1799.0,1799.9,1799.99,1800.0,1800.0,1800.0,1800.0,1819.0,1825.0,1850.0,1850.0,1899.0,1900.0,1900.0,1949.99,1950.0,1990.0
2026-09-11 06:01:30,Pokemon 30th Celebration ETB (Eng),single,866,176.98,177.93,178.55,168.21,169.23,181.2,181.78,176.98,177.93,178.55,180.89,181.4,181.49,181.66,181.7,181.7,182.19,182.9,182.99,183.99,185.98,186.42,186.9,187.35,190.4,192.4,192.49,193.5,194.94,201.9,204.9,204.98,214.4,219.5,232.74,237.32,252.65,159.0,159.9,159.98,163.9,169.0,169.93,169.94,169.99,169.99,172.98,173.9,174.9,174.98,175.0,175.0,175.0,175.0,175.0,176.8,176.8,179.95,181.65,185.0,189.99,195.95,196.98,199.95,199.99,209.9,219.9
2026-09-11 06:01:30,Pokemon 30th Celebration Booster Bundle (Eng),single,379,99.88,100.45,100.88,94.84,95.07,103.39,106.08,99.88,100.45,100.88,100.9,101.3,101.73,102.4,104.98,105.99,108.9,109.98,110.5,111.19,114.98,117.17,123.19,133.1,,,,,,,,,,,,,,84.99,87.99,92.95,93.51,94.0,94.9,94.94,95.99,96.0,96.4,96.99,97.5,99.95,99.98,99.99,99.99,99.99,,,,,,,,,,,,,
2026-09-11 06:01:30,Pokemon 30th Celebration Umbreon UPC (Eng),single,122,522.49,530.93,535.94,557.45,577.18,580.58,599.73,522.49,530.93,535.94,537.13,549.94,558.93,609.98,614.95,617.9,619.9,628.06,633.19,639.98,796.9,,,,,,,,,,,,,,,,,499.99,519.0,519.9,519.94,519.95,549.93,549.94,599.95,599.98,599.99,600.0,609.93,612.0,780.0,,,,,,,,,,,,,,,,
2026-09-11 06:01:30,Pokemon 30th Celebration Espeon UPC (Eng),single,154,484.99,485.42,508.94,512.2,542.47,531.28,561.7,484.99,485.42,508.94,509.5,519.54,522.49,529.94,530.9,538.93,589.99,613.19,614.95,618.06,796.9,,,,,,,,,,,,,,,,,468.0,469.0,489.95,497.95,499.9,499.99,499.99,529.93,529.94,549.99,580.0,599.93,599.95,780.0,,,,,,,,,,,,,,,,
2026-09-11 06:01:30,Pokemon 30th Celebration Mini Tin Display (Eng),single,66,299.9,302.45,304.98,323.72,327.89,338.49,342.04,299.9,302.45,304.98,309.0,316.42,319.5,320.99,368.9,379.9,388.19,396.9,397.4,,,,,,,,,,,,,,,,,,,289.99,294.95,297.0,299.0,299.89,299.95,299.99,359.95,360.0,374.0,379.98,380.0,,,,,,,,,,,,,,,,,,
2026-09-11 06:01:30,Pokemon Destined Rivals Booster Display (De),single,1338,261.19,262.19,270.0,269.71,270.3,278.83,279.06,261.19,262.19,270.0,272.19,277.19,280.88,281.19,282.18,282.19,284.85,286.14,286.19,286.19,286.19,287.09,288.38,291.18,292.18,292.38,296.19,297.09,297.18,297.19,297.19,297.19,297.19,302.18,304.19,304.85,304.89,247.0,254.0,255.0,265.0,268.99,270.0,274.0,274.69,274.99,275.0,278.95,279.0,279.0,279.0,279.88,279.9,279.9,283.99,284.99,289.0,289.9,289.99,289.99,290.0,290.0,290.0,290.0,294.99,297.0,298.0
2026-09-11 06:01:30,Pokemon Ascended Heroes Mini Tin Display (Eng),single,190,282.8,304.5,311.0,289.86,295.0,318.33,318.53,282.8,304.5,311.0,311.47,311.5,321.38,321.45,321.47,323.88,324.49,324.8,326.36,327.18,329.55,336.19,337.14,337.18,337.19,337.42,338.0,345.99,352.19,357.19,359.55,366.45,366.9,369.55,369.55,371.89,386.44,250.0,280.0,280.0,280.0,285.0,287.0,292.0,295.0,299.89,299.99,310.0,314.19,314.99,318.0,318.99,319.99,320.0,325.0,329.0,329.95,329.99,330.0,340.0,344.99,345.0,349.99,350.0,350.0,350.0,350.0
2026-09-11 06:01:30,Pokemon Ascended Heroes Booster Bundle Display (Eng),case,228,1040.0,1125.0,1145.0,1067.25,1090.79,1160.83,1169.8,1040.0,1125.0,1145.0,1186.6,1186.7,1199.0,1200.0,1200.0,1200.0,1215.68,1236.69,1240.99,1294.89,1299.0,1299.95,1300.0,1300.0,1300.0,1300.0,1300.0,1320.0,1336.7,1336.7,1349.0,1350.0,1350.0,1350.0,1362.0,1399.99,1490.0,940.0,1025.0,1045.0,1099.0,1100.0,1100.0,1100.0,1149.9,1150.0,1198.99,1199.0,1199.95,1199.99,1200.0,1200.0,1200.0,1200.0,1200.0,1200.0,1220.0,1249.0,1250.0,1250.0,1250.0,1262.0,1289.0,1299.99,1300.0,1300.0,1390.0
2026-09-11 06:01:30,Pokemon Ascended Heroes Pokemon Center ETB (Eng),single,281,335.39,336.39,341.75,351.25,362.4,380.17,389.39,335.39,336.39,341.75,366.42,367.42,370.39,385.39,395.39,401.5,413.1,413.73,425.19,425.39,426.19,437.19,439.55,451.19,451.19,451.19,455.38,457.18,459.55,461.5,463.72,467.42,467.69,472.19,472.5,472.99,476.47,299.0,310.0,311.0,345.0,349.0,350.0,350.0,360.0,370.0,375.0,380.0,399.99,400.0,418.0,419.0,420.0,429.99,430.0,440.0,440.0,444.0,444.0,444.0,449.95,449.99,449.99,450.0,450.0,450.0,465.0
2026-09-11 06:01:30,Pokemon Ascended Heroes Pokemon Center ETB (De),single,281,150.4,153.6,157.39,154.36,157.12,172.18,171.76,150.4,153.6,157.39,172.19,172.19,173.1,173.99,175.18,176.18,177.19,177.19,177.19,178.9,179.55,182.19,182.19,182.38,187.09,187.17,187.18,187.18,187.19,187.19,187.19,192.18,192.69,196.48,197.14,197.18,197.19,135.0,140.0,140.0,140.0,149.99,154.9,159.99,160.0,165.0,165.0,167.99,168.99,170.0,170.0,170.0,170.0,175.0,175.0,179.9,179.98,179.99,179.99,180.0,180.0,180.0,180.0,184.99,185.5,189.69,189.95
2026-09-11 06:01:30,Pokemon Ascended Heroes ETB (De),single,1419,106.19,109.18,111.19,107.98,107.66,115.17,114.85,106.19,109.18,111.19,112.19,112.19,117.08,117.18,117.18,117.19,117.19,117.19,117.19,117.19,117.19,117.19,117.19,118.3,119.14,120.09,120.14,120.19,121.09,121.19,121.19,122.14,122.16,122.18,122.19,122.19,122.19,99.0,101.99,104.0,105.0,105.0,109.89,109.99,109.99,110.0,110.0,110.0,110.0,110.0,110.0,110.0,110.0,111.11,111.95,112.9,112.95,113.0,113.9,114.0,114.0,114.95,114.97,115.0,115.0,115.0,115.0
2026-09-11 06:01:30,Pokemon Silver Tempest Booster Display (Eng),single,332,382.19,397.19,397.19,391.37,392.67,408.44,410.03,382.19,397.19,397.19,402.19,407.18,407.19,412.18,412.19,412.19,417.19,419.42,419.55,420.49,422.07,422.09,422.19,422.5,423.39,427.18,427.18,432.19,433.0,434.55,434.55,438.99,439.39,439.55,442.19,442.74,442.75,375.0,385.0,385.0,385.0,390.0,390.0,390.0,395.0,397.99,398.0,399.0,399.99,400.0,400.0,400.0,400.0,402.0,404.99,405.0,405.0,410.0,410.0,414.88,414.9,415.0,415.0,415.0,419.99,419.99,419.99
2026-09-11 06:01:30,Pokemon Lost Origin Booster Display (Eng),single,319,604.18,614.16,624.18,610.99,611.53,641.21,646.9,604.18,614.16,624.18,634.16,634.18,634.18,634.18,644.18,660.49,664.13,664.17,664.17,670.0,678.55,678.55,689.95,694.07,694.08,694.55,699.0,703.55,704.18,708.76,713.18,713.18,718.12,719.0,719.99,720.0,720.0,589.95,590.0,599.0,599.98,600.0,610.0,619.0,619.98,619.99,620.0,620.0,620.0,620.0,620.0,625.0,630.0,640.0,649.0,649.0,649.95,649.99,649.99,649.99,650.0,650.0,665.0,674.0,675.0,679.89,679.9
2026-09-11 06:01:30,Pokemon Chilling Reign Booster Display (Eng),single,171,357.19,405.18,417.5,410.24,413.12,428.23,428.94,357.19,405.18,417.5,422.19,422.5,425.39,431.5,432.49,437.09,437.18,444.55,447.19,447.45,449.55,457.19,464.55,466.42,469.55,469.55,469.55,469.55,471.85,498.39,503.72,507.14,507.19,507.19,510.4,518.55,521.5,350.0,395.0,397.99,400.0,400.0,409.0,409.99,415.0,424.95,425.0,429.9,429.99,430.0,439.99,440.0,445.0,449.0,450.0,450.0,450.0,450.0,450.0,450.0,479.0,499.0,499.0,499.9,499.95,500.0,500.0
2026-09-11 06:01:30,Pokemon Crown Zenith ETB (Eng),single,366,284.19,292.19,294.99,289.23,291.19,303.31,304.09,284.19,292.19,294.99,297.18,302.19,304.55,306.19,307.12,307.13,307.14,307.41,310.39,312.19,313.99,314.55,318.39,319.53,319.55,321.5,322.5,322.5,322.74,326.98,327.14,327.19,327.5,329.05,329.41,329.54,329.99,277.0,285.0,285.0,285.0,288.88,289.99,289.99,289.99,290.0,295.0,295.0,299.0,299.0,299.0,299.93,299.94,299.95,299.98,299.99,300.0,300.0,300.0,305.0,305.0,305.0,305.0,309.5,309.99,310.0,315.0
2026-09-11 18:01:25,Pokemon Destined Rivals Booster Display (Eng),single,1324,366.12,367.4,369.5,349.99,350.19,373.12,373.17,366.12,367.4,369.5,372.5,373.0,373.9,373.9,373.9,373.9,374.39,374.55,375.39,376.19,376.47,376.47,377.0,378.9,379.5,380.47,380.5,381.5,382.42,382.42,382.49,383.0,383.5,383.55,383.79,383.9,384.79,344.9,349.0,349.95,350.0,350.0,350.0,350.0,350.0,350.0,350.0,350.0,350.0,350.0,354.0,355.0,355.0,359.0,359.95,359.99,359.99,360.0,360.0,360.0,360.0,361.0,364.0,365.0,365.0,365.0,365.0
2026-09-11 18:01:25,Pokemon Destined Rivals Booster Display Case (Eng),case,174,2200.0,2241.45,2250.73,2176.99,2190.7,2268.04,2277.38,2200.0,2241.45,2250.73,2289.99,2289.99,2292.45,2299.0,2300.0,2300.0,2310.22,2331.45,2350.0,2392.45,2400.0,2400.0,2400.0,2478.89,2500.0,2517.48,2517.48,2518.47,2553.4,2553.4,2597.8,2599.89,2602.4,2641.45,2642.45,2692.45,2761.16,2100.0,2129.0,2189.99,2189.99,2199.0,2199.0,2200.0,2200.0,2250.0,2250.0,2289.0,2300.0,2300.0,2300.0,2300.0,2350.0,2400.0,2450.0,2450.0,2469.0,2499.0,2499.0,2499.0,2499.89,2499.99,2500.0,2599.0,2600.0,2645.0,2650.0
2026-09-11 18:01:25,Pokemon Black Bolt ETB (Eng),single,539,136.19,137.18,137.19,129.17,129.75,141.95,143.46,136.19,137.18,137.19,140.19,140.19,141.5,142.17,142.19,145.59,146.55,148.0,148.48,148.55,148.59,149.29,149.9,151.1,151.42,151.5,152.14,152.19,152.6,153.0,153.6,153.6,155.18,155.42,156.14,156.44,157.09,120.0,125.0,125.0,127.5,129.0,129.9,129.99,130.0,130.0,131.99,132.95,133.0,133.0,134.0,134.95,134.98,134.99,135.0,135.49,137.5,138.0,139.0,139.9,140.0,140.0,140.0,140.0,140.0,143.9,144.5
2026-09-11 18:01:25,Pokemon Ascended Heroes ETB (Eng),single,1444,166.42,166.42,167.19,152.22,153.82,169.69,171.21,166.42,166.42,167.19,167.19,167.42,169.42,170.74,171.69,171.69,172.18,172.42,176.19,176.37,176.37,176.42,176.99,177.39,178.55,179.5,179.55,179.89,180.0,180.5,181.5,181.5,181.5,182.07,182.18,182.37,182.41,149.0,149.0,149.9,149.9,150.0,151.0,152.0,154.99,155.0,155.0,157.5,158.0,158.0,159.0,159.0,159.0,159.0,159.99,160.0,160.0,160.0,160.0,160.0,160.0,160.0,160.0,162.99,164.5,164.5,164.94
2026-09-11 18:01:25,Pokemon Ascended Heroes ETB Case (Eng),case,139,1647.8,1650.0,1650.0,1573.74,1615.49,1660.61,1689.88,1647.8,1650.0,1650.0,1650.0,1692.45,1706.12,1711.12,1717.45,1732.45,1741.45,1745.0,1792.45,1811.17,1841.45,1842.45,1842.45,1845.0,1861.16,1867.45,1883.25,1892.45,1897.7,1900.0,1919.0,1947.8,1996.8,1999.89,2000.0,2000.0,2005.48,1550.0,1550.0,1550.0,1550.0,1644.95,1645.0,1649.95,1650.0,1675.0,1690.0,1699.0,1745.0,1750.0,1750.0,1799.0,1799.9,1799.99,1800.0,1800.0,1800.0,1800.0,1819.0,1825.0,1850.0,1850.0,1899.0,1900.0,1900.0,1949.99,1950.0
2026-09-11 18:01:25,Pokemon 30th Celebration ETB (Eng),single,866,179.24,181.49,181.59,171.45,171.36,182.43,183.82,179.24,181.49,181.59,181.66,181.7,182.19,182.45,182.89,182.99,183.99,185.98,186.42,186.9,187.35,190.4,192.4,192.49,193.5,194.94,201.9,204.9,204.98,214.4,219.5,232.74,232.74,237.32,,,,159.89,163.9,169.0,169.75,169.93,169.99,169.99,172.98,174.95,174.98,175.0,175.0,175.0,175.0,175.0,176.6,176.8,179.95,181.65,185.0,189.99,189.99,195.95,196.98,199.95,199.99,219.9,,,
2026-09-11 18:01:25,Pokemon 30th Celebration Booster Bundle (Eng),single,379,99.88,100.45,100.9,94.84,95.27,104.52,107.57,99.88,100.45,100.9,101.3,101.73,102.4,104.98,105.99,108.9,109.98,110.5,111.19,114.98,117.17,123.19,133.1,,,,,,,,,,,,,,,84.99,87.99,92.95,93.51,94.0,94.9,94.94,95.99,96.0,96.4,97.5,99.95,99.98,99.99,99.99,99.99,,,,,,,,,,,,,,
2026-09-11 18:01:25,Pokemon 30th Celebration Umbreon UPC (Eng),single,122,520.94,522.49,528.19,546.08,569.32,569.12,591.52,520.94,522.49,528.19,535.94,537.13,549.94,558.93,609.98,614.95,617.9,619.9,628.06,639.98,796.9,,,,,,,,,,,,,,,,,499.99,500.0,509.95,519.0,519.9,519.95,549.93,549.94,599.95,599.98,599.99,609.93,612.0,780.0,,,,,,,,,,,,,,,,
2026-09-11 18:01:25,Pokemon 30th Celebration Espeon UPC (Eng),single,154,479.98,484.99,485.42,498.59,532.54,516.86,551.41,479.98,484.99,485.42,498.19,509.5,519.54,522.49,529.94,530.9,538.93,589.99,614.95,618.06,796.9,,,,,,,,,,,,,,,,,468.0,468.99,469.0,470.0,489.95,499.9,499.99,499.99,529.93,529.94,549.99,599.93,599.95,780.0,,,,,,,,,,,,,,,,
2026-09-11 18:01:25,Pokemon 30th Celebration Mini Tin Display (Eng),single,66,299.9,302.45,304.98,323.72,327.89,338.49,342.04,299.9,302.45,304.98,309.0,316.42,319.5,320.99,368.9,379.9,388.19,396.9,397.4,,,,,,,,,,,,,,,,,,,289.99,294.95,297.0,299.0,299.89,299.95,299.99,359.95,360.0,374.0,379.98,380.0,,,,,,,,,,,,,,,,,,
2026-09-11 18:01:25,Pokemon Destined Rivals Booster Display (De),single,1324,262.19,266.19,270.0,270.83,270.84,279.46,279.6,262.19,266.19,270.0,277.19,277.19,280.88,281.19,282.18,282.19,284.85,285.19,286.14,286.19,286.19,286.19,287.09,288.38,291.18,292.18,292.38,296.19,297.09,297.18,297.19,297.19,297.19,302.18,304.19,304.85,304.89,247.0,255.0,259.0,268.99,270.0,270.0,274.0,274.69,274.99,275.0,278.0,278.95,279.0,279.0,279.0,279.88,279.9,279.9,283.99,284.99,289.0,289.9,289.99,289.99,290.0,290.0,290.0,294.99,297.0,298.0
2026-09-11 18:01:25,Pokemon Ascended Heroes Mini Tin Display (Eng),single,191,282.8,304.5,311.0,289.86,294.73,317.86,317.5,282.8,304.5,311.0,311.47,311.5,320.74,321.38,321.45,321.47,323.88,324.49,324.8,326.36,327.18,329.55,336.19,337.14,337.18,337.19,337.42,338.0,345.99,352.19,357.19,359.55,366.45,366.9,369.55,369.55,371.89,250.0,280.0,280.0,280.0,285.0,287.0,292.0,295.0,299.89,299.99,310.0,314.19,314.95,314.99,318.0,318.99,319.99,320.0,325.0,329.0,329.95,329.99,330.0,340.0,344.99,345.0,349.99,350.0,350.0,350.0
2026-09-11 18:01:25,Pokemon Ascended Heroes Booster Bundle Display (Eng),case,225,1040.0,1125.0,1140.0,1052.25,1067.4,1142.92,1158.4,1040.0,1125.0,1140.0,1145.0,1161.7,1186.6,1186.7,1199.0,1200.0,1200.0,1200.0,1200.0,1215.68,1236.69,1240.99,1294.89,1299.0,1299.95,1300.0,1300.0,1300.0,1300.0,1300.0,1320.0,1336.7,1336.7,1349.0,1350.0,1350.0,1362.0,940.0,1025.0,1040.0,1045.0,1099.0,1100.0,1100.0,1100.0,1100.0,1125.0,1149.9,1150.0,1198.99,1199.0,1199.95,1199.99,1200.0,1200.0,1200.0,1200.0,1200.0,1200.0,1220.0,1249.0,1250.0,1250.0,1262.0,1289.0,1299.99,1300.0
2026-09-11 18:01:25,Pokemon Ascended Heroes Pokemon Center ETB (Eng),single,298,320.39,325.39,341.75,360.0,370.4,392.93,396.96,320.39,325.39,341.75,370.39,385.39,395.39,401.5,413.1,413.73,422.19,425.19,425.39,426.19,437.19,451.19,451.19,451.19,455.38,457.18,461.5,463.72,467.42,467.69,472.19,472.5,472.99,476.47,497.19,507.19,509.54,295.0,299.0,300.0,345.0,350.0,360.0,370.0,375.0,380.0,399.99,400.0,415.0,418.0,419.0,429.99,430.0,440.0,444.0,444.0,444.0,449.95,449.99,449.99,450.0,450.0,450.0,465.0,480.0,489.99,490.0
2026-09-11 18:01:25,Pokemon Ascended Heroes Pokemon Center ETB (De),single,298,153.6,157.19,157.39,154.86,156.65,170.3,170.75,153.6,157.19,157.39,167.19,171.19,172.19,172.19,173.1,173.99,175.14,175.18,177.19,177.19,178.9,179.55,182.19,182.19,182.38,186.19,187.09,187.18,187.19,187.19,187.19,192.18,192.69,196.48,197.14,197.18,197.19,135.0,140.0,140.0,149.99,150.0,154.9,159.99,160.0,160.0,164.0,165.0,165.0,167.95,167.99,170.0,170.0,170.0,175.0,175.0,179.0,179.9,179.99,180.0,180.0,180.0,180.0,184.99,185.5,189.69,189.95
2026-09-11 18:01:25,Pokemon Ascended Heroes ETB (De),single,1444,110.19,112.19,117.08,109.98,109.32,117.17,116.51,110.19,112.19,117.08,117.18,117.18,117.19,117.19,117.19,117.19,117.19,117.19,117.19,117.19,117.19,119.14,120.09,120.14,120.19,121.09,121.19,121.19,122.14,122.16,122.18,122.19,122.19,122.19,122.19,122.19,122.19,103.0,105.0,109.89,109.99,109.99,110.0,110.0,110.0,110.0,110.0,110.0,110.0,110.0,110.0,111.95,112.9,112.95,113.0,113.9,114.0,114.0,114.95,114.97,115.0,115.0,115.0,115.0,115.0,115.0,115.0
2026-09-11 18:01:25,Pokemon Silver Tempest Booster Display (Eng),single,332,397.19,397.19,402.19,393.12,394.33,409.69,411.88,397.19,397.19,402.19,407.17,407.18,407.19,412.18,412.19,412.19,417.19,419.55,420.49,422.07,422.09,422.19,422.5,423.39,427.18,427.18,432.19,433.0,434.55,434.55,438.99,439.39,439.55,442.19,442.74,442.75,444.55,385.0,385.0,385.0,390.0,390.0,390.0,395.0,397.99,398.0,399.0,399.98,399.99,400.0,400.0,400.0,400.0,404.99,405.0,405.0,410.0,410.0,414.88,414.9,415.0,415.0,415.0,419.99,419.99,419.99,420.0
2026-09-11 18:01:25,Pokemon Lost Origin Booster Display (Eng),single,319,604.18,614.16,624.18,613.62,614.2,641.21,646.9,604.18,614.16,624.18,634.16,634.18,634.18,634.18,644.18,660.49,664.13,664.17,664.17,670.0,678.55,678.55,694.07,694.08,694.55,699.0,703.55,704.18,708.76,713.18,713.18,718.12,719.0,719.99,720.0,720.0,725.0,590.0,599.0,599.98,600.0,610.0,619.0,619.98,619.99,620.0,620.0,620.0,620.0,620.0,625.0,630.0,640.0,649.0,649.0,649.95,649.99,649.99,649.99,650.0,650.0,665.0,674.0,675.0,679.89,679.9,690.0
2026-09-11 18:01:25,Pokemon Chilling Reign Booster Display (Eng),single,171,357.19,394.39,405.18,408.37,409.39,424.82,425.6,357.19,394.39,405.18,417.5,422.19,422.5,425.39,431.5,437.09,437.18,444.55,447.19,447.19,447.45,447.5,449.55,457.19,464.55,466.42,469.55,469.55,469.55,471.85,498.39,503.72,507.14,507.19,507.19,510.4,518.55,350.0,369.0,395.0,397.99,400.0,400.0,409.0,415.0,424.95,425.0,425.0,429.9,429.99,430.0,439.99,440.0,440.0,445.0,449.0,450.0,450.0,450.0,450.0,450.0,479.0,499.0,499.0,499.9,499.95,500.0
2026-09-11 18:01:25,Pokemon Crown Zenith ETB (Eng),single,366,284.19,292.19,294.97,289.23,291.18,303.07,304.7,284.19,292.19,294.97,294.99,302.19,304.55,306.19,307.12,307.14,307.41,310.39,312.19,313.99,314.55,318.39,319.53,319.55,321.5,322.5,322.5,322.74,326.98,327.14,327.19,327.5,329.05,329.41,329.54,329.99,332.18,277.0,285.0,285.0,285.0,288.88,289.98,289.99,289.99,290.0,295.0,295.0,299.0,299.0,299.0,299.93,299.95,299.98,299.99,300.0,300.0,300.0,305.0,305.0,305.0,309.5,309.99,310.0,315.0,315.0,315.0
2026-09-12 06:01:24,Pokemon Destined Rivals Booster Display (Eng),single,1324,357.42,365.47,366.12,348.59,347.85,370.28,370.38,357.42,365.47,366.12,367.4,369.5,369.5,370.29,372.5,373.0,373.9,373.9,373.9,373.9,374.39,374.55,375.19,375.39,376.18,376.19,376.47,376.47,377.0,378.9,379.5,380.47,380.5,381.5,382.42,382.42,382.49,339.0,340.0,344.9,344.9,349.0,349.95,349.95,350.0,350.0,350.0,350.0,350.0,350.0,350.0,350.0,350.0,350.0,354.0,355.0,355.0,359.0,359.95,359.99,359.99,360.0,360.0,360.0,360.0,361.0,364.0
2026-09-12 06:01:24,Pokemon Destined Rivals Booster Display Case (Eng),case,174,2150.0,2241.45,2250.73,2179.25,2195.6,2268.65,2276.53,2150.0,2241.45,2250.73,2289.99,2292.45,2299.0,2300.0,2300.0,2310.22,2331.45,2350.0,2392.45,2400.0,2400.0,2400.0,2417.48,2478.89,2500.0,2517.48,2518.47,2553.4,2553.4,2597.8,2599.89,2602.4,2641.45,2642.45,2692.45,2761.16,2761.17,2050.0,2129.0,2189.99,2199.0,2199.0,2200.0,2200.0,2250.0,2250.0,2289.0,2300.0,2300.0,2300.0,2300.0,2350.0,2399.0,2400.0,2450.0,2450.0,2469.0,2499.0,2499.0,2499.89,2499.99,2500.0,2599.0,2600.0,2645.0,2650.0,2650.0
2026-09-12 06:01:24,Pokemon Black Bolt ETB (Eng),single,539,137.18,137.19,139.19,130.54,130.62,142.2,143.78,137.18,137.19,139.19,140.19,140.19,141.5,142.17,142.19,145.59,146.55,148.48,148.55,148.59,149.29,149.9,151.1,151.42,151.5,152.14,152.19,152.6,153.0,153.59,153.6,153.6,155.18,155.42,156.14,156.44,157.09,120.0,125.0,127.5,129.9,129.99,130.0,130.0,131.99,132.0,132.95,133.0,133.0,134.0,134.95,134.98,134.99,135.0,135.0,135.49,137.5,138.0,139.0,139.9,139.99,140.0,140.0,140.0,140.0,140.0,143.9
2026-09-12 06:01:24,Pokemon Ascended Heroes ETB (Eng),single,1444,166.42,166.42,167.19,151.47,152.89,169.6,170.69,166.42,166.42,167.19,167.19,167.42,169.42,170.74,171.5,171.69,171.69,172.18,172.42,173.55,176.19,176.37,176.37,176.42,176.99,177.39,178.55,179.5,179.55,179.89,180.0,180.5,181.5,182.07,182.18,182.37,182.41,149.0,149.0,149.9,149.9,150.0,150.0,151.0,152.0,154.0,154.99,155.0,155.0,157.5,158.0,158.0,159.0,159.0,159.0,159.0,159.99,160.0,160.0,160.0,160.0,160.0,160.0,162.99,164.5,164.5,164.94
2026-09-12 06:01:24,Pokemon Ascended Heroes ETB Case (Eng),case,139,1650.0,1657.45,1692.45,1638.72,1656.39,1691.79,1714.59,1650.0,1657.45,1692.45,1706.12,1711.12,1717.45,1732.45,1741.45,1745.0,1792.45,1811.17,1841.45,1842.45,1842.45,1845.0,1861.16,1867.45,1883.25,1892.45,1897.7,1900.0,1919.0,1947.8,1996.8,1999.89,2000.0,2000.0,2005.48,2018.47,2042.44,1550.0,1615.0,1644.95,1645.0,1649.95,1650.0,1675.0,1690.0,1699.0,1745.0,1750.0,1750.0,1799.0,1799.9,1799.99,1800.0,1800.0,1800.0,1800.0,1819.0,1825.0,1850.0,1850.0,1899.0,1900.0,1900.0,1949.99,1950.0,1987.0,1990.0
2026-09-12 06:01:24,Pokemon 30th Celebration ETB (Eng),single,866,176.98,177.93,178.55,166.72,168.36,181.22,181.29,176.98,177.93,178.55,180.89,181.49,181.59,181.66,181.7,181.7,182.19,182.39,182.45,182.89,182.99,183.99,185.98,186.42,187.35,187.9,190.4,192.4,192.49,193.5,194.94,201.9,204.9,204.98,214.4,219.5,232.74,159.0,159.89,159.98,160.0,164.9,169.0,169.93,169.94,169.99,169.99,172.98,174.9,174.95,174.98,175.0,175.0,175.0,175.0,175.0,176.6,176.8,176.8,179.95,181.65,185.0,189.99,189.99,195.95,196.98,199.95
2026-09-12 06:01:24,Pokemon 30th Celebration Booster Bundle (Eng),single,379,99.88,100.45,100.9,95.78,95.65,105.76,109.63,99.88,100.45,100.9,101.73,102.4,104.98,105.99,108.9,109.98,111.19,114.98,117.17,123.19,133.1,,,,,,,,,,,,,,,,,84.99,87.99,92.95,94.0,94.9,94.94,95.99,96.0,97.5,99.95,99.98,99.99,99.99,99.99,,,,,,,,,,,,,,,,
2026-09-12 06:01:24,Pokemon 30th Celebration Umbreon UPC (Eng),single,122,520.94,522.49,530.93,547.32,570.75,569.46,591.71,520.94,522.49,530.93,535.94,537.13,549.94,558.93,609.98,614.95,617.9,619.9,628.06,639.98,796.9,,,,,,,,,,,,,,,,,499.99,509.95,519.0,519.9,519.94,519.95,549.93,549.94,599.95,599.98,599.99,609.93,612.0,780.0,,,,,,,,,,,,,,,,
2026-09-12 06:01:24,Pokemon 30th Celebration Espeon UPC (Eng),single,154,479.98,484.99,485.42,498.59,532.54,516.86,551.41,479.98,484.99,485.42,498.19,509.5,519.54,522.49,529.94,530.9,538.93,589.99,614.95,618.06,796.9,,,,,,,,,,,,,,,,,468.0,468.99,469.0,470.0,489.95,499.9,499.99,499.99,529.93,529.94,549.99,599.93,599.95,780.0,,,,,,,,,,,,,,,,
2026-09-12 06:01:24,Pokemon 30th Celebration Mini Tin Display (Eng),single,66,299.9,302.45,304.98,323.72,327.89,338.49,342.04,299.9,302.45,304.98,309.0,316.42,319.5,320.99,368.9,379.9,388.19,396.9,397.4,,,,,,,,,,,,,,,,,,,289.99,294.95,297.0,299.0,299.89,299.95,299.99,359.95,360.0,374.0,379.98,380.0,,,,,,,,,,,,,,,,,,
2026-09-12 06:01:24,Pokemon Destined Rivals Booster Display (De),single,1324,122.1,262.19,266.19,268.37,258.46,277.62,269.01,122.1,262.19,266.19,270.0,277.19,277.19,281.19,282.18,282.19,284.85,285.19,286.14,286.19,286.19,286.19,287.09,288.38,291.18,292.18,292.38,296.19,297.09,297.18,297.19,297.19,297.19,302.18,304.19,304.85,304.89,89.0,247.0,255.0,259.0,268.99,270.0,270.0,274.0,274.99,275.0,278.0,278.95,279.0,279.0,279.0,279.88,279.9,279.9,283.99,284.99,289.0,289.9,289.99,289.99,290.0,290.0,290.0,294.99,297.0,298.0
2026-09-12 06:01:24,Pokemon Ascended Heroes Mini Tin Display (Eng),single,191,294.5,311.0,311.47,293.61,298.67,319.55,320.4,294.5,311.0,311.47,311.5,320.74,321.38,321.45,321.47,323.88,324.49,324.8,326.36,327.18,329.55,336.19,337.14,337.18,337.19,337.42,338.0,345.99,352.19,357.19,359.55,366.45,366.9,369.55,369.55,371.89,386.44,270.0,280.0,280.0,285.0,287.0,292.0,295.0,299.89,299.99,310.0,314.19,314.95,314.99,318.0,318.99,319.99,320.0,325.0,329.0,329.95,329.99,330.0,340.0,344.99,345.0,349.99,350.0,350.0,350.0,350.0
2026-09-12 06:01:24,Pokemon Ascended Heroes Booster Bundle Display (Eng),case,225,262.5,1040.0,1125.0,1012.5,976.0,1112.5,1064.65,262.5,1040.0,1125.0,1140.0,1145.0,1161.7,1186.6,1186.7,1199.0,1200.0,1200.0,1200.0,1200.0,1215.68,1236.69,1240.99,1294.89,1299.0,1299.95,1300.0,1300.0,1300.0,1300.0,1300.0,1320.0,1336.7,1336.7,1349.0,1350.0,1350.0,211.0,940.0,1025.0,1040.0,1045.0,1099.0,1100.0,1100.0,1100.0,1100.0,1125.0,1149.9,1150.0,1198.99,1199.0,1199.95,1199.99,1200.0,1200.0,1200.0,1200.0,1200.0,1200.0,1220.0,1249.0,1250.0,1250.0,1262.0,1289.0,1299.99
2026-09-12 06:01:24,Pokemon Ascended Heroes Pokemon Center ETB (Eng),single,298,320.39,325.39,341.75,343.75,357.13,375.04,383.92,320.39,325.39,341.75,345.39,347.42,370.39,385.39,395.39,401.5,413.1,413.73,422.19,425.19,425.39,426.19,437.19,439.55,451.19,451.19,451.19,455.38,457.18,459.55,461.5,463.72,467.42,467.69,472.19,472.5,472.99,295.0,299.0,300.0,320.0,330.0,345.0,350.0,360.0,370.0,375.0,380.0,399.99,400.0,415.0,418.0,419.0,420.0,429.99,430.0,440.0,440.0,444.0,444.0,444.0,449.95,449.99,449.99,450.0,450.0,450.0
2026-09-12 06:01:24,Pokemon Ascended Heroes Pokemon Center ETB (De),single,298,153.6,172.19,172.19,161.35,163.65,176.28,177.74,153.6,172.19,172.19,173.1,173.99,175.14,175.18,178.9,179.55,182.19,182.38,186.19,187.09,187.18,187.19,187.19,187.19,192.18,192.69,196.48,197.14,197.18,197.19,197.19,197.19,199.39,203.1,205.19,206.19,206.68,140.0,140.0,149.99,154.9,159.99,160.0,165.0,165.0,167.95,167.99,170.0,175.0,179.0,179.9,179.99,180.0,180.0,180.0,180.0,184.99,185.5,189.69,189.95,189.99,189.99,190.0,190.0,190.0,198.0,199.0
2026-09-12 06:01:24,Pokemon Ascended Heroes ETB (De),single,1444,110.18,110.19,111.19,107.96,107.98,115.15,115.17,110.18,110.19,111.19,112.19,112.19,116.99,117.08,117.18,117.18,117.19,117.19,117.19,117.19,117.19,117.19,117.19,117.19,117.19,117.19,117.19,120.09,120.14,120.19,121.09,121.19,121.19,122.14,122.16,122.18,122.19,102.99,103.0,104.0,105.0,105.0,109.8,109.89,109.99,109.99,110.0,110.0,110.0,110.0,110.0,110.0,110.0,110.0,110.0,110.0,110.0,112.9,112.95,113.0,113.9,114.0,114.0,114.95,114.97,115.0,115.0
2026-09-12 06:01:24,Pokemon Silver Tempest Booster Display (Eng),single,337,382.19,397.19,397.19,391.37,392.66,407.19,409.04,382.19,397.19,397.19,402.19,407.17,407.18,407.19,412.18,412.19,412.19,417.19,419.42,419.55,420.49,422.07,422.09,422.19,422.5,423.39,427.18,427.18,432.19,433.0,434.55,434.55,438.99,439.39,439.55,442.19,442.74,375.0,385.0,385.0,385.0,390.0,390.0,390.0,395.0,397.99,398.0,399.0,399.98,399.99,400.0,400.0,400.0,400.0,402.0,404.99,405.0,405.0,410.0,410.0,414.88,414.9,415.0,415.0,415.0,419.99,419.99
2026-09-12 06:01:24,Pokemon Lost Origin Booster Display (Eng),single,357,604.18,614.16,624.18,610.99,611.53,641.21,646.9,604.18,614.16,624.18,634.16,634.18,634.18,634.18,644.18,660.49,664.13,664.17,664.17,670.0,678.55,678.55,689.95,694.07,694.08,694.55,699.0,703.55,704.18,708.76,713.18,713.18,718.12,719.0,719.99,720.0,720.0,589.95,590.0,599.0,599.98,600.0,610.0,619.0,619.98,619.99,620.0,620.0,620.0,620.0,620.0,625.0,630.0,640.0,649.0,649.0,649.95,649.99,649.99,649.99,650.0,650.0,665.0,674.0,675.0,679.89,679.9
2026-09-12 06:01:24,Pokemon Chilling Reign Booster Display (Eng),single,171,357.19,394.39,405.18,408.37,410.39,424.82,425.74,357.19,394.39,405.18,417.5,422.19,422.5,425.39,431.5,437.09,437.18,444.55,447.19,447.19,447.45,449.55,457.19,464.55,466.42,469.55,469.55,469.55,471.85,498.39,503.72,507.14,507.19,507.19,510.4,518.55,521.5,350.0,369.0,395.0,397.99,400.0,400.0,409.0,415.0,424.95,425.0,429.9,429.99,430.0,439.99,440.0,440.0,445.0,449.0,450.0,450.0,450.0,450.0,450.0,479.0,499.0,499.0,499.9,499.95,500.0,500.0
2026-09-12 06:01:24,Pokemon Crown Zenith ETB (Eng),single,364,284.19,292.19,294.97,289.23,291.18,303.07,304.7,284.19,292.19,294.97,294.99,302.19,304.55,306.19,307.12,307.14,307.41,310.39,312.19,313.99,314.55,318.39,319.53,319.55,321.5,322.5,322.5,322.74,326.98,327.14,327.19,327.5,329.05,329.41,329.54,329.99,332.18,277.0,285.0,285.0,285.0,288.88,289.98,289.99,289.99,290.0,295.0,295.0,299.0,299.0,299.0,299.93,299.95,299.98,299.99,300.0,300.0,300.0,305.0,305.0,305.0,309.5,309.99,310.0,315.0,315.0,315.0
2026-09-12 18:01:26,Pokemon Destined Rivals Booster Display (Eng),single,1324,366.12,367.4,369.5,349.99,349.85,372.51,372.62,366.12,367.4,369.5,369.5,372.5,373.0,373.9,373.9,373.9,373.9,374.39,374.55,375.19,375.39,376.18,376.47,376.47,378.9,379.5,380.47,380.5,381.5,382.42,382.42,383.0,383.5,383.55,383.9,384.79,384.9,344.9,349.0,349.95,349.95,350.0,350.0,350.0,350.0,350.0,350.0,350.0,350.0,350.0,350.0,354.0,355.0,355.0,359.0,359.95,359.99,360.0,360.0,360.0,360.0,361.0,364.0,365.0,365.0,365.0,365.0
2026-09-12 18:01:26,Pokemon Destined Rivals Booster Display Case (Eng),case,174,2267.45,2310.22,2331.45,2284.75,2310.3,2346.03,2381.73,2267.45,2310.22,2331.45,2350.0,2392.45,2400.0,2400.0,2400.0,2478.89,2486.8,2500.0,2517.48,2518.47,2553.4,2553.4,2597.8,2599.89,2602.4,2641.45,2642.45,2692.45,2761.16,2761.17,2795.0,2800.0,2846.69,2849.0,2849.17,2900.0,2949.0,2225.0,2250.0,2289.0,2300.0,2300.0,2300.0,2300.0,2350.0,2389.0,2400.0,2450.0,2450.0,2469.0,2499.0,2499.0,2499.89,2499.99,2500.0,2599.0,2600.0,2645.0,2650.0,2650.0,2699.0,2699.99,2700.0,2700.0,2750.0,2788.0,2799.0
2026-09-12 18:01:26,Pokemon Black Bolt ETB (Eng),single,539,132.09,137.18,137.19,129.55,129.95,141.03,142.16,132.09,137.18,137.19,139.19,140.19,140.19,141.5,142.17,142.19,145.59,146.55,147.09,147.09,147.09,147.09,148.0,148.48,148.55,148.59,149.29,149.9,149.99,151.1,151.42,151.5,152.14,152.19,152.6,153.0,153.59,120.0,124.9,125.0,127.5,129.9,129.99,130.0,130.0,131.99,132.0,132.95,133.0,133.0,134.0,134.95,134.98,134.99,135.0,135.49,137.5,138.0,139.0,139.9,139.9,139.9,139.9,139.9,139.99,140.0,140.0
2026-09-12 18:01:26,Pokemon Ascended Heroes ETB (Eng),single,1444,165.19,166.42,166.42,152.85,154.25,169.81,171.5,165.19,166.42,166.42,167.19,167.42,170.18,171.5,171.69,171.69,172.42,176.19,176.37,176.37,176.42,176.99,177.39,178.55,179.5,179.55,179.89,180.5,181.5,182.07,182.18,182.37,182.41,182.42,182.5,182.5,182.99,149.0,149.0,149.9,149.9,150.0,150.0,154.99,155.0,155.0,158.0,158.0,158.0,159.0,159.0,159.0,159.0,159.99,160.0,160.0,160.0,160.0,160.0,162.0,162.99,162.99,164.5,164.5,164.94,164.95,164.95
2026-09-12 18:01:26,Pokemon Ascended Heroes ETB Case (Eng),case,139,1647.8,1650.0,1650.0,1573.74,1615.49,1660.61,1689.88,1647.8,1650.0,1650.0,1650.0,1692.45,1706.12,1711.12,1717.45,1732.45,1741.45,1745.0,1792.45,1811.17,1841.45,1842.45,1842.45,1845.0,1861.16,1867.45,1883.25,1892.45,1897.7,1900.0,1919.0,1947.8,1996.8,1999.89,2000.0,2000.0,2005.48,1550.0,1550.0,1550.0,1550.0,1644.95,1645.0,1649.95,1650.0,1675.0,1690.0,1699.0,1745.0,1750.0,1750.0,1799.0,1799.9,1799.99,1800.0,1800.0,1800.0,1800.0,1819.0,1825.0,1850.0,1850.0,1899.0,1900.0,1900.0,1949.99,1950.0
2026-09-12 18:01:26,Pokemon 30th Celebration ETB (Eng),single,981,177.93,178.24,181.49,170.84,171.36,182.09,182.91,177.93,178.24,181.49,181.5,181.59,181.66,182.19,182.45,182.89,182.99,183.99,185.98,186.42,186.98,187.35,190.4,192.4,192.95,193.5,194.94,201.9,204.9,204.98,214.4,232.74,232.74,237.32,,,,159.89,168.75,169.0,169.93,169.94,169.95,169.98,169.99,172.98,174.95,174.98,175.0,175.0,175.0,175.0,175.0,176.6,176.6,179.95,181.65,185.0,189.99,189.99,195.95,196.98,199.99,219.9,,,
2026-09-12 18:01:26,Pokemon 30th Celebration Booster Bundle (Eng),single,447,99.88,100.45,100.9,93.86,94.98,105.29,109.11,99.88,100.45,100.9,101.73,102.4,104.98,106.47,106.99,108.9,109.98,110.5,114.98,117.17,123.19,128.19,,,,,,,,,,,,,,,,84.99,88.99,89.99,89.99,92.95,93.51,94.94,95.99,96.0,97.5,99.95,99.98,99.99,99.99,99.99,,,,,,,,,,,,,,,
2026-09-12 18:01:26,Pokemon 30th Celebration Umbreon UPC (Eng),single,116,520.94,522.49,527.13,546.19,570.03,568.21,591.0,520.94,522.49,527.13,530.93,535.94,549.94,558.93,609.98,614.95,617.9,619.9,628.06,639.98,796.9,,,,,,,,,,,,,,,,,499.99,509.0,509.95,519.9,519.94,519.95,549.93,549.94,599.95,599.98,599.99,609.93,612.0,780.0,,,,,,,,,,,,,,,,
2026-09-12 18:01:26,Pokemon 30th Celebration Espeon UPC (Eng),single,150,479.98,484.99,485.42,493.59,529.68,511.87,548.56,479.98,484.99,485.42,489.95,498.19,509.5,519.54,522.49,530.9,538.93,589.99,614.95,618.06,796.9,,,,,,,,,,,,,,,,,468.0,468.99,469.0,470.0,489.94,489.95,499.9,499.99,499.99,529.94,549.99,599.93,599.95,780.0,,,,,,,,,,,,,,,,
2026-09-12 18:01:26,Pokemon 30th Celebration Mini Tin Display (Eng),single,64,299.9,302.45,304.98,315.72,322.14,329.86,336.29,299.9,302.45,304.98,308.9,309.0,312.42,315.99,319.5,379.9,388.19,396.9,397.4,,,,,,,,,,,,,,,,,,,284.99,294.95,295.0,297.0,299.89,299.95,299.95,299.99,360.0,374.0,379.98,380.0,,,,,,,,,,,,,,,,,,
2026-09-12 18:01:26,Pokemon Destined Rivals Booster Display (De),single,1324,270.0,282.19,286.14,279.34,279.3,287.94,288.72,270.0,282.19,286.14,286.19,286.19,286.19,287.09,288.38,291.18,292.17,292.18,292.38,296.19,297.09,297.18,297.19,297.19,297.19,302.18,304.19,304.85,304.89,305.19,305.19,305.54,305.98,306.18,306.19,306.19,306.19,247.0,268.99,275.0,278.95,279.0,279.0,279.0,279.88,279.9,283.99,284.98,284.99,289.0,289.9,289.99,289.99,290.0,290.0,290.0,294.99,297.0,298.0,298.99,299.0,299.0,299.0,299.0,299.0,299.0,299.9
2026-09-12 18:01:26,Pokemon Ascended Heroes Mini Tin Display (Eng),single,191,282.8,294.5,311.0,289.86,294.07,317.86,316.84,282.8,294.5,311.0,311.47,311.5,320.74,321.38,321.45,321.47,323.88,324.49,324.8,326.36,327.18,329.55,336.19,337.14,337.18,337.19,337.42,338.0,345.99,352.19,357.19,359.55,366.45,366.9,369.55,369.55,371.89,250.0,270.0,280.0,280.0,285.0,287.0,292.0,295.0,299.89,299.99,310.0,314.19,314.95,314.99,318.0,318.99,319.99,320.0,325.0,329.0,329.95,329.99,330.0,340.0,344.99,345.0,349.99,350.0,350.0,350.0
2026-09-12 18:01:26,Pokemon Ascended Heroes Booster Bundle Display (Eng),case,225,1075.0,1125.0,1140.0,1052.25,1070.9,1142.92,1160.57,1075.0,1125.0,1140.0,1145.0,1161.7,1186.6,1186.7,1186.7,1199.0,1200.0,1200.0,1200.0,1200.0,1236.69,1236.7,1240.99,1294.89,1299.0,1299.95,1300.0,1300.0,1300.0,1300.0,1300.0,1320.0,1336.7,1336.7,1349.0,1350.0,1350.0,975.0,1025.0,1040.0,1045.0,1099.0,1100.0,1100.0,1100.0,1100.0,1125.0,1149.9,1150.0,1150.0,1198.99,1199.0,1199.95,1199.99,1200.0,1200.0,1200.0,1200.0,1200.0,1200.0,1220.0,1249.0,1250.0,1250.0,1262.0,1289.0,1299.99
2026-09-12 18:01:26,Pokemon Ascended Heroes Pokemon Center ETB (Eng),single,298,320.39,325.39,341.75,351.12,359.8,385.02,389.08,320.39,325.39,341.75,366.42,370.39,385.39,395.39,401.5,406.19,413.1,413.73,422.19,423.73,425.19,425.39,437.19,439.55,451.19,451.19,451.19,455.38,457.18,459.55,461.5,463.72,467.42,467.69,472.19,472.5,472.99,295.0,299.0,300.0,345.0,349.0,350.0,360.0,360.0,370.0,375.0,380.0,399.0,399.99,400.0,415.0,418.0,420.0,429.99,430.0,440.0,440.0,444.0,444.0,444.0,449.95,449.99,449.99,450.0,450.0,450.0
2026-09-12 18:01:26,Pokemon Ascended Heroes Pokemon Center ETB (De),single,298,157.18,157.39,162.19,155.61,156.62,170.84,170.89,157.18,157.39,162.19,167.19,171.19,172.19,172.19,173.1,173.99,174.69,175.14,175.18,177.19,177.19,177.39,178.9,179.55,182.19,182.19,182.38,186.19,187.09,187.18,187.19,187.19,187.19,192.18,192.69,196.48,197.14,135.0,140.0,149.99,149.99,154.9,155.0,155.0,159.99,160.0,160.0,164.0,165.0,165.0,167.5,167.95,167.99,170.0,170.0,170.0,175.0,175.0,179.0,179.9,179.99,180.0,180.0,180.0,180.0,184.99,185.5
2026-09-12 18:01:26,Pokemon Ascended Heroes ETB (De),single,1444,112.18,112.19,116.99,109.96,109.31,117.15,116.5,112.18,112.19,116.99,117.08,117.18,117.18,117.19,117.19,117.19,117.19,117.19,117.19,117.19,117.19,117.19,117.19,117.19,117.19,120.09,120.14,120.19,121.09,121.19,121.19,122.14,122.16,122.18,122.19,122.19,122.19,104.99,105.0,109.8,109.89,109.99,109.99,110.0,110.0,110.0,110.0,110.0,110.0,110.0,110.0,110.0,110.0,110.0,110.0,112.9,112.95,113.0,113.9,114.0,114.0,114.95,114.97,115.0,115.0,115.0,115.0
2026-09-12 18:01:26,Pokemon Silver Tempest Booster Display (Eng),single,337,382.19,397.19,397.19,397.49,396.46,406.55,408.04,382.19,397.19,397.19,402.19,407.17,407.18,407.18,407.19,412.09,412.18,412.19,417.19,419.42,419.54,420.49,422.07,422.09,422.19,422.5,423.39,427.09,427.09,427.09,427.09,427.18,427.18,432.19,433.0,434.55,434.55,375.0,390.0,390.0,395.0,397.99,398.0,399.0,399.98,399.99,399.99,399.99,400.0,400.0,400.0,402.0,404.9,404.99,405.0,410.0,410.0,414.88,414.9,415.0,415.0,415.0,419.9,419.9,419.9,419.9,419.99
2026-09-12 18:01:26,Pokemon Lost Origin Booster Display (Eng),single,357,614.16,624.18,634.16,616.12,617.53,646.2,650.89,614.16,624.18,634.16,634.18,634.18,634.18,644.18,660.49,664.08,664.13,664.17,664.17,670.0,678.55,678.55,694.07,694.08,694.55,699.0,703.55,704.08,704.18,713.18,713.18,718.12,719.0,719.99,720.0,720.0,725.0,599.0,599.98,600.0,610.0,619.0,619.98,619.99,620.0,620.0,620.0,620.0,620.0,625.0,630.0,640.0,649.0,649.0,649.9,649.95,649.99,649.99,649.99,650.0,650.0,665.0,674.0,679.89,679.9,689.9,690.0
2026-09-12 18:01:26,Pokemon Chilling Reign Booster Display (Eng),single,171,357.19,405.18,417.5,413.35,415.45,430.36,430.26,357.19,405.18,417.5,422.5,425.39,427.18,431.5,437.09,437.18,444.55,447.19,447.19,447.45,449.55,457.19,464.55,466.42,469.55,469.55,469.55,471.85,503.72,507.14,507.19,507.19,510.4,518.55,521.5,563.73,574.16,350.0,395.0,397.99,400.0,400.0,409.0,419.99,424.95,425.0,429.9,429.99,430.0,439.99,440.0,440.0,445.0,449.0,450.0,450.0,450.0,450.0,450.0,499.0,499.0,499.9,499.95,500.0,500.0,500.0,529.0
2026-09-12 18:01:26,Pokemon Crown Zenith ETB (Eng),single,364,284.19,287.09,292.19,288.61,290.51,302.72,304.17,284.19,287.09,292.19,294.99,302.19,304.55,306.19,307.12,307.14,307.41,310.39,312.19,313.99,314.55,318.39,319.53,319.55,321.5,322.5,322.5,322.74,326.98,327.14,327.19,327.5,329.05,329.41,329.54,329.99,332.18,277.0,279.9,285.0,285.0,285.0,288.88,289.99,289.99,290.0,295.0,295.0,299.0,299.0,299.0,299.93,299.95,299.98,299.99,300.0,300.0,300.0,305.0,305.0,305.0,309.5,309.99,310.0,315.0,315.0,315.0
2026-09-13 06:01:27,Pokemon Destined Rivals Booster Display (Eng),single,1297,365.47,366.12,367.4,349.86,348.85,370.89,371.38,365.47,366.12,367.4,367.42,369.5,369.5,372.5,373.0,373.9,373.9,373.9,373.9,374.39,374.55,375.19,375.39,376.18,376.47,376.47,376.47,378.9,379.5,380.47,380.5,381.5,382.42,382.42,382.49,383.0,383.5,339.0,344.9,349.0,349.95,349.95,350.0,350.0,350.0,350.0,350.0,350.0,350.0,350.0,350.0,350.0,350.0,350.0,354.0,355.0,355.0,359.0,359.95,359.99,359.99,360.0,360.0,360.0,360.0,361.0,364.0
2026-09-13 06:01:27,Pokemon Destined Rivals Booster Display Case (Eng),case,168,2150.0,2241.45,2250.73,2179.25,2193.1,2262.4,2274.03,2150.0,2241.45,2250.73,2267.45,2289.99,2299.0,2300.0,2300.0,2310.22,2331.45,2350.0,2392.45,2400.0,2400.0,2400.0,2417.48,2478.89,2486.8,2500.0,2517.48,2518.47,2553.4,2553.4,2597.8,2599.89,2602.4,2641.45,2642.45,2692.45,2761.16,2050.0,2129.0,2189.99,2199.0,2199.0,2200.0,2200.0,2225.0,2250.0,2289.0,2300.0,2300.0,2300.0,2300.0,2350.0,2389.0,2399.0,2400.0,2450.0,2450.0,2469.0,2499.0,2499.0,2499.89,2499.99,2500.0,2599.0,2600.0,2645.0,2650.0
2026-09-13 06:01:27,Pokemon Black Bolt ETB (Eng),single,520,136.19,137.19,139.19,130.54,130.72,142.38,143.32,136.19,137.19,139.19,140.19,140.19,141.5,142.17,142.19,146.55,147.09,147.09,147.09,147.09,148.0,148.09,148.48,148.55,148.59,149.29,149.9,149.99,151.1,151.42,151.5,152.14,152.19,152.6,153.0,153.59,153.6,120.0,125.0,127.5,129.0,129.9,130.0,130.0,132.0,132.95,133.0,133.0,134.0,134.49,134.95,134.98,134.99,135.0,135.49,137.5,138.0,139.0,139.9,139.9,139.9,139.9,139.9,139.99,140.0,140.0,140.0
2026-09-13 06:01:27,Pokemon Ascended Heroes ETB (Eng),single,1444,166.42,166.42,167.19,153.35,154.59,171.29,172.45,166.42,166.42,167.19,167.42,170.18,171.69,171.69,172.42,173.55,176.19,176.37,176.37,176.42,176.99,177.39,178.55,179.5,179.55,179.89,180.5,181.5,182.07,182.18,182.37,182.41,182.42,182.5,182.5,182.99,184.47,149.0,149.0,149.9,149.9,150.0,154.0,154.99,155.0,155.0,158.0,158.0,159.0,159.0,159.0,159.0,159.99,160.0,160.0,160.0,160.0,160.0,162.0,162.99,162.99,164.5,164.5,164.94,164.95,164.95,164.99
2026-09-13 06:01:27,Pokemon Ascended Heroes ETB Case (Eng),case,139,1647.8,1650.0,1650.0,1573.74,1615.49,1660.61,1689.88,1647.8,1650.0,1650.0,1650.0,1692.45,1706.12,1711.12,1717.45,1732.45,1741.45,1745.0,1792.45,1811.17,1833.25,1841.45,1842.45,1842.45,1845.0,1861.16,1867.45,1883.25,1892.45,1897.7,1900.0,1919.0,1947.8,1996.8,1999.89,2000.0,2000.0,1550.0,1550.0,1550.0,1550.0,1644.95,1645.0,1649.95,1650.0,1675.0,1690.0,1699.0,1745.0,1750.0,1750.0,1750.0,1799.0,1799.9,1799.99,1800.0,1800.0,1800.0,1800.0,1819.0,1825.0,1850.0,1850.0,1899.0,1900.0,1900.0,1949.99
2026-09-13 06:01:27,Pokemon 30th Celebration ETB (Eng),single,981,177.93,178.24,181.49,170.84,171.36,182.03,183.1,177.93,178.24,181.49,181.5,181.59,181.66,182.19,182.39,182.45,182.99,183.99,185.98,186.42,187.35,190.4,192.4,192.49,192.95,194.94,201.9,204.9,204.98,214.4,232.74,232.74,237.32,,,,,160.0,168.75,169.0,169.93,169.94,169.95,169.99,169.99,172.98,174.95,174.98,175.0,175.0,175.0,175.0,176.6,176.6,179.95,181.65,185.0,189.99,189.99,195.95,196.98,199.99,219.9,,,,
2026-09-13 06:01:27,Pokemon 30th Celebration Booster Bundle (Eng),single,447,99.88,100.45,100.9,96.35,96.21,105.73,108.19,99.88,100.45,100.9,101.73,102.4,104.98,106.47,108.9,109.98,110.5,114.98,117.17,128.19,,,,,,,,,,,,,,,,,,89.99,89.99,92.95,93.51,94.94,95.99,96.0,97.5,99.95,99.98,99.99,99.99,99.99,,,,,,,,,,,,,,,,,
2026-09-13 06:01:27,Pokemon 30th Celebration Umbreon UPC (Eng),single,116,520.94,522.49,527.13,557.44,571.71,579.33,591.92,520.94,522.49,527.13,535.94,549.94,558.93,609.98,614.95,617.9,619.9,628.06,796.9,,,,,,,,,,,,,,,,,,,499.99,509.0,509.95,519.9,519.95,549.93,549.94,599.95,599.99,609.93,612.0,780.0,,,,,,,,,,,,,,,,,,
2026-09-13 06:01:27,Pokemon 30th Celebration Espeon UPC (Eng),single,150,479.98,484.99,485.42,493.59,528.25,510.74,544.27,479.98,484.99,485.42,489.95,498.19,509.5,519.54,522.49,529.94,530.9,538.93,614.95,618.06,796.9,,,,,,,,,,,,,,,,,468.0,468.99,469.0,470.0,489.94,489.95,499.9,499.99,499.99,529.93,529.94,599.93,599.95,780.0,,,,,,,,,,,,,,,,
2026-09-13 06:01:27,Pokemon 30th Celebration Mini Tin Display (Eng),single,64,299.9,302.45,304.98,326.34,325.52,339.97,338.14,299.9,302.45,304.98,308.9,309.0,312.42,319.5,379.9,388.19,396.9,397.4,,,,,,,,,,,,,,,,,,,,294.95,295.0,297.0,299.89,299.95,299.95,299.99,360.0,374.0,379.98,380.0,,,,,,,,,,,,,,,,,,,
2026-09-13 06:01:27,Pokemon Destined Rivals Booster Display (De),single,1297,262.19,270.0,277.19,273.74,272.58,282.01,281.49,262.19,270.0,277.19,277.19,281.19,282.18,282.19,284.85,285.19,286.14,286.19,286.19,286.19,287.09,288.38,291.18,292.17,292.18,292.38,296.19,297.09,297.18,297.19,297.19,297.19,302.18,304.19,304.85,304.89,305.19,247.0,255.0,268.99,270.0,270.0,274.0,274.99,275.0,278.0,278.95,279.0,279.0,279.0,279.88,279.9,279.9,283.99,284.98,284.99,289.0,289.9,289.99,289.99,290.0,290.0,290.0,294.99,297.0,298.0,298.99
2026-09-13 06:01:27,Pokemon Ascended Heroes Mini Tin Display (Eng),single,191,282.8,307.19,311.0,292.36,296.07,317.86,317.68,282.8,307.19,311.0,311.47,311.5,320.74,321.38,321.45,321.47,323.88,324.49,324.8,326.36,327.18,329.55,336.19,337.14,337.18,337.19,337.42,338.0,345.99,352.19,359.55,366.45,366.9,369.55,369.55,371.89,386.44,250.0,280.0,280.0,285.0,287.0,292.0,295.0,299.89,299.99,300.0,310.0,314.19,314.95,314.99,318.0,318.99,319.99,320.0,325.0,329.0,329.95,329.99,330.0,340.0,344.99,345.0,349.99,350.0,350.0,350.0
2026-09-13 06:01:27,Pokemon Ascended Heroes Booster Bundle Display (Eng),case,225,1075.0,1125.0,1140.0,1052.25,1070.9,1142.92,1160.57,1075.0,1125.0,1140.0,1145.0,1161.7,1186.6,1186.7,1186.7,1199.0,1200.0,1200.0,1200.0,1200.0,1236.69,1236.7,1240.99,1294.89,1299.0,1299.95,1300.0,1300.0,1300.0,1300.0,1300.0,1320.0,1336.7,1336.7,1349.0,1350.0,1350.0,975.0,1025.0,1040.0,1045.0,1099.0,1100.0,1100.0,1100.0,1100.0,1125.0,1149.9,1150.0,1150.0,1198.99,1199.0,1199.95,1199.99,1200.0,1200.0,1200.0,1200.0,1200.0,1200.0,1220.0,1249.0,1250.0,1250.0,1262.0,1289.0,1299.99
2026-09-13 06:01:27,Pokemon Ascended Heroes Pokemon Center ETB (Eng),single,298,325.39,341.75,370.39,367.38,372.73,400.99,401.74,325.39,341.75,370.39,385.39,395.39,401.5,406.19,413.1,413.73,422.19,423.73,425.19,425.39,437.19,439.55,451.19,451.19,451.19,455.38,457.18,459.55,461.5,463.72,467.42,467.69,472.19,472.5,472.99,476.47,497.19,299.0,300.0,345.0,350.0,360.0,360.0,370.0,375.0,380.0,399.0,399.99,400.0,415.0,418.0,420.0,429.99,430.0,440.0,440.0,444.0,444.0,444.0,449.95,449.99,449.99,450.0,450.0,450.0,465.0,480.0
2026-09-13 06:01:27,Pokemon Ascended Heroes Pokemon Center ETB (De),single,298,153.6,157.19,157.39,153.11,154.99,169.12,169.54,153.6,157.19,157.39,162.19,167.19,172.19,172.19,173.1,173.99,174.68,174.69,175.14,175.18,177.18,177.19,177.19,177.39,178.9,179.55,182.18,182.19,182.19,182.38,186.19,187.09,187.19,187.19,187.19,192.19,192.69,135.0,140.0,140.0,149.99,150.0,154.9,155.0,155.0,159.99,160.0,160.0,165.0,165.0,167.49,167.5,167.95,167.99,169.99,170.0,170.0,170.0,174.99,175.0,175.0,179.0,179.9,180.0,180.0,180.0,180.0
2026-09-13 06:01:27,Pokemon Ascended Heroes ETB (De),single,1444,111.18,111.19,112.19,109.33,108.84,116.52,116.03,111.18,111.19,112.19,116.99,117.08,117.18,117.18,117.19,117.19,117.19,117.19,117.19,117.19,117.19,117.19,117.19,117.19,117.19,120.09,120.14,120.19,121.09,121.19,121.19,122.14,122.16,122.18,122.19,122.19,122.19,103.99,104.0,105.0,109.8,109.89,109.99,109.99,110.0,110.0,110.0,110.0,110.0,110.0,110.0,110.0,110.0,110.0,110.0,112.9,112.95,113.0,113.9,114.0,114.0,114.95,114.97,115.0,115.0,115.0,115.0
2026-09-13 06:01:27,Pokemon Silver Tempest Booster Display (Eng),single,334,382.19,397.19,397.19,396.25,395.66,406.55,408.04,382.19,397.19,397.19,402.19,407.17,407.18,407.18,407.19,412.09,412.18,412.19,417.19,419.42,419.54,420.49,422.07,422.09,422.19,422.5,423.39,427.09,427.09,427.09,427.09,427.18,427.18,432.19,433.0,434.55,434.55,375.0,390.0,390.0,390.0,395.0,397.99,398.0,399.0,399.98,399.99,399.99,399.99,400.0,400.0,400.0,402.0,404.9,404.99,405.0,410.0,410.0,414.88,414.9,415.0,415.0,415.0,419.9,419.9,419.9,419.9
2026-09-13 06:01:27,Pokemon Lost Origin Booster Display (Eng),single,350,614.16,624.18,634.16,613.62,614.19,646.2,650.89,614.16,624.18,634.16,634.18,634.18,634.18,644.18,660.49,664.08,664.13,664.17,664.17,670.0,678.55,678.55,689.95,694.07,694.08,694.55,699.0,703.55,704.08,704.18,713.18,713.18,718.12,719.0,719.99,720.0,720.0,589.95,599.0,599.98,600.0,610.0,619.0,619.98,619.99,620.0,620.0,620.0,620.0,620.0,625.0,630.0,640.0,649.0,649.0,649.9,649.95,649.99,649.99,649.99,650.0,650.0,665.0,674.0,679.89,679.9,689.9
2026-09-13 06:01:27,Pokemon Chilling Reign Booster Display (Eng),single,166,357.19,394.39,402.18,408.62,410.52,425.06,425.87,357.19,394.39,402.18,417.5,422.5,425.39,427.18,431.5,437.09,437.18,444.55,447.19,447.19,447.45,449.55,457.19,464.55,466.42,469.55,469.55,469.55,471.85,503.72,507.14,507.19,507.19,510.4,518.55,521.5,563.73,350.0,369.0,394.99,395.0,400.0,400.0,409.0,419.99,424.95,425.0,429.9,429.99,430.0,439.99,440.0,440.0,445.0,449.0,450.0,450.0,450.0,450.0,450.0,499.0,499.0,499.9,499.95,500.0,500.0,500.0
2026-09-13 06:01:27,Pokemon Crown Zenith ETB (Eng),single,354,284.19,287.09,292.19,288.61,290.51,302.72,304.09,284.19,287.09,292.19,294.99,302.19,304.55,306.19,307.12,307.14,307.41,310.39,312.19,313.99,314.55,317.14,318.39,319.53,319.55,321.5,322.5,322.5,322.74,326.98,327.14,327.19,327.5,329.05,329.41,329.54,329.99,277.0,279.9,285.0,285.0,285.0,288.88,289.99,289.99,290.0,295.0,295.0,299.0,299.0,299.0,299.93,299.95,299.98,299.99,300.0,300.0,300.0,305.0,305.0,305.0,309.5,309.95,309.99,310.0,315.0,315.0
2026-09-13 18:01:29,Pokemon Destined Rivals Booster Display (Eng),single,1297,367.4,369.5,370.29,349.87,349.58,373.22,373.42,367.4,369.5,370.29,372.5,373.0,373.9,373.9,373.9,373.9,374.39,374.55,375.19,376.18,376.19,376.47,376.47,376.47,378.9,380.5,381.5,382.42,382.42,382.49,382.9,383.5,383.55,383.9,384.79,384.9,386.06,344.9,344.9,349.0,349.95,350.0,350.0,350.0,350.0,350.0,350.0,350.0,350.0,350.0,350.0,355.0,355.0,359.0,359.0,359.99,360.0,360.0,360.0,361.0,364.0,365.0,365.0,365.0,365.0,365.0,365.0
2026-09-13 18:01:29,Pokemon Destined Rivals Booster Display Case (Eng),case,168,2150.0,2241.45,2289.99,2197.0,2227.7,2282.61,2306.46,2150.0,2241.45,2289.99,2299.0,2300.0,2310.22,2331.45,2350.0,2392.45,2400.0,2400.0,2400.0,2400.0,2417.48,2478.89,2486.8,2500.0,2517.48,2518.47,2553.4,2553.4,2597.8,2599.89,2602.4,2641.45,2642.45,2692.45,2761.16,2761.17,2795.0,2050.0,2189.99,2199.0,2199.0,2200.0,2250.0,2289.0,2300.0,2300.0,2300.0,2300.0,2300.0,2350.0,2389.0,2399.0,2400.0,2450.0,2450.0,2469.0,2499.0,2499.0,2499.89,2499.99,2500.0,2599.0,2600.0,2645.0,2650.0,2650.0,2699.0
2026-09-13 18:01:29,Pokemon Black Bolt ETB (Eng),single,520,132.09,136.19,137.18,129.17,129.72,139.97,141.53,132.09,136.19,137.18,137.19,139.19,140.19,140.19,141.5,142.17,142.19,146.55,147.09,147.09,147.09,147.09,148.0,148.09,148.48,148.55,148.59,149.29,149.9,151.1,151.42,151.5,152.14,152.19,152.6,153.0,153.59,120.0,124.9,125.0,127.5,129.0,129.9,129.99,130.0,130.0,132.0,132.95,133.0,133.0,134.0,134.49,134.95,134.98,134.99,135.0,135.49,137.5,138.0,139.0,139.9,139.9,139.9,139.9,139.9,139.99,140.0
2026-09-13 18:01:29,Pokemon Ascended Heroes ETB (Eng),single,1419,163.6,165.19,166.42,151.85,153.12,168.53,170.13,163.6,165.19,166.42,166.42,167.19,167.19,167.42,170.18,171.69,171.69,172.42,173.55,176.19,176.37,176.37,176.42,176.5,176.99,177.39,178.55,179.5,179.89,180.5,181.5,182.07,182.18,182.37,182.41,182.42,182.5,149.0,149.0,149.9,149.9,150.0,150.0,151.0,154.0,154.99,155.0,155.0,155.0,158.0,158.0,158.0,159.0,159.0,159.0,159.0,159.99,160.0,160.0,160.0,160.0,160.0,162.99,162.99,164.5,164.5,164.94
2026-09-13 18:01:29,Pokemon Ascended Heroes ETB Case (Eng),case,144,1647.8,1650.0,1650.0,1568.75,1610.49,1654.36,1684.88,1647.8,1650.0,1650.0,1650.0,1667.45,1692.45,1706.12,1711.12,1732.45,1741.45,1745.0,1792.45,1811.17,1833.25,1841.45,1842.45,1842.45,1845.0,1861.16,1867.45,1883.25,1892.45,1897.7,1900.0,1919.0,1947.8,1996.8,1999.89,2000.0,2000.0,1550.0,1550.0,1550.0,1550.0,1625.0,1644.95,1645.0,1649.95,1650.0,1690.0,1699.0,1745.0,1750.0,1750.0,1750.0,1799.0,1799.9,1799.99,1800.0,1800.0,1800.0,1800.0,1819.0,1825.0,1850.0,1850.0,1899.0,1900.0,1900.0,1949.99
2026-09-13 18:01:29,Pokemon 30th Celebration ETB (Eng),single,981,177.93,178.24,180.68,170.84,171.35,181.41,181.72,177.93,178.24,180.68,180.7,181.45,181.49,181.5,181.59,181.66,182.19,182.45,182.89,182.99,183.99,185.98,186.98,187.35,190.4,192.4,192.49,192.95,193.5,194.94,201.9,204.9,204.98,214.4,232.74,232.74,237.32,159.89,168.75,169.93,169.94,169.95,169.98,169.99,169.99,172.98,173.95,174.95,174.98,175.0,175.0,175.0,175.0,175.0,175.8,176.6,176.6,179.95,180.67,181.65,185.0,189.99,189.99,195.95,196.98,199.99,219.9
2026-09-13 18:01:29,Pokemon 30th Celebration Booster Bundle (Eng),single,447,99.88,100.45,100.9,93.86,94.63,105.29,108.7,99.88,100.45,100.9,101.73,102.4,104.98,106.47,106.99,108.9,109.98,110.5,117.17,123.19,128.19,,,,,,,,,,,,,,,,,84.99,88.99,89.99,89.99,92.95,93.51,94.94,95.99,96.0,97.5,99.95,99.98,99.99,99.99,,,,,,,,,,,,,,,,
2026-09-13 18:01:29,Pokemon 30th Celebration Umbreon UPC (Eng),single,116,520.94,527.13,535.94,568.7,580.04,591.95,601.71,520.94,527.13,535.94,549.94,558.93,609.98,614.95,617.9,619.9,628.06,639.98,796.9,,,,,,,,,,,,,,,,,,,509.0,509.95,519.9,519.95,549.93,549.94,599.95,599.98,599.99,609.93,612.0,780.0,,,,,,,,,,,,,,,,,,
2026-09-13 18:01:29,Pokemon 30th Celebration Espeon UPC (Eng),single,150,479.49,479.98,484.99,485.97,525.6,505.12,543.95,479.49,479.98,484.99,485.42,489.95,498.19,509.5,519.54,522.49,530.9,538.93,589.99,614.95,618.06,796.9,,,,,,,,,,,,,,,,468.0,468.5,468.99,469.0,470.0,489.94,489.95,499.9,499.99,499.99,529.94,549.99,599.93,599.95,780.0,,,,,,,,,,,,,,,
2026-09-13 18:01:29,Pokemon 30th Celebration Mini Tin Display (Eng),single,64,299.9,301.45,304.98,315.72,322.06,329.86,336.21,299.9,301.45,304.98,308.9,309.0,312.42,315.99,319.5,379.9,388.19,396.9,397.4,,,,,,,,,,,,,,,,,,,284.99,293.95,295.0,297.0,299.89,299.95,299.95,299.99,360.0,374.0,379.98,380.0,,,,,,,,,,,,,,,,,,
2026-09-13 18:01:29,Pokemon Destined Rivals Booster Display (De),single,1297,270.0,277.19,277.19,274.99,274.24,283.14,283.42,270.0,277.19,277.19,281.19,282.18,282.19,284.85,285.19,286.14,286.19,286.19,286.19,287.09,288.38,291.18,292.17,292.18,292.38,296.19,297.09,297.18,297.19,297.19,297.19,302.18,304.19,304.85,304.89,305.19,305.19,247.0,268.99,270.0,270.0,274.0,274.99,275.0,278.0,278.95,279.0,279.0,279.0,279.88,279.9,279.9,283.99,284.98,284.99,289.0,289.9,289.99,289.99,290.0,290.0,290.0,294.99,297.0,298.0,298.99,299.0
2026-09-13 18:01:29,Pokemon Ascended Heroes Mini Tin Display (Eng),single,190,282.8,284.5,307.19,289.86,291.87,315.24,314.01,282.8,284.5,307.19,311.0,311.47,311.5,317.19,320.74,321.38,321.45,321.47,323.88,324.49,324.8,326.36,327.18,329.55,336.19,337.14,337.18,337.19,337.42,338.0,345.99,352.19,359.55,366.45,366.9,369.55,369.55,250.0,260.0,280.0,280.0,285.0,287.0,292.0,295.0,299.89,299.99,300.0,310.0,310.0,314.19,314.95,314.99,318.0,318.99,319.99,320.0,325.0,329.0,329.95,329.99,330.0,340.0,344.99,345.0,349.99,350.0
2026-09-13 18:01:29,Pokemon Ascended Heroes Booster Bundle Display (Eng),case,245,1086.7,1086.7,1125.0,1046.25,1070.9,1124.17,1154.24,1086.7,1086.7,1125.0,1140.0,1145.0,1186.6,1186.7,1186.7,1199.0,1200.0,1200.0,1200.0,1200.0,1236.69,1236.7,1240.99,1294.89,1299.0,1299.95,1300.0,1300.0,1300.0,1300.0,1300.0,1320.0,1336.7,1336.7,1349.0,1350.0,1350.0,1025.0,1040.0,1045.0,1050.0,1050.0,1099.0,1100.0,1100.0,1100.0,1100.0,1149.9,1150.0,1150.0,1198.99,1199.0,1199.95,1199.99,1200.0,1200.0,1200.0,1200.0,1200.0,1200.0,1220.0,1249.0,1250.0,1250.0,1262.0,1289.0,1299.99
2026-09-13 18:01:29,Pokemon Ascended Heroes Pokemon Center ETB (Eng),single,303,320.39,325.39,341.75,351.88,362.73,387.81,392.13,320.39,325.39,341.75,370.39,380.39,385.39,391.5,406.19,413.1,413.73,422.19,423.73,425.19,425.39,437.19,439.55,451.19,451.19,451.19,455.38,457.18,459.55,461.5,463.72,467.42,467.69,469.53,472.19,472.5,472.99,295.0,299.0,300.0,345.0,350.0,355.0,360.0,360.0,370.0,375.0,399.0,399.99,400.0,415.0,418.0,420.0,429.99,430.0,440.0,440.0,444.0,444.0,444.0,449.95,449.98,449.99,449.99,450.0,450.0,450.0
2026-09-13 18:01:29,Pokemon Ascended Heroes Pokemon Center ETB (De),single,303,157.19,157.39,162.19,156.05,156.85,171.28,171.08,157.19,157.39,162.19,170.69,171.19,172.19,172.19,173.1,173.99,174.68,175.14,175.18,176.69,177.18,177.19,177.19,177.39,178.9,179.55,182.18,182.19,182.19,182.38,186.19,187.09,187.19,187.19,187.19,189.39,192.19,135.0,140.0,149.99,150.0,154.9,155.0,155.0,159.99,160.0,163.5,164.0,165.0,165.0,167.49,167.95,167.99,169.5,169.99,170.0,170.0,170.0,170.0,174.99,175.0,175.0,179.0,179.9,180.0,180.0,180.0
2026-09-13 18:01:29,Pokemon Ascended Heroes ETB (De),single,1419,107.19,111.69,112.16,107.95,107.88,115.15,115.07,107.19,111.69,112.16,112.19,112.19,116.19,116.99,117.08,117.18,117.18,117.19,117.19,117.19,117.19,117.19,117.19,117.19,117.19,117.19,117.19,120.08,120.09,120.14,121.09,121.19,121.19,122.14,122.19,122.19,122.19,100.0,104.5,104.97,105.0,105.0,109.0,109.8,109.89,109.99,109.99,110.0,110.0,110.0,110.0,110.0,110.0,110.0,110.0,110.0,110.0,112.9,112.95,113.89,113.9,114.0,114.0,114.95,115.0,115.0,115.0
2026-09-13 18:01:29,Pokemon Silver Tempest Booster Display (Eng),single,334,382.19,402.18,402.19,398.12,396.8,409.68,410.86,382.19,402.18,402.19,407.17,407.19,407.19,412.09,412.19,412.19,417.19,419.42,419.54,419.55,420.49,422.07,422.19,422.5,423.39,427.09,427.09,427.09,427.09,427.18,427.18,432.19,433.0,434.55,434.55,437.19,438.99,375.0,390.0,394.99,395.0,397.99,398.0,399.0,399.98,399.99,400.0,400.0,400.0,400.0,400.0,402.0,404.9,405.0,405.0,410.0,410.0,414.88,415.0,415.0,415.0,419.5,419.9,419.9,419.9,419.9,419.99
2026-09-13 18:01:29,Pokemon Lost Origin Booster Display (Eng),single,350,614.16,634.16,634.18,614.87,618.13,653.7,657.28,614.16,634.16,634.18,634.18,644.18,660.49,664.08,664.13,664.17,664.17,664.18,670.0,678.55,678.55,689.95,694.07,694.08,694.55,699.0,703.55,704.08,704.18,713.18,713.18,718.12,719.0,719.99,720.0,720.0,725.0,589.95,599.0,599.98,600.0,619.0,619.98,619.99,620.0,620.0,620.0,620.0,625.0,630.0,640.0,649.0,649.0,649.9,649.95,649.99,649.99,649.99,650.0,650.0,650.0,665.0,674.0,679.89,679.9,689.9,690.0
2026-09-13 18:01:29,Pokemon Chilling Reign Booster Display (Eng),single,166,357.19,394.39,402.18,407.98,408.51,423.8,423.69,357.19,394.39,402.18,417.5,422.5,425.39,427.09,427.18,431.5,437.09,437.18,437.19,444.55,447.19,447.19,447.45,449.55,457.19,464.55,466.42,469.55,469.55,469.55,471.85,503.72,507.14,507.19,507.19,510.4,518.55,350.0,369.0,394.99,395.0,400.0,400.0,409.0,419.9,419.99,424.95,425.0,429.9,429.99,430.0,430.0,439.99,440.0,440.0,445.0,449.0,450.0,450.0,450.0,450.0,450.0,499.0,499.0,499.9,499.95,500.0
2026-09-13 18:01:29,Pokemon Crown Zenith ETB (Eng),single,354,287.09,292.19,294.99,289.23,291.05,302.72,304.62,287.09,292.19,294.99,297.18,299.55,302.19,306.19,307.12,307.14,307.41,310.39,312.19,313.99,314.55,317.14,318.39,319.53,319.55,321.5,322.5,322.5,322.74,326.98,327.14,327.19,327.5,329.05,329.41,329.54,329.99,279.9,280.0,285.0,285.0,288.88,289.99,289.99,289.99,290.0,295.0,295.0,299.0,299.0,299.0,299.93,299.95,299.98,299.99,300.0,300.0,300.0,305.0,305.0,305.0,309.5,309.95,309.99,310.0,315.0,315.0
2026-09-14 06:01:28,Pokemon Destined Rivals Booster Display (Eng),single,1297,357.42,359.5,367.4,348.47,347.62,371.67,370.79,357.42,359.5,367.4,369.5,370.29,372.5,372.9,373.0,373.9,373.9,373.9,373.9,374.39,374.55,374.79,375.19,376.18,376.19,376.47,376.47,380.5,381.5,382.42,382.49,383.5,383.55,383.9,384.9,386.06,386.07,336.5,340.0,344.9,344.9,349.0,349.0,349.95,350.0,350.0,350.0,350.0,350.0,350.0,350.0,350.0,350.0,355.0,359.0,359.99,360.0,360.0,360.0,360.0,361.0,364.0,365.0,365.0,365.0,365.0,365.0
2026-09-14 06:01:28,Pokemon Destined Rivals Booster Display Case (Eng),case,168,2150.0,2241.45,2250.73,2179.25,2203.1,2262.4,2279.03,2150.0,2241.45,2250.73,2267.45,2289.99,2299.0,2300.0,2310.22,2331.45,2350.0,2392.45,2400.0,2400.0,2400.0,2400.0,2417.48,2478.89,2486.8,2500.0,2517.48,2518.47,2553.4,2553.4,2597.8,2599.89,2602.4,2641.45,2642.45,2692.45,2761.16,2050.0,2129.0,2189.99,2199.0,2199.0,2200.0,2225.0,2250.0,2289.0,2300.0,2300.0,2300.0,2300.0,2300.0,2350.0,2389.0,2399.0,2400.0,2450.0,2450.0,2469.0,2499.0,2499.0,2499.89,2499.99,2500.0,2599.0,2600.0,2645.0,2650.0
2026-09-14 06:01:28,Pokemon Black Bolt ETB (Eng),single,520,132.09,136.19,137.18,129.17,129.72,139.97,141.53,132.09,136.19,137.18,137.19,139.19,140.19,140.19,141.5,142.17,142.19,146.55,147.09,147.09,147.09,147.09,148.0,148.09,148.48,148.55,148.59,149.29,149.9,151.1,151.42,151.5,152.14,152.19,152.6,153.0,153.59,120.0,124.9,125.0,127.5,129.0,129.9,129.99,130.0,130.0,132.0,132.95,133.0,133.0,134.0,134.49,134.95,134.98,134.99,135.0,135.49,137.5,138.0,139.0,139.9,139.9,139.9,139.9,139.9,139.99,140.0
2026-09-14 06:01:28,Pokemon Ascended Heroes ETB (Eng),single,1419,165.19,166.42,167.19,151.97,153.25,169.66,171.11,165.19,166.42,167.19,167.19,167.42,169.5,170.18,171.69,171.69,172.39,172.42,176.19,176.37,176.37,176.42,176.5,176.99,177.39,177.5,178.55,179.89,180.5,181.5,182.07,182.18,182.37,182.41,182.42,182.5,182.5,148.0,149.0,149.9,149.9,150.0,150.0,151.0,154.99,155.0,155.0,155.0,156.0,158.0,158.0,159.0,159.0,159.0,159.0,159.99,160.0,160.0,160.0,160.0,160.0,162.0,162.99,162.99,164.5,164.5,164.94
2026-09-14 06:01:28,Pokemon Ascended Heroes ETB Case (Eng),case,144,1647.8,1650.0,1650.0,1568.75,1608.99,1654.36,1684.88,1647.8,1650.0,1650.0,1650.0,1667.45,1692.45,1706.12,1711.12,1732.45,1741.45,1745.0,1758.25,1792.45,1811.17,1841.45,1842.45,1842.45,1845.0,1861.16,1867.45,1883.25,1892.45,1897.7,1900.0,1919.0,1947.8,1996.8,1999.89,2000.0,2000.0,1550.0,1550.0,1550.0,1550.0,1625.0,1644.95,1645.0,1649.95,1650.0,1675.0,1690.0,1699.0,1745.0,1750.0,1750.0,1799.0,1799.9,1799.99,1800.0,1800.0,1800.0,1800.0,1819.0,1825.0,1850.0,1850.0,1899.0,1900.0,1900.0,1949.99
2026-09-14 06:01:28,Pokemon 30th Celebration ETB (Eng),single,981,177.93,179.24,180.68,170.44,171.15,181.53,182.11,177.93,179.24,180.68,180.7,181.45,181.49,181.59,181.66,182.19,182.45,182.89,182.99,183.99,185.98,186.42,186.98,187.35,192.4,192.49,192.95,194.94,201.9,204.9,204.98,214.4,232.74,232.74,237.32,,,159.89,169.0,169.75,169.93,169.94,169.95,169.98,169.99,169.99,173.95,174.95,174.98,175.0,175.0,175.0,175.0,175.8,176.6,179.95,180.67,181.65,185.0,189.99,189.99,195.95,196.98,199.99,219.9,,
2026-09-14 06:01:28,Pokemon 30th Celebration Booster Bundle (Eng),single,447,99.88,100.45,100.9,93.86,94.63,105.29,108.7,99.88,100.45,100.9,101.73,102.4,104.98,106.47,106.99,108.9,109.98,110.5,117.17,123.19,128.19,,,,,,,,,,,,,,,,,84.99,88.99,89.99,89.99,92.95,93.51,94.94,95.99,96.0,97.5,99.95,99.98,99.99,99.99,,,,,,,,,,,,,,,,
2026-09-14 06:01:28,Pokemon 30th Celebration Umbreon UPC (Eng),single,116,527.13,530.94,535.94,568.7,580.88,591.95,602.55,527.13,530.94,535.94,549.94,558.93,609.98,614.95,617.9,619.9,628.06,639.98,796.9,,,,,,,,,,,,,,,,,,,509.0,519.9,519.95,519.95,549.93,549.94,599.95,599.98,599.99,609.93,612.0,780.0,,,,,,,,,,,,,,,,,,
2026-09-14 06:01:28,Pokemon 30th Celebration Espeon UPC (Eng),single,150,479.49,479.98,484.99,485.97,525.6,505.12,543.95,479.49,479.98,484.99,485.42,489.95,498.19,509.5,519.54,522.49,530.9,538.93,589.99,614.95,618.06,796.9,,,,,,,,,,,,,,,,468.0,468.5,468.99,469.0,470.0,489.94,489.95,499.9,499.99,499.99,529.94,549.99,599.93,599.95,780.0,,,,,,,,,,,,,,,
2026-09-14 06:01:28,Pokemon 30th Celebration Mini Tin Display (Eng),single,64,299.9,301.45,304.98,315.72,322.06,329.86,336.21,299.9,301.45,304.98,308.9,309.0,312.42,315.99,319.5,379.9,388.19,396.9,397.4,,,,,,,,,,,,,,,,,,,284.99,293.95,295.0,297.0,299.89,299.95,299.95,299.99,360.0,374.0,379.98,380.0,,,,,,,,,,,,,,,,,,
2026-09-14 06:01:28,Pokemon Destined Rivals Booster Display (De),single,1297,270.0,277.19,277.19,274.36,274.17,282.67,283.57,270.0,277.19,277.19,281.09,281.19,282.18,282.19,285.19,286.14,286.19,286.19,287.09,288.38,291.18,292.17,292.18,292.38,296.19,297.09,297.18,297.19,297.19,297.19,302.18,304.19,304.85,304.89,305.19,305.19,305.54,247.0,268.99,270.0,270.0,273.9,274.0,274.99,275.0,278.0,278.95,279.0,279.0,279.88,279.9,283.99,284.98,284.99,289.0,289.9,289.99,289.99,290.0,290.0,290.0,294.99,297.0,298.0,298.99,299.0,299.0
2026-09-14 06:01:28,Pokemon Ascended Heroes Mini Tin Display (Eng),single,190,282.8,307.19,311.0,292.36,295.53,317.02,316.86,282.8,307.19,311.0,311.47,311.5,317.19,320.74,321.38,321.45,321.47,323.88,324.49,324.8,326.36,327.18,329.55,336.19,337.14,337.18,337.19,337.42,338.0,345.99,352.19,359.55,366.45,366.9,369.55,369.55,371.89,250.0,280.0,280.0,285.0,287.0,292.0,295.0,299.89,299.99,300.0,310.0,310.0,314.19,314.95,314.99,318.0,318.99,319.99,320.0,325.0,329.0,329.95,329.99,330.0,340.0,344.99,345.0,349.99,350.0,350.0
2026-09-14 06:01:28,Pokemon Ascended Heroes Booster Bundle Display (Eng),case,245,1075.0,1076.7,1086.7,1036.25,1046.4,1093.78,1124.84,1075.0,1076.7,1086.7,1086.7,1125.0,1139.99,1140.0,1145.0,1186.6,1186.7,1186.7,1199.0,1200.0,1200.0,1200.0,1200.0,1236.69,1236.7,1240.99,1294.89,1299.0,1299.95,1300.0,1300.0,1300.0,1300.0,1300.0,1320.0,1336.7,1336.7,975.0,1025.0,1039.99,1040.0,1040.0,1045.0,1050.0,1050.0,1099.0,1100.0,1100.0,1100.0,1100.0,1149.9,1150.0,1150.0,1198.99,1199.0,1199.95,1199.99,1200.0,1200.0,1200.0,1200.0,1200.0,1200.0,1220.0,1249.0,1250.0,1250.0
2026-09-14 06:01:28,Pokemon Ascended Heroes Pokemon Center ETB (Eng),single,303,320.39,325.39,341.75,351.88,362.73,387.81,392.13,320.39,325.39,341.75,370.39,380.39,385.39,391.5,406.19,413.1,413.73,422.19,423.73,425.19,425.39,437.19,439.55,451.19,451.19,451.19,455.38,457.18,459.55,461.5,463.72,467.42,467.69,469.53,472.19,472.5,472.99,295.0,299.0,300.0,345.0,350.0,355.0,360.0,360.0,370.0,375.0,399.0,399.99,400.0,415.0,418.0,420.0,429.99,430.0,440.0,440.0,444.0,444.0,444.0,449.95,449.98,449.99,449.99,450.0,450.0,450.0
2026-09-14 06:01:28,Pokemon Ascended Heroes Pokemon Center ETB (De),single,303,157.19,157.19,157.39,154.36,155.49,168.89,169.41,157.19,157.19,157.39,162.19,170.69,171.19,172.19,172.19,172.19,173.1,173.99,174.68,175.14,175.18,176.69,177.19,177.39,178.9,179.55,182.18,182.19,182.19,182.38,187.09,187.19,187.19,189.39,192.19,192.69,196.48,135.0,140.0,149.99,150.0,150.0,154.9,155.0,155.0,159.99,160.0,163.5,164.0,165.0,165.0,165.0,167.49,167.95,167.99,169.5,170.0,170.0,170.0,174.99,175.0,175.0,179.9,180.0,180.0,185.0,185.5
2026-09-14 06:01:28,Pokemon Ascended Heroes ETB (De),single,1419,106.19,107.19,110.19,105.06,105.94,112.25,113.13,106.19,107.19,110.19,111.18,111.69,112.16,112.18,112.19,112.19,116.19,116.99,117.08,117.18,117.18,117.19,117.19,117.19,117.19,117.19,117.19,117.19,117.19,117.19,117.19,120.08,120.09,120.14,121.09,121.19,122.14,99.0,100.0,103.0,103.99,104.5,104.97,104.99,105.0,105.0,109.0,109.8,109.89,109.99,109.99,110.0,110.0,110.0,110.0,110.0,110.0,110.0,110.0,110.0,110.0,112.9,112.95,113.89,113.9,114.0,114.95
2026-09-14 06:01:28,Pokemon Silver Tempest Booster Display (Eng),single,334,382.19,402.19,407.19,395.62,395.46,414.62,413.88,382.19,402.19,407.19,412.09,412.19,412.19,417.18,417.19,419.42,419.54,419.55,420.49,422.09,422.19,422.5,423.39,427.09,427.09,427.09,427.18,427.18,432.19,433.0,434.55,434.55,437.19,438.99,439.05,439.39,439.55,375.0,385.0,385.0,390.0,395.0,397.99,398.0,399.0,399.99,400.0,400.0,400.0,400.0,402.0,404.9,405.0,405.0,409.99,410.0,410.0,414.9,415.0,415.0,415.0,419.5,419.9,419.9,419.9,419.99,419.99
2026-09-14 06:01:28,Pokemon Lost Origin Booster Display (Eng),single,350,614.16,624.18,629.18,612.99,613.86,645.57,649.6,614.16,624.18,629.18,634.16,634.18,634.18,644.18,660.49,664.08,664.13,664.17,664.17,664.18,670.0,678.55,678.55,689.95,694.07,694.08,694.55,699.0,703.55,704.08,704.18,713.18,713.18,718.12,719.0,719.99,720.0,589.95,599.0,599.98,600.0,610.0,615.0,619.0,619.98,619.99,620.0,620.0,620.0,620.0,625.0,630.0,640.0,649.0,649.0,649.9,649.95,649.99,649.99,649.99,650.0,650.0,650.0,665.0,674.0,679.89,679.9
2026-09-14 06:01:28,Pokemon Chilling Reign Booster Display (Eng),single,168,357.19,394.39,402.18,408.62,408.85,425.06,425.04,357.19,394.39,402.18,417.5,422.5,425.39,427.18,431.5,437.09,437.18,437.19,444.55,447.19,447.19,447.45,447.5,449.55,457.19,464.55,466.42,469.55,469.55,469.55,469.55,471.85,503.72,507.14,507.19,507.19,510.4,350.0,369.0,394.99,395.0,400.0,400.0,409.0,419.99,424.95,425.0,425.0,429.9,429.99,430.0,430.0,439.99,440.0,440.0,445.0,449.0,450.0,450.0,450.0,450.0,450.0,450.0,499.0,499.0,499.9,499.95
2026-09-14 06:01:28,Pokemon Crown Zenith ETB (Eng),single,354,284.19,287.09,292.19,287.36,289.52,300.82,302.42,284.19,287.09,292.19,294.99,297.18,299.55,302.19,306.19,307.12,307.14,307.41,310.39,312.19,313.99,314.55,317.14,318.39,319.53,319.55,321.5,322.5,322.5,322.74,326.98,327.14,327.19,327.5,329.05,329.41,329.54,277.0,279.9,280.0,285.0,285.0,288.88,289.99,289.99,289.99,290.0,295.0,295.0,299.0,299.0,299.0,299.93,299.95,299.98,299.99,300.0,300.0,300.0,305.0,305.0,305.0,309.5,309.95,309.99,310.0,315.0
2026-09-14 18:01:30,Pokemon Destined Rivals Booster Display (Eng),single,1272,356.12,359.5,363.9,347.86,347.29,368.81,369.08,356.12,359.5,363.9,363.9,367.4,367.42,369.5,372.5,372.9,373.0,373.9,373.9,373.9,373.9,374.39,374.79,375.19,376.18,376.19,376.47,380.5,381.5,382.42,382.49,383.55,383.9,386.06,386.07,386.47,386.47,336.5,340.0,340.0,344.9,349.0,349.0,349.95,349.99,350.0,350.0,350.0,350.0,350.0,350.0,350.0,350.0,350.0,359.0,359.99,360.0,360.0,360.0,360.0,364.0,365.0,365.0,365.0,365.0,365.0,365.0
2026-09-14 18:01:30,Pokemon Destined Rivals Booster Display Case (Eng),case,172,2099.0,2241.45,2289.99,2197.0,2222.6,2282.61,2301.36,2099.0,2241.45,2289.99,2299.0,2300.0,2310.22,2331.45,2350.0,2392.45,2400.0,2400.0,2400.0,2400.0,2417.48,2421.73,2478.89,2486.8,2500.0,2517.48,2518.47,2553.4,2553.4,2597.8,2599.89,2602.4,2641.45,2642.45,2692.45,2761.16,2761.17,1999.0,2189.99,2199.0,2199.0,2200.0,2250.0,2289.0,2300.0,2300.0,2300.0,2300.0,2300.0,2300.0,2350.0,2389.0,2399.0,2400.0,2450.0,2450.0,2469.0,2499.0,2499.0,2499.89,2499.99,2500.0,2599.0,2600.0,2645.0,2650.0,2650.0
2026-09-14 18:01:30,Pokemon Black Bolt ETB (Eng),single,544,132.09,136.19,137.18,128.92,129.15,139.35,140.97,132.09,136.19,137.18,137.18,137.19,139.19,140.19,140.19,141.5,142.19,143.6,146.55,147.09,147.09,147.09,147.09,148.0,148.09,148.48,148.55,148.59,149.29,149.9,151.1,151.42,151.5,152.14,152.19,152.6,153.0,120.0,124.9,125.0,127.5,129.0,129.9,129.99,129.99,130.0,130.0,130.0,132.0,132.95,133.0,133.0,134.0,134.49,134.95,134.99,135.0,135.0,135.49,137.5,138.0,139.0,139.9,139.9,139.9,139.9,139.9
2026-09-14 18:01:30,Pokemon Ascended Heroes ETB (Eng),single,1419,163.6,166.32,166.42,150.35,151.71,168.51,169.62,163.6,166.32,166.42,166.5,167.19,167.19,167.42,170.18,171.5,171.69,171.69,172.39,172.42,173.55,176.19,176.37,176.37,176.42,176.99,177.39,177.5,178.55,179.89,180.5,181.5,181.5,182.0,182.07,182.18,182.37,145.0,148.9,149.0,149.9,149.9,150.0,150.0,150.0,150.0,154.0,154.99,155.0,155.0,156.0,158.0,159.0,159.0,159.0,159.0,159.99,160.0,160.0,160.0,160.0,160.0,160.0,160.0,162.45,162.99,162.99
2026-09-14 18:01:30,Pokemon Ascended Heroes ETB Case (Eng),case,144,1650.0,1650.0,1650.0,1597.49,1625.49,1671.22,1697.1,1650.0,1650.0,1650.0,1692.45,1692.45,1706.12,1711.12,1732.45,1741.45,1745.0,1758.25,1792.45,1811.17,1841.45,1842.45,1842.45,1845.0,1861.16,1883.25,1892.45,1897.7,1900.0,1919.0,1947.8,1996.8,1999.89,2000.0,2000.0,2005.48,2018.47,1550.0,1550.0,1550.0,1644.95,1645.0,1649.95,1650.0,1650.0,1675.0,1690.0,1699.0,1745.0,1750.0,1750.0,1799.0,1799.9,1799.99,1800.0,1800.0,1800.0,1800.0,1819.0,1850.0,1850.0,1899.0,1900.0,1900.0,1949.99,1950.0,1987.0
2026-09-14 18:01:30,Pokemon 30th Celebration ETB (Eng),single,900,181.49,182.99,183.9,176.22,177.73,190.07,193.56,181.49,182.99,183.9,185.98,186.42,186.99,187.45,192.95,194.94,201.9,204.98,232.74,,,,,,,,,,,,,,,,,,,163.99,169.0,169.95,169.99,174.95,175.0,175.0,179.95,179.95,185.0,189.99,199.99,,,,,,,,,,,,,,,,,,
2026-09-14 18:01:30,Pokemon 30th Celebration Booster Bundle (Eng),single,427,98.45,101.73,104.98,94.91,93.93,111.02,110.6,98.45,101.73,104.98,106.47,106.99,108.9,109.98,110.5,117.17,123.19,128.19,,,,,,,,,,,,,,,,,,,,84.99,88.99,89.99,89.99,90.95,93.51,94.94,99.95,99.98,99.99,99.99,,,,,,,,,,,,,,,,,,,
2026-09-14 18:01:30,Pokemon 30th Celebration Mini Tin Display (Eng),single,73,299.9,301.45,304.98,316.47,316.88,331.36,331.78,299.9,301.45,304.98,308.9,309.0,310.99,312.42,319.5,388.19,396.9,397.4,,,,,,,,,,,,,,,,,,,,279.99,293.95,295.0,297.0,299.89,299.95,299.95,299.99,360.0,379.98,380.0,,,,,,,,,,,,,,,,,,,
2026-09-14 18:01:30,Pokemon Destined Rivals Booster Display (De),single,1272,262.19,270.0,276.19,271.36,270.92,279.3,279.74,262.19,270.0,276.19,277.19,277.19,277.19,281.09,281.19,282.18,282.19,284.85,285.19,286.19,286.19,287.09,288.38,291.18,292.17,292.18,296.19,297.09,297.18,297.19,297.19,297.19,297.19,302.18,304.19,304.85,304.89,247.0,255.0,268.99,269.0,270.0,270.0,270.0,273.9,274.0,274.99,275.0,278.0,279.0,279.0,279.9,279.9,283.99,284.98,284.99,289.0,289.9,289.99,289.99,290.0,290.0,290.0,290.0,294.99,297.0,298.0
2026-09-14 18:01:30,Pokemon Ascended Heroes Mini Tin Display (Eng),single,190,307.19,311.0,311.47,296.11,300.07,318.64,319.98,307.19,311.0,311.47,311.5,317.19,320.74,321.38,321.45,321.47,323.88,324.49,324.8,326.36,327.18,329.55,336.19,337.14,337.18,337.19,337.42,338.0,345.99,352.19,359.55,366.45,366.9,369.55,369.55,371.89,386.44,280.0,280.0,285.0,287.0,292.0,295.0,299.89,299.99,300.0,310.0,310.0,314.19,314.95,314.99,318.0,318.99,319.99,320.0,325.0,329.0,329.95,329.99,330.0,340.0,344.99,345.0,349.99,350.0,350.0,350.0
2026-09-14 18:01:30,Pokemon Ascended Heroes Booster Bundle Display (Eng),case,245,1050.0,1050.0,1076.7,1013.75,1028.9,1075.02,1108.67,1050.0,1050.0,1076.7,1086.7,1086.7,1125.0,1139.99,1140.0,1145.0,1186.6,1186.7,1186.7,1199.0,1200.0,1200.0,1200.0,1200.0,1236.69,1236.7,1240.99,1249.95,1250.0,1294.89,1299.0,1300.0,1300.0,1300.0,1300.0,1320.0,1336.7,950.0,950.0,1025.0,1039.99,1040.0,1040.0,1045.0,1050.0,1050.0,1099.0,1100.0,1100.0,1100.0,1100.0,1149.9,1149.95,1150.0,1150.0,1150.0,1198.99,1199.0,1199.99,1200.0,1200.0,1200.0,1200.0,1200.0,1220.0,1249.0,1250.0
2026-09-14 18:01:30,Pokemon Ascended Heroes Pokemon Center ETB (Eng),single,303,320.39,325.39,341.75,351.88,362.73,387.81,392.13,320.39,325.39,341.75,370.39,380.39,385.39,391.5,406.19,413.1,413.73,422.19,423.73,425.19,425.39,437.19,439.55,451.19,451.19,451.19,455.38,457.18,459.55,461.5,463.72,467.42,467.69,469.53,472.19,472.5,472.99,295.0,299.0,300.0,345.0,350.0,355.0,360.0,360.0,370.0,375.0,399.0,399.99,400.0,415.0,418.0,420.0,429.99,430.0,440.0,440.0,444.0,444.0,444.0,449.95,449.98,449.99,449.99,450.0,450.0,450.0
2026-09-14 18:01:30,Pokemon Ascended Heroes Pokemon Center ETB (De),single,303,157.19,157.39,162.19,154.99,155.89,169.62,169.81,157.19,157.39,162.19,162.19,170.69,172.19,172.19,172.19,172.19,173.1,173.99,174.68,175.14,175.18,176.69,177.19,177.19,177.39,178.9,179.55,182.19,182.19,182.19,182.38,187.18,187.18,187.19,187.19,192.19,192.69,135.0,140.0,149.99,150.0,154.9,155.0,155.0,155.0,159.99,160.0,163.5,165.0,165.0,165.0,165.0,167.49,167.95,167.99,169.5,170.0,170.0,170.0,175.0,175.0,175.0,179.99,179.99,180.0,180.0,185.0
2026-09-14 18:01:30,Pokemon Ascended Heroes ETB (De),single,1419,117.19,117.19,117.19,110.25,111.31,117.44,118.43,117.19,117.19,117.19,117.19,117.19,117.19,117.19,117.19,117.19,119.18,120.08,120.09,120.14,121.09,121.19,121.19,122.14,122.19,122.19,122.19,122.19,122.19,122.19,122.19,122.19,123.14,123.18,123.19,124.18,126.09,110.0,110.0,110.0,110.0,110.0,110.0,110.0,110.0,110.0,111.99,112.9,112.95,113.89,113.9,114.0,114.0,114.95,115.0,115.0,115.0,115.0,115.0,115.0,115.0,115.0,115.95,115.99,116.0,116.99,118.9
2026-09-14 18:01:30,Pokemon Silver Tempest Booster Display (Eng),single,334,382.19,399.55,402.19,395.62,394.8,411.2,411.68,382.19,399.55,402.19,407.17,407.19,412.09,412.19,412.19,417.18,419.42,419.54,419.55,420.49,422.09,422.19,422.5,423.39,427.09,427.09,427.09,427.09,427.18,427.18,433.0,434.55,434.55,434.55,438.99,439.39,439.55,375.0,380.0,385.0,390.0,395.0,397.99,398.0,399.0,399.98,399.99,400.0,400.0,400.0,400.0,402.0,404.9,405.0,405.0,409.99,410.0,414.9,415.0,415.0,415.0,415.0,419.9,419.9,419.9,419.9,419.99
2026-09-14 18:01:30,Pokemon Lost Origin Booster Display (Eng),single,350,614.16,624.13,624.18,614.24,616.86,646.82,651.25,614.16,624.13,624.18,629.18,634.16,634.18,660.49,664.08,664.13,664.17,664.17,664.55,670.0,678.55,678.55,689.84,694.07,694.08,694.55,699.0,703.55,704.08,704.18,708.76,713.18,713.18,718.12,719.0,719.99,720.0,599.0,599.98,600.0,609.95,610.0,615.0,619.0,619.98,619.99,620.0,620.0,620.0,625.0,635.0,640.0,649.0,649.0,649.9,649.95,649.99,649.99,649.99,650.0,650.0,665.0,674.0,675.0,675.66,679.89,679.9
2026-09-15 06:01:22,Pokemon Destined Rivals Booster Display (Eng),single,1272,359.5,363.9,367.4,349.11,347.96,370.77,370.78,359.5,363.9,367.4,367.42,369.5,369.55,372.5,372.9,373.0,373.9,373.9,373.9,374.39,374.79,375.19,376.19,376.47,378.9,380.5,381.5,382.42,382.49,383.5,383.55,383.9,386.06,386.07,386.47,386.47,386.5,336.5,340.0,344.9,349.0,349.0,349.95,350.0,350.0,350.0,350.0,350.0,350.0,350.0,350.0,350.0,355.0,359.0,359.99,360.0,360.0,360.0,360.0,361.0,364.0,365.0,365.0,365.0,365.0,365.0,365.0
2026-09-15 06:01:22,Pokemon Destined Rivals Booster Display Case (Eng),case,172,2099.0,2200.0,2241.45,2154.5,2184.4,2245.54,2267.18,2099.0,2200.0,2241.45,2250.73,2289.99,2299.0,2300.0,2310.22,2331.45,2350.0,2386.8,2392.45,2400.0,2400.0,2400.0,2400.0,2417.48,2421.73,2478.89,2500.0,2517.48,2518.47,2553.4,2553.4,2597.8,2599.89,2602.4,2641.45,2642.45,2692.45,1999.0,2100.0,2129.0,2189.99,2199.0,2199.0,2200.0,2250.0,2289.0,2289.0,2300.0,2300.0,2300.0,2300.0,2300.0,2300.0,2350.0,2399.0,2400.0,2450.0,2450.0,2469.0,2499.0,2499.0,2499.89,2499.99,2500.0,2599.0,2600.0,2645.0
2026-09-15 06:01:22,Pokemon Black Bolt ETB (Eng),single,544,133.6,141.5,147.09,131.22,131.45,147.69,147.03,133.6,141.5,147.09,147.09,147.09,147.09,148.0,148.09,148.48,148.55,148.59,149.29,149.9,149.99,151.1,151.32,151.42,151.5,152.14,152.19,152.6,153.0,153.59,153.6,155.18,156.14,156.44,156.5,156.78,157.09,120.0,120.0,125.0,127.5,129.9,130.0,133.9,134.0,134.49,134.95,134.99,135.0,135.49,137.5,139.0,139.9,139.9,139.9,139.9,139.9,139.99,140.0,140.0,140.0,140.0,143.9,144.5,144.95,144.99,145.0
2026-09-15 06:01:22,Pokemon Ascended Heroes ETB (Eng),single,1419,163.6,166.32,166.42,149.97,151.25,169.25,170.81,163.6,166.32,166.42,166.5,167.19,167.42,170.18,171.5,172.39,172.42,173.55,175.74,176.19,176.37,176.37,176.42,176.99,177.39,177.5,178.55,179.89,180.5,181.5,181.5,182.0,182.07,182.37,182.41,182.42,182.5,145.0,148.9,149.0,149.9,149.9,150.0,150.0,150.0,150.0,151.0,154.0,154.99,155.0,155.0,156.0,158.0,159.0,159.0,159.0,159.0,159.99,160.0,160.0,160.0,160.0,160.0,160.0,162.45,162.99,162.99
2026-09-15 06:01:22,Pokemon Ascended Heroes ETB Case (Eng),case,144,1647.8,1650.0,1650.0,1568.75,1608.99,1654.36,1684.88,1647.8,1650.0,1650.0,1650.0,1667.45,1692.45,1706.12,1711.12,1732.45,1741.45,1745.0,1758.25,1792.45,1811.17,1841.45,1842.45,1842.45,1845.0,1861.16,1883.25,1892.45,1897.7,1900.0,1919.0,1947.8,1992.44,1996.8,1999.89,2000.0,2000.0,1550.0,1550.0,1550.0,1550.0,1625.0,1644.95,1645.0,1649.95,1650.0,1675.0,1690.0,1699.0,1745.0,1750.0,1750.0,1799.0,1799.9,1799.99,1800.0,1800.0,1800.0,1800.0,1819.0,1850.0,1850.0,1899.0,1900.0,1900.0,1949.99,1949.99
2026-09-15 06:01:22,Pokemon 30th Celebration ETB (Eng),single,900,179.24,183.9,187.35,183.27,180.28,199.17,195.26,179.24,183.9,187.35,187.93,188.99,190.4,201.9,204.9,232.74,,,,,,,,,,,,,,,,,,,,,,169.75,169.93,172.98,179.0,179.94,180.0,185.0,189.99,195.95,,,,,,,,,,,,,,,,,,,,,
2026-09-15 06:01:22,Pokemon 30th Celebration Booster Bundle (Eng),single,427,97.49,98.45,99.88,92.67,93.77,104.66,108.02,97.49,98.45,99.88,100.9,101.73,102.4,106.47,106.99,108.9,109.98,110.5,117.17,123.19,128.19,,,,,,,,,,,,,,,,,84.99,88.99,89.99,89.99,89.99,90.95,93.51,94.94,95.99,96.0,97.5,99.95,99.98,99.99,,,,,,,,,,,,,,,,
2026-09-15 06:01:22,Pokemon 30th Celebration Mini Tin Display (Eng),single,73,299.9,301.45,304.98,316.47,316.88,331.36,331.78,299.9,301.45,304.98,308.9,309.0,310.99,312.42,319.5,388.19,396.9,397.4,,,,,,,,,,,,,,,,,,,,279.99,293.95,295.0,297.0,299.89,299.95,299.95,299.99,360.0,379.98,380.0,,,,,,,,,,,,,,,,,,,
2026-09-15 06:01:22,Pokemon Destined Rivals Booster Display (De),single,1272,262.19,262.19,270.0,269.61,270.05,278.53,278.95,262.19,262.19,270.0,277.19,277.19,277.19,281.09,281.19,282.18,282.19,284.85,285.19,286.19,287.09,288.38,291.18,292.17,292.18,296.19,297.09,297.18,297.19,297.19,297.19,297.19,302.18,304.19,304.85,304.89,305.19,247.0,255.0,255.0,268.99,270.0,270.0,270.0,273.9,274.0,274.99,275.0,278.0,279.0,279.9,279.9,283.99,284.98,284.99,289.0,289.9,289.99,289.99,290.0,290.0,290.0,290.0,294.99,297.0,298.0,298.99
2026-09-15 06:01:22,Pokemon Ascended Heroes Mini Tin Display (Eng),single,190,307.19,311.0,311.47,296.11,300.07,318.64,319.98,307.19,311.0,311.47,311.5,317.19,320.74,321.38,321.45,321.47,323.88,324.49,324.8,326.36,327.18,329.55,336.19,337.14,337.18,337.19,337.42,338.0,345.99,352.19,359.55,366.45,366.9,369.55,369.55,371.89,386.44,280.0,280.0,285.0,287.0,292.0,295.0,299.89,299.99,300.0,310.0,310.0,314.19,314.95,314.99,318.0,318.99,319.99,320.0,325.0,329.0,329.95,329.99,330.0,340.0,344.99,345.0,349.99,350.0,350.0,350.0
2026-09-15 06:01:22,Pokemon Ascended Heroes Booster Bundle Display (Eng),case,245,1050.0,1050.0,1076.7,1003.75,1019.0,1075.02,1100.01,1050.0,1050.0,1076.7,1086.7,1086.7,1100.0,1125.0,1139.99,1140.0,1145.0,1186.6,1186.7,1186.7,1199.0,1200.0,1200.0,1200.0,1236.69,1236.7,1240.99,1249.95,1250.0,1294.89,1299.0,1300.0,1300.0,1300.0,1300.0,1320.0,1336.7,950.0,950.0,1000.0,1025.0,1039.99,1040.0,1040.0,1045.0,1050.0,1050.0,1099.0,1100.0,1100.0,1100.0,1149.9,1149.95,1150.0,1150.0,1150.0,1198.99,1199.0,1199.99,1200.0,1200.0,1200.0,1200.0,1200.0,1220.0,1249.0,1250.0
2026-09-15 06:01:22,Pokemon Ascended Heroes Pokemon Center ETB (Eng),single,303,320.39,325.39,341.75,351.88,362.73,387.81,392.13,320.39,325.39,341.75,370.39,380.39,385.39,391.5,406.19,413.1,413.73,422.19,423.73,425.19,425.39,437.19,439.55,451.19,451.19,451.19,455.38,457.18,459.55,461.5,463.72,467.42,467.69,469.53,472.19,472.5,472.99,295.0,299.0,300.0,345.0,350.0,355.0,360.0,360.0,370.0,375.0,399.0,399.99,400.0,415.0,418.0,420.0,429.99,430.0,440.0,440.0,444.0,444.0,444.0,449.95,449.98,449.99,449.99,450.0,450.0,450.0
2026-09-15 06:01:22,Pokemon Ascended Heroes Pokemon Center ETB (De),single,303,172.19,172.19,172.19,161.24,161.69,174.46,175.68,172.19,172.19,172.19,172.19,173.1,173.99,175.14,175.18,176.69,177.19,177.19,177.39,178.9,179.55,182.19,182.19,182.19,182.38,187.18,187.19,187.19,192.19,192.69,196.48,197.14,197.18,197.18,197.19,197.19,197.19,140.0,149.99,154.9,155.0,159.99,160.0,165.0,165.0,165.0,165.0,167.95,167.99,169.5,170.0,170.0,170.0,175.0,175.0,175.0,179.99,180.0,180.0,185.0,185.5,189.95,189.99,189.99,189.99,190.0,190.0
2026-09-15 06:01:22,Pokemon Ascended Heroes ETB (De),single,1419,110.19,111.69,112.16,106.12,107.1,113.31,114.29,110.19,111.69,112.16,112.18,112.19,112.19,112.19,112.19,116.19,117.18,117.19,117.19,117.19,117.19,117.19,117.19,117.19,117.19,119.18,120.08,120.09,120.14,121.09,121.19,121.19,122.14,122.19,122.19,122.19,122.19,103.0,104.5,104.97,104.99,105.0,105.0,105.0,105.0,109.0,109.99,110.0,110.0,110.0,110.0,110.0,110.0,110.0,110.0,111.99,112.9,112.95,113.89,113.9,114.0,114.0,114.95,115.0,115.0,115.0,115.0
2026-09-15 06:01:22,Pokemon Silver Tempest Booster Display (Eng),single,324,382.19,402.19,407.17,395.62,395.13,413.37,413.21,382.19,402.19,407.17,407.19,412.09,412.19,412.19,417.18,419.42,419.54,419.55,420.49,422.09,422.19,422.5,423.39,427.09,427.09,427.09,427.09,427.18,427.18,433.0,434.55,434.55,434.55,438.99,439.39,439.55,442.19,375.0,385.0,385.0,390.0,395.0,397.99,398.0,399.0,399.98,399.99,400.0,400.0,400.0,400.0,402.0,404.9,405.0,405.0,409.99,410.0,414.9,415.0,415.0,415.0,415.0,419.9,419.9,419.9,419.9,419.99
2026-09-15 06:01:22,Pokemon Lost Origin Booster Display (Eng),single,354,614.16,624.13,624.18,614.24,616.86,646.82,651.25,614.16,624.13,624.18,629.18,634.16,634.18,660.49,664.08,664.13,664.17,664.17,664.55,670.0,678.55,678.55,689.84,694.07,694.08,694.55,699.0,703.55,704.08,704.18,708.76,713.18,713.18,718.12,719.0,719.99,720.0,599.0,599.98,600.0,609.95,610.0,615.0,619.0,619.98,619.99,620.0,620.0,620.0,625.0,635.0,640.0,649.0,649.0,649.9,649.95,649.99,649.99,649.99,650.0,650.0,665.0,674.0,675.0,675.66,679.89,679.9
2026-09-15 18:01:31,Pokemon Destined Rivals Booster Display (Eng),single,1272,347.42,359.5,367.4,349.11,348.89,372.74,372.09,347.42,359.5,367.4,372.5,372.9,373.0,373.9,373.9,373.9,374.39,375.19,376.47,378.9,380.5,381.5,382.42,382.49,383.55,383.9,386.06,386.07,386.47,386.47,386.5,386.55,387.18,388.1,388.9,388.9,388.9,330.0,336.5,344.9,349.0,349.0,350.0,350.0,350.0,350.0,350.0,350.0,350.0,355.0,359.0,359.99,360.0,360.0,360.0,360.0,364.0,365.0,365.0,365.0,365.0,365.0,365.0,367.0,368.0,368.99,369.0
2026-09-15 18:01:31,Pokemon Destined Rivals Booster Display Case (Eng),case,172,2241.45,2250.73,2289.99,2197.0,2234.5,2284.93,2315.21,2241.45,2250.73,2289.99,2299.0,2300.0,2310.22,2331.45,2350.0,2386.8,2392.45,2400.0,2400.0,2400.0,2400.0,2417.48,2421.73,2478.89,2517.48,2518.47,2553.4,2553.4,2597.8,2599.89,2602.4,2641.45,2642.45,2692.45,2761.16,2761.17,2795.0,2129.0,2189.99,2199.0,2199.0,2200.0,2250.0,2289.0,2289.0,2300.0,2300.0,2300.0,2300.0,2300.0,2300.0,2350.0,2399.0,2450.0,2450.0,2469.0,2499.0,2499.0,2499.89,2499.99,2500.0,2599.0,2600.0,2645.0,2650.0,2650.0,2699.0
2026-09-15 18:01:31,Pokemon Black Bolt ETB (Eng),single,544,132.09,132.19,136.19,128.3,128.62,138.6,140.01,132.09,132.19,136.19,137.18,137.18,137.19,139.19,140.19,140.19,141.5,142.19,143.6,147.09,147.09,147.09,147.09,148.0,148.09,148.48,148.55,148.59,149.29,149.9,151.1,151.42,151.5,152.14,152.19,152.6,153.0,120.0,124.9,125.0,125.0,127.5,129.0,129.9,129.99,129.99,130.0,130.0,130.0,132.0,133.0,133.0,134.0,134.49,134.95,134.99,135.0,135.0,135.49,137.0,137.5,139.0,139.9,139.9,139.9,139.9,139.9
2026-09-15 18:01:31,Pokemon Ascended Heroes ETB (Eng),single,1463,166.32,166.42,167.19,150.97,152.58,170.34,171.77,166.32,166.42,167.19,167.42,169.42,170.18,171.5,172.19,172.39,172.42,175.74,176.19,176.37,176.37,176.42,176.99,177.39,177.5,179.89,180.5,181.5,181.5,182.0,182.07,182.37,182.41,182.42,182.5,182.5,182.99,148.9,149.0,149.9,149.9,150.0,150.0,150.0,151.0,152.0,154.99,155.0,155.0,156.0,158.0,159.0,159.0,159.0,159.99,160.0,160.0,160.0,160.0,160.0,160.0,162.45,162.99,162.99,164.94,164.95,164.99
2026-09-15 18:01:31,Pokemon Ascended Heroes ETB Case (Eng),case,147,1647.8,1650.0,1650.0,1568.75,1613.99,1654.36,1692.82,1647.8,1650.0,1650.0,1650.0,1667.45,1706.12,1711.12,1742.45,1745.0,1758.25,1811.17,1841.45,1842.45,1842.45,1845.0,1861.16,1883.25,1892.45,1897.7,1900.0,1919.0,1947.8,1992.44,1996.8,1999.89,2000.0,2000.0,2005.48,2018.47,2042.44,1550.0,1550.0,1550.0,1550.0,1625.0,1644.95,1645.0,1649.95,1675.0,1700.0,1745.0,1750.0,1799.0,1799.9,1799.99,1800.0,1800.0,1800.0,1800.0,1819.0,1850.0,1850.0,1899.0,1900.0,1900.0,1949.99,1949.99,1950.0,1987.0,1990.0
2026-09-15 18:01:31,Pokemon 30th Celebration ETB (Eng),single,900,183.9,184.55,,,169.97,,184.23,183.9,184.55,,,,,,,,,,,,,,,,,,,,,,,,,,,,,165.0,174.95,,,,,,,,,,,,,,,,,,,,,,,,,,,,
2026-09-15 18:01:31,Pokemon 30th Celebration Booster Bundle (Eng),single,427,97.19,102.45,104.98,94.8,93.85,111.02,110.55,97.19,102.45,104.98,106.47,106.99,108.9,109.98,110.5,117.17,123.19,128.19,,,,,,,,,,,,,,,,,,,,84.99,88.99,89.99,89.99,90.0,93.51,94.95,99.95,99.98,99.99,99.99,,,,,,,,,,,,,,,,,,,
2026-09-15 18:01:31,Pokemon 30th Celebration Mini Tin Display (Eng),single,73,301.45,304.98,308.9,318.86,328.06,333.11,342.73,301.45,304.98,308.9,309.0,310.99,312.42,319.5,335.94,379.9,388.19,389.98,396.9,397.4,,,,,,,,,,,,,,,,,,279.99,293.95,295.0,297.0,299.95,299.95,299.99,324.95,360.0,374.0,379.98,379.99,380.0,,,,,,,,,,,,,,,,,
2026-09-15 18:01:31,Pokemon Destined Rivals Booster Display (De),single,1272,249.39,262.19,262.19,265.69,264.36,273.98,273.82,249.39,262.19,262.19,270.0,276.18,276.19,276.19,276.69,277.19,277.19,277.19,281.09,281.19,282.18,282.19,282.19,282.19,284.85,285.19,286.19,287.09,288.38,291.18,292.17,292.18,296.19,297.09,297.18,297.19,297.19,230.0,247.0,255.0,255.0,268.99,268.99,269.0,269.0,269.5,270.0,270.0,270.0,273.9,274.0,274.99,275.0,275.0,275.0,278.0,279.0,279.9,279.9,283.99,284.98,284.99,289.0,289.9,289.99,290.0,290.0
2026-09-15 18:01:31,Pokemon Ascended Heroes Mini Tin Display (Eng),single,188,307.19,311.0,311.47,296.11,300.07,318.64,319.98,307.19,311.0,311.47,311.5,317.19,320.74,321.38,321.45,321.47,323.88,324.49,324.8,326.36,327.18,329.55,336.19,337.14,337.18,337.19,337.42,338.0,345.99,352.19,359.55,366.45,366.9,369.55,369.55,386.44,386.99,280.0,280.0,285.0,287.0,292.0,295.0,299.89,299.99,300.0,310.0,310.0,314.19,314.95,314.99,318.0,318.99,319.99,320.0,325.0,329.0,329.95,329.99,330.0,340.0,344.99,345.0,350.0,350.0,350.0,379.8
2026-09-15 18:01:31,Pokemon Ascended Heroes Booster Bundle Display (Eng),case,262,1000.0,1000.0,1075.0,975.0,1001.5,1059.6,1083.01,1000.0,1000.0,1075.0,1076.7,1086.7,1086.7,1100.0,1125.0,1139.99,1140.0,1145.0,1186.6,1186.7,1186.7,1199.0,1200.0,1200.0,1200.0,1236.7,1240.99,1249.95,1250.0,1294.89,1299.0,1300.0,1300.0,1300.0,1300.0,1320.0,1336.7,900.0,900.0,975.0,1000.0,1025.0,1039.99,1040.0,1040.0,1045.0,1050.0,1050.0,1099.0,1100.0,1100.0,1100.0,1149.9,1149.95,1150.0,1150.0,1150.0,1198.99,1199.0,1200.0,1200.0,1200.0,1200.0,1200.0,1220.0,1249.0,1250.0
2026-09-15 18:01:31,Pokemon Ascended Heroes Pokemon Center ETB (Eng),single,298,469.53,472.99,476.47,486.5,486.0,507.33,510.87,469.53,472.99,476.47,497.19,499.55,507.19,518.1,518.55,519.55,522.0,522.0,531.9,531.9,538.1,538.1,555.39,558.73,559.54,563.1,563.73,564.18,593.1,618.55,630.39,650.0,650.0,697.8,714.18,780.0,804.55,449.98,449.99,450.0,480.0,480.0,490.0,495.0,499.0,499.0,499.0,499.0,499.0,500.0,500.0,500.0,500.0,500.0,520.0,525.0,529.99,550.0,550.0,550.0,550.0,589.0,600.0,600.0,680.0,700.0,775.0
2026-09-15 18:01:31,Pokemon Ascended Heroes Pokemon Center ETB (De),single,298,162.19,167.19,172.19,159.36,160.05,173.27,173.72,162.19,167.19,172.19,172.19,172.19,172.19,173.1,173.99,175.14,175.18,177.19,177.19,177.39,178.9,179.55,182.19,182.19,182.19,182.38,187.18,187.19,187.19,192.19,192.69,196.48,197.14,197.18,197.18,197.19,197.19,140.0,149.99,154.9,155.0,155.0,159.99,160.0,160.0,165.0,165.0,165.0,165.0,167.95,167.99,170.0,170.0,170.0,175.0,175.0,175.0,179.99,180.0,180.0,185.0,185.5,189.95,189.99,189.99,189.99,190.0
2026-09-15 18:01:31,Pokemon Ascended Heroes ETB (De),single,1463,110.19,112.18,112.19,107.75,108.0,114.94,115.19,110.19,112.18,112.19,112.19,112.19,116.18,116.19,116.19,117.18,117.19,117.19,117.19,117.19,117.19,117.19,117.19,117.19,120.09,120.14,121.09,121.19,121.19,122.14,122.19,122.19,122.19,122.19,122.19,122.19,122.19,103.0,104.99,105.0,105.0,105.0,108.99,109.0,109.0,109.99,110.0,110.0,110.0,110.0,110.0,110.0,110.0,110.0,112.9,112.95,113.9,114.0,114.0,114.95,115.0,115.0,115.0,115.0,115.0,115.0,115.0
2026-09-15 18:01:31,Pokemon Silver Tempest Booster Display (Eng),single,324,382.19,401.19,402.19,398.0,397.06,411.2,411.79,382.19,401.19,402.19,407.17,407.19,412.09,412.19,412.19,417.18,419.42,419.54,419.55,420.49,422.09,422.19,422.5,423.39,427.09,427.09,427.09,427.09,427.18,427.18,433.0,434.55,434.55,434.55,438.99,439.39,439.55,375.0,390.0,394.0,395.0,397.99,398.0,399.0,399.98,399.99,400.0,400.0,400.0,400.0,402.0,404.9,405.0,405.0,409.99,410.0,414.9,415.0,415.0,415.0,415.0,419.9,419.9,419.9,419.9,419.99,419.99
2026-09-15 18:01:31,Pokemon Lost Origin Booster Display (Eng),single,354,614.16,624.13,624.18,614.24,616.86,646.82,651.25,614.16,624.13,624.18,629.18,634.16,634.18,660.49,664.08,664.13,664.17,664.17,664.55,670.0,678.55,678.55,680.18,689.84,694.07,694.08,694.55,699.0,703.55,704.08,704.18,708.76,713.18,713.18,718.12,719.0,719.99,599.0,599.98,600.0,609.95,610.0,615.0,619.0,619.98,619.99,620.0,620.0,620.0,625.0,635.0,640.0,649.0,649.0,649.9,649.95,649.99,649.99,649.99,650.0,650.0,665.0,666.0,674.0,675.0,675.66,679.89
2026-09-16 06:01:16,Pokemon Destined Rivals Booster Display (Eng),single,1272,347.42,359.5,363.9,347.86,346.62,370.33,369.54,347.42,359.5,363.9,367.4,369.5,369.55,372.5,372.9,373.0,373.9,373.9,373.9,374.39,375.19,376.19,376.47,378.9,379.51,380.5,381.5,382.42,382.49,383.5,383.55,383.9,386.06,386.07,386.47,386.47,386.5,330.0,336.5,340.0,344.9,349.0,349.0,349.95,350.0,350.0,350.0,350.0,350.0,350.0,350.0,350.0,355.0,359.0,359.96,359.99,360.0,360.0,360.0,360.0,361.0,364.0,365.0,365.0,365.0,365.0,365.0
2026-09-16 06:01:16,Pokemon Destined Rivals Booster Display Case (Eng),case,172,2099.0,2241.45,2250.73,2179.25,2204.4,2270.29,2285.86,2099.0,2241.45,2250.73,2289.99,2299.0,2300.0,2310.22,2331.45,2350.0,2386.8,2392.45,2400.0,2400.0,2400.0,2400.0,2417.48,2421.73,2478.89,2517.48,2518.47,2553.4,2553.4,2597.8,2599.89,2602.4,2641.45,2642.45,2692.45,2761.16,2761.17,1999.0,2129.0,2189.99,2199.0,2199.0,2200.0,2250.0,2289.0,2289.0,2300.0,2300.0,2300.0,2300.0,2300.0,2300.0,2350.0,2399.0,2450.0,2450.0,2469.0,2499.0,2499.0,2499.89,2499.99,2500.0,2599.0,2600.0,2645.0,2650.0,2650.0
2026-09-16 06:01:16,Pokemon Black Bolt ETB (Eng),single,544,132.09,136.19,137.18,128.92,129.22,139.35,141.0,132.09,136.19,137.18,137.18,137.19,139.19,140.19,140.19,141.5,142.19,143.6,147.09,147.09,147.09,147.09,148.0,148.09,148.48,148.55,148.59,149.29,149.9,151.1,151.42,151.5,152.14,152.19,152.6,153.0,153.59,120.0,124.9,125.0,127.5,129.0,129.9,129.99,129.99,130.0,130.0,130.0,132.0,133.0,133.0,134.0,134.49,134.95,134.99,135.0,135.0,135.49,137.5,139.0,139.9,139.9,139.9,139.9,139.9,139.99,140.0
2026-09-16 06:01:16,Pokemon Ascended Heroes ETB (Eng),single,1463,163.6,166.42,167.19,150.86,152.32,170.34,171.4,163.6,166.42,167.19,167.42,169.42,170.18,171.5,172.19,172.39,172.42,173.55,175.74,176.19,176.37,176.37,176.42,176.99,177.39,177.5,179.55,179.89,180.5,181.5,181.5,182.0,182.07,182.37,182.41,182.42,182.5,149.0,149.9,149.9,150.0,150.0,150.0,150.0,151.0,152.0,154.0,154.99,155.0,155.0,156.0,158.0,159.0,159.0,159.0,159.99,160.0,160.0,160.0,160.0,160.0,160.0,160.0,162.45,162.99,162.99,164.94
2026-09-16 06:01:16,Pokemon Ascended Heroes ETB Case (Eng),case,147,1647.8,1650.0,1650.0,1568.75,1612.99,1654.36,1689.88,1647.8,1650.0,1650.0,1650.0,1667.45,1706.12,1711.12,1732.45,1741.45,1742.45,1745.0,1758.25,1792.45,1811.17,1841.45,1842.45,1842.45,1845.0,1861.16,1883.25,1892.45,1897.7,1900.0,1919.0,1947.8,1992.44,1996.8,1999.89,2000.0,2000.0,1550.0,1550.0,1550.0,1550.0,1625.0,1644.95,1645.0,1649.95,1675.0,1690.0,1699.0,1700.0,1745.0,1750.0,1750.0,1799.0,1799.9,1799.99,1800.0,1800.0,1800.0,1800.0,1819.0,1850.0,1850.0,1899.0,1900.0,1900.0,1949.99,1949.99
2026-09-16 06:01:16,Pokemon 30th Celebration ETB (Eng),single,900,182.45,184.55,187.0,184.98,189.42,200.51,205.98,182.45,184.55,187.0,191.47,192.45,194.89,194.94,201.9,212.5,228.9,244.9,255.83,,,,,,,,,,,,,,,,,,,159.95,164.0,165.0,165.0,179.95,184.95,185.0,189.99,190.0,219.95,233.33,235.95,,,,,,,,,,,,,,,,,,
2026-09-16 06:01:16,Pokemon 30th Celebration Booster Bundle (Eng),single,427,97.19,100.9,104.45,96.63,95.04,108.49,106.39,97.19,100.9,104.45,104.98,106.47,106.99,108.9,110.5,117.17,,,,,,,,,,,,,,,,,,,,,,88.99,89.99,90.0,93.51,96.0,96.95,99.95,99.98,99.99,,,,,,,,,,,,,,,,,,,,,
2026-09-16 06:01:16,Pokemon 30th Celebration Mini Tin Display (Eng),single,73,301.45,304.98,308.9,318.86,328.06,333.11,342.73,301.45,304.98,308.9,309.0,310.99,312.42,319.5,335.94,379.9,388.19,389.98,396.9,397.4,,,,,,,,,,,,,,,,,,279.99,293.95,295.0,297.0,299.95,299.95,299.99,324.95,360.0,374.0,379.98,379.99,380.0,,,,,,,,,,,,,,,,,
2026-09-16 06:01:16,Pokemon Destined Rivals Booster Display (De),single,1272,249.39,262.19,262.19,263.71,262.94,271.94,272.39,249.39,262.19,262.19,267.19,270.0,270.86,276.18,276.19,276.19,276.69,277.19,277.19,281.09,281.19,282.18,282.18,282.19,282.19,282.19,284.85,285.19,286.19,287.09,288.38,291.18,292.17,292.18,296.19,297.09,297.18,230.0,247.0,255.0,255.0,260.0,263.67,268.99,268.99,269.0,269.0,269.5,270.0,270.0,273.9,274.0,274.99,274.99,275.0,275.0,275.0,278.0,279.0,279.9,279.9,283.99,284.98,284.99,289.0,289.9,289.99
2026-09-16 06:01:16,Pokemon Ascended Heroes Mini Tin Display (Eng),single,188,307.19,311.0,311.47,296.11,300.07,318.64,319.98,307.19,311.0,311.47,311.5,317.19,320.74,321.38,321.45,321.47,323.88,324.49,324.8,326.36,327.18,329.55,336.19,337.14,337.18,337.19,337.42,338.0,345.99,352.19,359.55,366.45,366.9,369.55,369.55,386.44,386.99,280.0,280.0,285.0,287.0,292.0,295.0,299.89,299.99,300.0,310.0,310.0,314.19,314.95,314.99,318.0,318.99,319.99,320.0,325.0,329.0,329.95,329.99,330.0,340.0,344.99,345.0,350.0,350.0,350.0,379.8
2026-09-16 06:01:16,Pokemon Ascended Heroes Booster Bundle Display (Eng),case,262,1000.0,1000.0,1075.0,975.0,1001.5,1059.6,1083.01,1000.0,1000.0,1075.0,1076.7,1086.7,1086.7,1100.0,1125.0,1139.99,1140.0,1145.0,1186.6,1186.7,1186.7,1199.0,1200.0,1200.0,1200.0,1236.7,1240.99,1249.95,1250.0,1294.89,1299.0,1300.0,1300.0,1300.0,1300.0,1320.0,1336.7,900.0,900.0,975.0,1000.0,1025.0,1039.99,1040.0,1040.0,1045.0,1050.0,1050.0,1099.0,1100.0,1100.0,1100.0,1149.9,1149.95,1150.0,1150.0,1150.0,1198.99,1199.0,1200.0,1200.0,1200.0,1200.0,1200.0,1220.0,1249.0,1250.0
2026-09-16 06:01:16,Pokemon Ascended Heroes Pokemon Center ETB (Eng),single,298,341.75,380.39,391.5,384.25,389.4,415.13,416.63,341.75,380.39,391.5,406.19,413.1,413.73,422.19,423.73,425.19,425.39,427.19,437.19,439.55,451.19,451.19,451.19,455.38,457.18,459.55,461.5,463.72,467.42,467.69,469.53,472.19,472.5,472.99,476.47,497.19,499.55,299.0,350.0,355.0,360.0,370.0,375.0,399.0,399.99,400.0,415.0,418.0,420.0,420.0,429.99,430.0,440.0,440.0,444.0,444.0,444.0,449.95,449.98,449.99,449.99,450.0,450.0,450.0,465.0,480.0,480.0
2026-09-16 06:01:16,Pokemon Ascended Heroes Pokemon Center ETB (De),single,298,162.14,162.19,167.19,158.11,159.02,172.22,172.28,162.14,162.19,167.19,172.19,172.19,172.19,172.19,173.1,173.99,174.68,175.14,175.18,177.19,177.19,177.39,178.9,179.55,182.19,182.19,182.19,182.38,187.18,187.19,187.19,192.19,192.69,196.48,197.14,197.18,197.18,140.0,149.99,154.9,154.95,155.0,155.0,159.99,160.0,160.0,165.0,165.0,165.0,165.0,167.49,167.95,167.99,170.0,170.0,170.0,175.0,175.0,175.0,179.99,180.0,180.0,185.0,185.5,189.95,189.99,189.99
2026-09-16 06:01:16,Pokemon Ascended Heroes ETB (De),single,1463,109.19,111.69,112.16,106.99,107.49,114.18,114.68,109.19,111.69,112.16,112.19,112.19,112.19,116.14,116.18,116.19,116.19,117.19,117.19,117.19,117.19,117.19,117.19,117.19,120.09,120.14,121.09,121.19,121.19,122.14,122.19,122.19,122.19,122.19,122.19,122.19,122.19,102.0,104.5,104.97,105.0,105.0,105.0,108.95,108.99,109.0,109.0,110.0,110.0,110.0,110.0,110.0,110.0,110.0,112.9,112.95,113.9,114.0,114.0,114.95,115.0,115.0,115.0,115.0,115.0,115.0,115.0
2026-09-16 06:01:16,Pokemon Silver Tempest Booster Display (Eng),single,332,357.18,382.19,401.19,396.75,393.4,408.92,407.46,357.18,382.19,401.19,402.19,407.17,407.19,412.09,412.19,412.19,417.18,419.42,419.54,419.55,420.49,422.09,422.19,422.5,423.39,427.09,427.09,427.09,427.09,427.18,427.18,433.0,434.55,434.55,434.55,438.99,439.39,349.99,375.0,390.0,394.0,395.0,397.99,398.0,399.0,399.98,399.99,400.0,400.0,400.0,400.0,402.0,404.9,405.0,405.0,409.99,410.0,414.9,415.0,415.0,415.0,415.0,419.9,419.9,419.9,419.9,419.99
2026-09-16 06:01:16,Pokemon Lost Origin Booster Display (Eng),single,354,613.68,614.16,624.18,612.99,616.16,646.82,650.55,613.68,614.16,624.18,629.18,634.16,634.18,660.49,664.08,664.13,664.17,664.17,664.55,670.0,678.55,678.55,680.18,689.84,694.07,694.08,694.55,699.0,703.55,704.08,704.18,708.76,713.18,713.18,718.12,719.0,719.99,599.0,599.5,599.98,600.0,610.0,615.0,619.0,619.98,619.99,620.0,620.0,620.0,625.0,635.0,640.0,649.0,649.0,649.9,649.95,649.99,649.99,649.99,650.0,650.0,665.0,666.0,674.0,675.0,675.66,679.89
2026-09-16 18:01:38,Pokemon Destined Rivals Booster Display (Eng),single,1321,352.5,367.4,369.5,349.99,351.59,373.81,374.05,352.5,367.4,369.5,372.5,373.9,373.9,373.9,375.19,375.39,376.19,376.47,379.51,380.5,381.5,382.42,382.49,383.5,383.55,383.9,386.06,386.07,386.47,386.47,386.5,386.55,387.18,388.1,388.9,388.9,388.9,330.0,344.9,349.95,350.0,350.0,350.0,350.0,350.0,350.0,350.0,359.0,359.96,359.99,360.0,360.0,360.0,360.0,361.0,364.0,365.0,365.0,365.0,365.0,365.0,365.0,367.0,368.0,368.99,369.0,369.0
2026-09-16 18:01:38,Pokemon Destined Rivals Booster Display Case (Eng),case,176,2099.0,2241.45,2250.73,2181.75,2215.4,2272.8,2293.71,2099.0,2241.45,2250.73,2299.0,2300.0,2310.22,2331.45,2350.0,2368.48,2386.8,2392.45,2399.98,2400.0,2400.0,2400.0,2400.0,2417.48,2421.73,2478.89,2517.48,2518.47,2553.4,2553.4,2597.8,2599.89,2602.4,2641.45,2642.45,2692.45,2761.16,1999.0,2129.0,2199.0,2199.0,2200.0,2250.0,2289.0,2289.0,2300.0,2300.0,2300.0,2300.0,2300.0,2300.0,2300.0,2350.0,2350.0,2399.0,2450.0,2450.0,2469.0,2499.0,2499.0,2499.89,2499.99,2500.0,2599.0,2600.0,2645.0,2650.0
2026-09-16 18:01:38,Pokemon Black Bolt ETB (Eng),single,547,132.09,136.19,137.18,128.28,128.29,139.23,140.61,132.09,136.19,137.18,137.18,137.19,139.19,140.19,140.19,141.19,141.5,142.19,143.6,147.09,147.09,147.09,147.09,148.0,148.09,148.48,148.55,148.59,149.29,149.9,151.1,151.42,151.5,152.14,152.19,152.6,153.0,120.0,120.0,124.9,125.0,127.5,129.0,129.9,129.99,129.99,130.0,130.0,130.0,132.0,133.0,133.0,134.0,134.0,134.49,134.95,134.99,135.0,135.0,135.49,137.5,139.0,139.9,139.9,139.9,139.9,139.9
2026-09-16 18:01:38,Pokemon Ascended Heroes ETB (Eng),single,1463,166.42,167.19,167.42,150.74,152.22,170.51,172.08,166.42,167.19,167.42,167.42,169.42,170.18,171.5,172.19,172.42,173.55,176.37,176.37,176.42,176.99,177.39,177.5,179.55,179.55,179.89,180.0,180.5,181.5,181.5,182.0,182.07,182.18,182.37,182.41,182.42,182.5,149.0,149.9,149.9,150.0,150.0,150.0,150.0,150.0,152.0,154.0,154.99,155.0,155.0,156.0,157.5,157.99,158.0,159.0,159.0,159.0,159.99,160.0,160.0,160.0,160.0,160.0,160.0,160.0,160.0,160.0
2026-09-16 18:01:38,Pokemon Ascended Heroes ETB Case (Eng),case,147,1647.8,1650.0,1650.0,1592.49,1627.89,1668.39,1699.38,1647.8,1650.0,1650.0,1667.45,1706.12,1711.12,1732.45,1741.45,1742.45,1745.0,1758.25,1792.45,1792.45,1811.17,1841.45,1842.45,1842.45,1845.0,1861.16,1883.25,1892.45,1897.7,1900.0,1919.0,1947.8,1992.44,1996.8,1999.89,2000.0,2000.0,1550.0,1550.0,1550.0,1625.0,1644.95,1645.0,1649.95,1675.0,1690.0,1699.0,1700.0,1745.0,1750.0,1750.0,1750.0,1799.0,1799.9,1799.99,1800.0,1800.0,1800.0,1800.0,1819.0,1850.0,1850.0,1899.0,1900.0,1900.0,1949.99,1949.99
2026-09-16 18:01:38,Pokemon 30th Celebration ETB (Eng),single,1035,172.99,177.41,179.54,160.86,162.25,181.65,181.98,172.99,177.41,179.54,180.49,181.07,181.07,181.42,182.19,183.5,183.9,183.99,183.99,185.22,186.46,186.46,186.9,187.98,188.28,188.99,189.42,189.45,189.5,189.55,189.89,191.5,192.0,192.19,192.45,192.49,192.98,149.99,158.99,159.95,159.99,159.99,159.99,159.99,160.99,162.0,164.0,165.0,165.0,169.0,169.0,169.8,169.9,169.95,169.99,170.0,170.0,170.0,172.0,173.98,173.99,174.0,174.0,174.0,174.9,174.95,174.95
2026-09-16 18:01:38,Pokemon 30th Celebration Booster Bundle (Eng),single,563,97.19,98.78,99.88,93.59,94.68,103.47,107.41,97.19,98.78,99.88,100.9,101.73,102.4,104.45,104.98,106.47,106.99,108.9,109.98,117.17,123.19,128.19,,,,,,,,,,,,,,,,84.99,88.99,89.99,89.99,90.0,94.89,94.94,95.99,96.0,96.95,97.5,99.95,99.98,99.99,99.99,,,,,,,,,,,,,,,
2026-09-16 18:01:38,Pokemon 30th Celebration Mini Tin Display (Eng),single,64,299.9,301.45,304.98,309.59,326.05,322.7,339.68,299.9,301.45,304.98,308.9,309.0,310.99,312.42,319.5,335.94,379.9,388.19,389.98,396.9,397.4,,,,,,,,,,,,,,,,,279.99,293.95,295.0,297.0,299.89,299.95,299.95,299.99,324.95,360.0,374.0,379.98,379.99,380.0,,,,,,,,,,,,,,,,
2026-09-16 18:01:38,Pokemon Destined Rivals Booster Display (De),single,1321,249.39,270.0,272.18,269.43,267.16,277.37,276.8,249.39,270.0,272.18,276.18,276.19,276.69,277.19,277.19,281.19,282.18,282.18,282.19,282.19,282.19,284.85,285.19,286.19,287.09,288.38,291.18,292.17,292.18,296.19,297.09,297.18,297.19,297.19,297.19,297.19,302.18,230.0,247.0,264.99,268.99,268.99,269.0,269.5,270.0,270.0,274.0,274.99,274.99,275.0,275.0,275.0,278.0,279.0,279.9,279.9,283.99,284.98,284.99,289.0,289.9,289.99,290.0,290.0,290.0,290.0,294.99
2026-09-16 18:01:38,Pokemon Ascended Heroes Mini Tin Display (Eng),single,188,306.19,307.19,311.0,294.74,299.0,317.42,319.01,306.19,307.19,311.0,311.47,311.5,317.19,321.38,321.45,321.47,323.88,324.49,324.8,326.36,327.18,329.55,336.19,337.14,337.18,337.42,338.0,345.99,352.19,359.55,366.45,366.9,369.55,369.55,386.44,386.99,403.97,280.0,280.0,285.0,287.0,292.0,295.0,299.0,299.89,299.99,300.0,310.0,310.0,314.19,314.99,318.0,318.99,319.99,320.0,325.0,329.0,329.95,329.99,340.0,344.99,345.0,350.0,350.0,350.0,379.8,390.0
2026-09-16 18:01:38,Pokemon Ascended Heroes Booster Bundle Display (Eng),case,262,1000.0,1000.0,1035.7,968.5,996.4,1046.85,1077.91,1000.0,1000.0,1035.7,1075.0,1076.7,1086.7,1100.0,1125.0,1139.99,1140.0,1145.0,1186.6,1186.7,1186.7,1199.0,1200.0,1200.0,1200.0,1236.7,1240.99,1249.95,1250.0,1294.89,1299.0,1300.0,1300.0,1300.0,1300.0,1320.0,1336.7,900.0,900.0,975.0,999.0,1000.0,1025.0,1039.99,1040.0,1040.0,1045.0,1050.0,1099.0,1100.0,1100.0,1100.0,1149.9,1149.95,1150.0,1150.0,1150.0,1198.99,1199.0,1200.0,1200.0,1200.0,1200.0,1200.0,1220.0,1249.0,1250.0
2026-09-16 18:01:38,Pokemon Ascended Heroes Pokemon Center ETB (Eng),single,298,341.75,380.39,385.39,377.37,384.73,410.13,412.24,341.75,380.39,385.39,391.5,406.19,413.1,413.73,422.19,423.73,425.19,425.39,427.19,437.19,439.55,451.19,451.19,451.19,455.38,457.18,459.55,461.5,463.72,467.42,467.69,469.53,472.19,472.5,476.47,497.19,499.55,299.0,350.0,355.0,360.0,360.0,370.0,375.0,399.0,399.99,400.0,415.0,418.0,420.0,420.0,429.99,430.0,440.0,440.0,444.0,444.0,444.0,449.95,449.98,449.99,450.0,450.0,450.0,465.0,480.0,480.0
2026-09-16 18:01:38,Pokemon Ascended Heroes Pokemon Center ETB (De),single,298,167.19,172.19,172.19,160.61,161.72,174.55,176.05,167.19,172.19,172.19,172.19,173.1,173.99,175.14,175.18,177.19,177.39,178.9,179.55,182.19,182.19,182.19,182.38,187.19,187.19,192.19,192.69,196.48,197.14,197.18,197.18,197.19,197.19,197.19,203.1,205.19,205.98,140.0,149.99,154.9,155.0,159.99,160.0,160.0,165.0,165.0,165.0,167.95,167.99,170.0,170.0,175.0,175.0,175.0,180.0,180.0,185.0,185.5,189.95,189.99,189.99,189.99,190.0,190.0,190.0,198.0,199.49
2026-09-16 18:01:38,Pokemon Ascended Heroes ETB (De),single,1463,107.18,108.19,110.18,105.93,106.56,113.12,113.75,107.18,108.19,110.18,110.19,111.69,112.19,112.19,116.14,116.19,116.19,117.18,117.19,117.19,117.19,117.19,117.19,117.19,117.19,120.09,120.14,121.09,121.19,121.19,122.14,122.19,122.19,122.19,122.19,122.19,122.19,99.99,101.0,102.99,103.0,104.5,105.0,105.0,108.95,109.0,109.0,109.99,110.0,110.0,110.0,110.0,110.0,110.0,110.0,112.9,112.95,113.9,114.0,114.0,114.95,115.0,115.0,115.0,115.0,115.0,115.0
2026-09-16 18:01:38,Pokemon Silver Tempest Booster Display (Eng),single,332,382.19,401.19,402.09,397.36,396.26,409.32,410.78,382.19,401.19,402.09,402.19,407.17,407.19,412.09,412.19,412.19,419.42,419.54,419.55,420.49,422.09,422.19,422.5,423.0,423.39,426.18,427.09,427.09,427.09,427.09,427.18,427.18,433.0,434.55,434.55,434.55,438.99,375.0,390.0,394.0,394.9,395.0,397.99,398.0,399.0,399.98,399.99,400.0,400.0,400.0,400.0,400.0,402.0,404.9,405.0,405.0,410.0,414.9,415.0,415.0,415.0,415.0,418.99,419.9,419.9,419.9,419.9
2026-09-16 18:01:38,Pokemon Lost Origin Booster Display (Eng),single,354,613.68,614.16,624.18,612.98,614.82,643.06,647.58,613.68,614.16,624.18,629.18,634.08,634.16,634.18,660.49,664.08,664.13,664.17,664.17,664.55,670.0,678.55,678.55,680.18,689.84,694.07,694.08,694.55,699.0,703.55,704.08,704.18,708.76,713.18,713.18,718.12,719.0,599.0,599.5,599.98,600.0,610.0,615.0,619.0,619.9,619.98,619.99,620.0,620.0,620.0,625.0,635.0,640.0,649.0,649.0,649.9,649.95,649.99,649.99,649.99,650.0,650.0,665.0,666.0,674.0,675.0,675.66
2026-09-17 06:01:24,Pokemon Destined Rivals Booster Display (Eng),single,1321,359.5,363.9,367.19,349.23,348.36,370.87,371.03,359.5,363.9,367.19,367.4,369.5,369.55,372.5,373.0,373.9,373.9,373.9,374.39,375.19,375.39,376.19,376.47,378.05,378.9,379.51,380.5,381.5,382.42,382.49,383.5,383.55,383.9,386.06,386.07,386.47,386.5,336.5,340.0,344.9,349.0,349.95,350.0,350.0,350.0,350.0,350.0,350.0,350.0,350.0,350.0,355.0,358.5,359.0,359.96,359.99,360.0,360.0,360.0,360.0,361.0,364.0,365.0,365.0,365.0,365.0,365.0
2026-09-17 06:01:24,Pokemon Destined Rivals Booster Display Case (Eng),case,176,2099.0,2241.45,2250.73,2179.25,2204.4,2270.29,2284.03,2099.0,2241.45,2250.73,2289.99,2299.0,2300.0,2310.22,2331.45,2350.0,2368.48,2386.8,2392.45,2399.98,2400.0,2400.0,2400.0,2417.48,2421.73,2478.89,2500.0,2517.48,2518.47,2553.4,2553.4,2597.8,2599.89,2602.4,2641.45,2642.45,2692.45,1999.0,2129.0,2189.99,2199.0,2199.0,2200.0,2250.0,2289.0,2289.0,2300.0,2300.0,2300.0,2300.0,2300.0,2300.0,2350.0,2350.0,2399.0,2400.0,2450.0,2450.0,2469.0,2499.0,2499.0,2499.89,2499.99,2500.0,2599.0,2600.0,2645.0
2026-09-17 06:01:24,Pokemon Black Bolt ETB (Eng),single,547,132.09,133.6,136.19,127.03,127.22,138.06,139.05,132.09,133.6,136.19,137.16,137.18,137.18,137.19,139.19,140.19,140.19,141.19,141.5,142.19,143.6,147.09,147.09,147.09,147.09,148.0,148.09,148.48,148.55,148.59,149.29,149.9,151.1,151.42,151.5,152.14,152.19,120.0,120.0,120.0,124.9,125.0,127.5,129.0,129.9,129.97,129.99,129.99,130.0,130.0,130.0,132.0,133.0,133.0,134.0,134.0,134.49,134.95,134.99,135.0,135.0,135.49,137.5,139.0,139.9,139.9,139.9
2026-09-17 06:01:24,Pokemon Ascended Heroes ETB (Eng),single,1463,163.6,166.42,167.19,150.24,151.72,169.72,171.16,163.6,166.42,167.19,167.42,167.42,169.42,170.18,171.5,172.19,172.42,173.55,176.37,176.37,176.42,176.99,177.39,177.5,179.55,179.89,180.5,181.5,181.5,182.0,182.07,182.18,182.37,182.41,182.42,182.5,182.5,149.0,149.9,149.9,150.0,150.0,150.0,150.0,150.0,150.0,152.0,154.0,154.99,155.0,155.0,156.0,157.99,158.0,159.0,159.0,159.0,159.99,160.0,160.0,160.0,160.0,160.0,160.0,160.0,160.0,162.45
2026-09-17 06:01:24,Pokemon Ascended Heroes ETB Case (Eng),case,147,1647.8,1650.0,1650.0,1592.49,1627.89,1668.39,1699.38,1647.8,1650.0,1650.0,1667.45,1706.12,1711.12,1732.45,1741.45,1742.45,1745.0,1758.25,1792.45,1792.45,1811.17,1841.45,1842.45,1842.45,1845.0,1861.16,1883.25,1892.45,1897.7,1900.0,1919.0,1947.8,1992.44,1996.8,1999.89,2000.0,2000.0,1550.0,1550.0,1550.0,1625.0,1644.95,1645.0,1649.95,1675.0,1690.0,1699.0,1700.0,1745.0,1750.0,1750.0,1750.0,1799.0,1799.9,1799.99,1800.0,1800.0,1800.0,1800.0,1819.0,1850.0,1850.0,1899.0,1900.0,1900.0,1949.99,1949.99
2026-09-17 06:01:24,Pokemon 30th Celebration ETB (Eng),single,1035,176.55,179.55,180.07,160.34,161.44,181.53,182.02,176.55,179.55,180.07,180.91,181.0,181.45,181.9,182.19,182.32,182.42,183.9,184.47,184.5,184.55,184.55,184.55,185.0,185.22,185.35,185.74,185.98,186.37,186.46,186.47,187.05,187.05,187.19,187.5,187.55,187.98,157.0,158.0,158.0,158.88,159.9,159.99,160.0,160.0,162.5,163.49,164.0,164.9,164.95,164.99,165.0,165.0,165.0,165.0,165.0,165.0,165.0,165.0,166.0,167.0,167.0,167.5,167.5,168.0,168.0,168.32
2026-09-17 06:01:24,Pokemon 30th Celebration Booster Bundle (Eng),single,563,97.19,98.78,99.88,93.59,94.68,103.47,107.41,97.19,98.78,99.88,100.9,101.73,102.4,104.45,104.98,106.47,106.99,108.9,109.98,117.17,123.19,128.19,,,,,,,,,,,,,,,,84.99,88.99,89.99,89.99,90.0,94.89,94.94,95.99,96.0,96.95,97.5,99.95,99.98,99.99,99.99,,,,,,,,,,,,,,,
2026-09-17 06:01:24,Pokemon 30th Celebration Mini Tin Display (Eng),single,64,299.9,301.45,304.98,312.09,327.47,325.2,341.1,299.9,301.45,304.98,309.0,310.99,312.42,319.5,328.9,335.94,379.9,388.19,389.98,396.9,397.4,,,,,,,,,,,,,,,,,279.99,293.95,295.0,297.0,299.89,299.95,299.99,319.95,324.95,360.0,374.0,379.98,379.99,380.0,,,,,,,,,,,,,,,,
2026-09-17 06:01:24,Pokemon Destined Rivals Booster Display (De),single,1321,249.39,252.19,262.09,261.61,261.76,270.84,271.21,249.39,252.19,262.09,266.19,267.19,270.0,272.18,276.18,276.19,276.69,277.19,277.19,281.19,282.18,282.18,282.19,282.19,282.19,284.85,285.19,287.09,288.38,291.18,292.17,292.18,296.19,297.09,297.18,297.19,297.19,230.0,245.0,247.0,254.9,259.0,260.0,264.99,268.99,268.99,269.0,269.5,270.0,270.0,274.0,274.99,274.99,275.0,275.0,275.0,278.0,279.9,279.9,283.99,284.98,284.99,289.0,289.9,289.99,290.0,290.0
2026-09-17 06:01:24,Pokemon Ascended Heroes Mini Tin Display (Eng),single,188,306.19,307.19,311.0,294.74,299.0,317.42,319.01,306.19,307.19,311.0,311.47,311.5,317.19,321.38,321.45,321.47,323.88,324.49,324.8,326.36,327.18,329.55,336.19,337.14,337.18,337.42,338.0,345.99,352.19,359.55,366.45,366.9,369.55,369.55,386.44,386.99,403.97,280.0,280.0,285.0,287.0,292.0,295.0,299.0,299.89,299.99,300.0,310.0,310.0,314.19,314.99,318.0,318.99,319.99,320.0,325.0,329.0,329.95,329.99,340.0,344.99,345.0,350.0,350.0,350.0,379.8,390.0
2026-09-17 06:01:24,Pokemon Ascended Heroes Booster Bundle Display (Eng),case,262,1000.0,1000.0,1035.7,968.25,992.3,1036.6,1073.81,1000.0,1000.0,1035.7,1035.7,1075.0,1086.7,1100.0,1125.0,1139.99,1140.0,1145.0,1186.6,1186.7,1186.7,1199.0,1200.0,1200.0,1200.0,1236.7,1240.99,1249.95,1250.0,1294.89,1299.0,1300.0,1300.0,1300.0,1300.0,1320.0,1336.7,900.0,900.0,975.0,999.0,999.0,1000.0,1025.0,1039.99,1040.0,1045.0,1050.0,1099.0,1100.0,1100.0,1100.0,1149.9,1149.95,1150.0,1150.0,1150.0,1198.99,1199.0,1200.0,1200.0,1200.0,1200.0,1200.0,1220.0,1249.0,1250.0
2026-09-17 06:01:24,Pokemon Ascended Heroes Pokemon Center ETB (Eng),single,298,325.39,341.75,380.39,371.12,376.06,404.53,403.86,325.39,341.75,380.39,385.39,391.5,406.19,413.1,413.73,422.19,423.73,425.19,425.39,427.19,437.19,439.54,439.54,439.55,451.19,451.19,451.19,455.38,457.18,459.55,461.5,463.72,467.42,467.69,469.53,472.19,472.5,299.0,300.0,350.0,355.0,360.0,360.0,370.0,375.0,399.0,399.99,400.0,415.0,418.0,419.99,419.99,420.0,420.0,429.99,430.0,440.0,440.0,444.0,444.0,444.0,449.95,449.98,449.99,450.0,450.0,450.0
2026-09-17 06:01:24,Pokemon Ascended Heroes Pokemon Center ETB (De),single,298,162.14,162.19,162.19,158.74,160.39,172.42,172.77,162.14,162.19,162.19,172.19,172.19,172.19,173.1,175.14,175.18,177.19,177.19,177.19,177.19,177.39,178.9,179.55,182.19,182.19,182.19,182.38,187.19,192.69,196.48,197.14,197.18,197.18,197.19,197.19,197.19,203.1,140.0,154.9,154.95,155.0,155.0,155.0,159.99,160.0,165.0,165.0,165.0,167.95,167.99,170.0,170.0,170.0,170.0,170.0,175.0,175.0,175.0,180.0,185.5,189.95,189.99,189.99,189.99,190.0,190.0,190.0
2026-09-17 06:01:24,Pokemon Ascended Heroes ETB (De),single,1463,107.19,108.19,111.69,106.91,107.08,114.09,114.27,107.19,108.19,111.69,112.18,112.19,112.19,115.0,116.14,116.19,117.18,117.18,117.19,117.19,117.19,117.19,117.19,117.19,117.19,117.19,120.09,120.14,121.09,121.19,121.19,122.14,122.19,122.19,122.19,122.19,122.19,100.0,101.0,104.5,104.99,105.0,105.0,107.81,108.95,109.0,109.99,109.99,110.0,110.0,110.0,110.0,110.0,110.0,110.0,110.0,112.9,112.95,113.9,114.0,114.0,114.95,115.0,115.0,115.0,115.0,115.0
2026-09-17 06:01:24,Pokemon Silver Tempest Booster Display (Eng),single,332,382.19,401.19,402.09,397.36,396.26,409.32,410.78,382.19,401.19,402.09,402.19,407.17,407.19,412.09,412.19,412.19,419.42,419.54,419.55,420.49,422.09,422.19,422.5,423.0,423.39,426.18,427.09,427.09,427.09,427.09,427.18,427.18,433.0,434.55,434.55,438.99,439.39,375.0,390.0,394.0,394.9,395.0,397.99,398.0,399.0,399.98,399.99,400.0,400.0,400.0,400.0,400.0,402.0,404.9,405.0,405.0,410.0,414.9,415.0,415.0,415.0,418.99,419.9,419.9,419.9,419.9,419.99
2026-09-17 06:01:24,Pokemon Lost Origin Booster Display (Eng),single,354,613.68,614.16,624.18,612.98,614.82,643.06,647.58,613.68,614.16,624.18,629.18,634.08,634.16,634.18,660.49,664.08,664.13,664.17,664.17,664.55,670.0,678.55,678.55,680.18,689.84,694.07,694.08,694.55,699.0,703.55,704.08,704.18,708.76,713.18,713.18,718.12,719.0,599.0,599.5,599.98,600.0,610.0,615.0,619.0,619.9,619.98,619.99,620.0,620.0,620.0,625.0,635.0,640.0,649.0,649.0,649.9,649.95,649.99,649.99,649.99,650.0,650.0,665.0,666.0,674.0,675.0,675.66
2026-09-17 18:01:32,Pokemon Destined Rivals Booster Display (Eng),single,1321,347.42,355.39,359.5,345.67,345.02,367.6,367.51,347.42,355.39,359.5,363.9,365.54,367.4,369.5,369.55,372.5,372.9,373.0,373.9,373.9,373.9,374.39,374.55,375.19,375.39,376.19,376.47,378.05,378.9,379.51,380.5,381.49,381.5,382.19,382.42,382.49,383.5,330.0,330.0,336.5,340.0,344.9,345.99,349.0,349.0,349.95,350.0,350.0,350.0,350.0,350.0,350.0,350.0,350.0,350.0,355.0,355.0,358.5,359.0,359.96,359.99,359.99,360.0,360.0,360.0,360.0,360.0
2026-09-17 18:01:32,Pokemon Destined Rivals Booster Display Case (Eng),case,176,2241.45,2250.73,2299.0,2212.0,2245.5,2289.99,2323.06,2241.45,2250.73,2299.0,2300.0,2310.22,2331.45,2350.0,2368.48,2386.8,2392.45,2399.98,2400.0,2400.0,2400.0,2417.48,2421.73,2478.89,2500.0,2517.48,2518.47,2553.4,2553.4,2597.8,2599.89,2602.4,2641.45,2642.45,2692.45,2761.16,2761.17,2129.0,2199.0,2199.0,2200.0,2250.0,2289.0,2289.0,2300.0,2300.0,2300.0,2300.0,2300.0,2300.0,2350.0,2350.0,2399.0,2400.0,2450.0,2450.0,2469.0,2499.0,2499.0,2499.89,2499.99,2500.0,2599.0,2600.0,2645.0,2650.0,2650.0
2026-09-17 18:01:32,Pokemon Black Bolt ETB (Eng),single,547,132.09,133.6,136.19,127.03,127.62,138.56,139.94,132.09,133.6,136.19,137.16,137.18,137.18,139.19,140.19,140.19,141.19,141.5,142.19,147.09,147.09,147.09,147.09,147.18,148.0,148.09,148.55,148.59,149.29,149.9,149.99,151.1,151.42,151.5,152.14,152.19,152.6,120.0,120.0,120.0,124.9,125.0,127.5,129.0,129.9,129.97,129.99,129.99,130.0,132.0,133.0,133.0,134.0,134.0,134.49,134.95,134.99,135.0,135.0,137.5,139.0,139.9,139.9,139.9,139.9,139.99,139.99
2026-09-17 18:01:32,Pokemon Ascended Heroes ETB (Eng),single,1461,166.4,166.42,167.39,149.22,150.51,169.94,171.47,166.4,166.42,167.39,167.42,167.42,170.18,170.99,171.5,172.19,172.42,173.55,176.37,176.37,176.42,176.99,177.19,177.5,177.9,179.55,179.89,180.0,180.47,180.5,181.5,181.5,181.5,182.0,182.07,182.18,182.37,144.9,145.0,145.0,149.0,149.9,149.9,150.0,150.0,150.0,150.0,154.0,154.0,154.99,155.0,156.0,157.5,157.99,158.0,159.0,159.0,159.0,159.99,160.0,160.0,160.0,160.0,160.0,160.0,160.0,162.45
2026-09-17 18:01:32,Pokemon Ascended Heroes ETB Case (Eng),case,148,1647.8,1650.0,1650.0,1592.49,1627.89,1668.39,1699.38,1647.8,1650.0,1650.0,1667.45,1706.12,1711.12,1732.45,1741.45,1742.45,1745.0,1758.25,1782.45,1792.45,1792.45,1811.17,1842.45,1842.45,1845.0,1861.16,1883.25,1892.45,1897.7,1900.0,1919.0,1947.8,1992.44,1996.8,1999.89,2000.0,2000.0,1550.0,1550.0,1550.0,1625.0,1644.95,1645.0,1649.95,1675.0,1690.0,1699.0,1700.0,1740.0,1745.0,1750.0,1750.0,1750.0,1799.9,1799.99,1800.0,1800.0,1800.0,1800.0,1819.0,1850.0,1850.0,1899.0,1900.0,1900.0,1949.99,1949.99
2026-09-17 18:01:32,Pokemon 30th Celebration ETB (Eng),single,1035,170.5,172.99,173.0,154.49,154.52,176.56,177.46,170.5,172.99,173.0,174.41,175.32,176.0,177.42,178.0,178.24,180.07,180.49,181.0,181.47,181.47,181.5,181.5,181.9,182.19,182.42,182.42,182.42,182.47,182.54,182.74,182.98,183.0,183.0,183.0,183.0,183.9,139.99,149.0,149.99,150.0,155.0,155.0,155.0,156.0,156.99,157.9,158.0,158.0,158.88,158.99,159.0,159.0,159.9,159.98,160.0,160.0,160.0,160.0,160.0,160.0,162.5,162.99,164.0,164.5,164.9,164.95
2026-09-17 18:01:32,Pokemon 30th Celebration Booster Bundle (Eng),single,563,97.19,100.9,102.4,94.86,95.21,106.53,108.17,97.19,100.9,102.4,104.45,104.98,106.47,106.99,108.05,108.9,109.98,110.5,117.17,128.19,,,,,,,,,,,,,,,,,,88.99,89.99,89.99,90.0,93.51,94.95,96.0,96.95,97.5,99.95,99.98,99.99,99.99,,,,,,,,,,,,,,,,,
2026-09-17 18:01:32,Pokemon 30th Celebration Mini Tin Display (Eng),single,64,299.9,304.98,308.9,312.71,327.9,325.69,341.64,299.9,304.98,308.9,309.0,310.99,312.42,319.5,328.9,335.94,379.9,388.19,389.98,396.9,397.4,,,,,,,,,,,,,,,,,279.99,295.0,297.0,299.89,299.95,299.95,299.99,319.95,324.95,360.0,374.0,379.98,379.99,380.0,,,,,,,,,,,,,,,,
2026-09-17 18:01:32,Pokemon Destined Rivals Booster Display (De),single,1321,249.39,266.19,267.19,266.37,265.46,274.67,275.1,249.39,266.19,267.19,270.0,272.19,276.18,276.19,277.19,277.19,281.19,282.18,282.18,282.19,282.19,284.85,285.19,286.68,287.09,288.38,291.18,292.17,292.18,296.19,297.09,297.18,297.19,297.19,297.19,297.19,297.19,230.0,247.0,259.0,260.0,265.0,268.99,268.99,269.0,270.0,270.0,274.0,274.99,274.99,275.0,275.0,278.0,279.49,279.9,279.9,283.99,284.98,284.99,289.0,289.9,289.99,290.0,290.0,290.0,290.0,290.0
2026-09-17 18:01:32,Pokemon Ascended Heroes Mini Tin Display (Eng),single,189,306.19,307.19,311.0,294.74,299.0,317.42,319.01,306.19,307.19,311.0,311.47,311.5,317.19,321.38,321.45,321.47,323.88,324.49,324.8,326.36,327.18,329.55,336.19,337.14,337.18,337.42,338.0,345.99,352.19,359.55,366.45,366.9,369.55,369.55,386.44,386.99,403.97,280.0,280.0,285.0,287.0,292.0,295.0,299.0,299.89,299.99,300.0,310.0,310.0,314.19,314.99,318.0,318.99,319.99,320.0,325.0,329.0,329.95,329.99,340.0,344.99,345.0,350.0,350.0,350.0,379.8,390.0
2026-09-17 18:01:32,Pokemon Ascended Heroes Booster Bundle Display (Eng),case,267,1000.0,1000.0,1011.7,962.25,985.3,1020.78,1060.98,1000.0,1000.0,1011.7,1035.7,1035.7,1075.0,1086.7,1100.0,1125.0,1139.99,1140.0,1145.0,1186.6,1186.7,1186.7,1197.8,1199.0,1200.0,1200.0,1200.0,1236.7,1240.99,1249.95,1250.0,1294.89,1299.0,1300.0,1300.0,1300.0,1300.0,900.0,900.0,975.0,975.0,999.0,999.0,1000.0,1025.0,1039.99,1040.0,1045.0,1050.0,1099.0,1100.0,1100.0,1100.0,1100.0,1149.9,1149.95,1150.0,1150.0,1150.0,1198.99,1199.0,1200.0,1200.0,1200.0,1200.0,1200.0,1220.0
2026-09-17 18:01:32,Pokemon Ascended Heroes Pokemon Center ETB (Eng),single,303,325.39,341.75,380.39,368.62,374.73,402.03,402.52,325.39,341.75,380.39,385.39,386.19,391.5,413.1,413.73,422.19,423.73,425.19,425.39,427.19,437.19,439.54,439.54,439.55,451.19,451.19,451.19,455.38,457.18,459.55,461.5,463.72,467.42,467.69,469.53,472.19,472.5,299.0,300.0,350.0,355.0,360.0,360.0,370.0,375.0,379.0,399.99,400.0,415.0,418.0,419.99,419.99,420.0,420.0,429.99,430.0,440.0,440.0,444.0,444.0,444.0,449.95,449.98,449.99,450.0,450.0,450.0
2026-09-17 18:01:32,Pokemon Ascended Heroes Pokemon Center ETB (De),single,303,157.19,159.18,159.19,154.86,157.32,170.02,170.65,157.19,159.18,159.19,162.19,172.19,172.19,172.19,173.1,173.99,175.14,175.18,176.19,177.19,177.19,177.39,178.9,179.55,182.19,182.19,182.19,182.38,187.19,192.69,196.48,197.14,197.18,197.18,197.19,197.19,197.19,140.0,149.99,150.0,151.99,152.0,154.9,155.0,155.0,159.99,160.0,165.0,165.0,165.0,167.95,167.99,169.0,170.0,170.0,170.0,175.0,175.0,175.0,180.0,185.5,189.95,189.99,189.99,189.99,190.0,190.0
2026-09-17 18:01:32,Pokemon Ascended Heroes ETB (De),single,1461,103.18,107.19,112.19,108.12,107.39,115.31,114.58,103.18,107.19,112.19,112.19,115.18,116.14,116.18,116.19,117.19,117.19,117.19,117.19,117.19,117.19,117.19,120.09,120.14,121.09,121.19,121.19,122.14,122.18,122.19,122.19,122.19,122.19,122.19,122.19,122.19,123.14,95.99,100.0,105.0,105.0,107.99,108.95,108.99,109.0,110.0,110.0,110.0,110.0,110.0,110.0,110.0,112.9,112.95,113.9,114.0,114.0,114.95,114.99,115.0,115.0,115.0,115.0,115.0,115.0,115.0,115.95
2026-09-17 18:01:32,Pokemon Silver Tempest Booster Display (Eng),single,332,382.19,401.19,402.09,394.24,394.26,409.32,410.78,382.19,401.19,402.09,402.19,407.17,407.19,412.09,412.19,412.19,419.42,419.54,419.55,420.49,422.09,422.19,422.5,423.0,423.39,426.18,427.09,427.09,427.09,427.09,427.18,427.18,433.0,434.55,434.55,438.99,439.55,375.0,385.0,385.0,390.0,394.0,394.9,395.0,397.99,398.0,399.0,399.98,399.99,400.0,400.0,400.0,400.0,400.0,402.0,404.9,405.0,405.0,410.0,414.9,415.0,415.0,415.0,418.99,419.9,419.9,419.9
2026-09-17 18:01:32,Pokemon Lost Origin Booster Display (Eng),single,354,609.18,613.68,614.16,610.42,612.16,636.81,642.96,609.18,613.68,614.16,624.18,629.18,634.08,634.16,634.18,660.49,664.08,664.13,664.17,664.17,664.55,670.0,678.55,678.55,680.18,689.84,694.07,694.08,694.55,699.0,703.55,704.08,704.18,708.76,713.18,713.18,718.12,595.0,599.0,599.5,599.98,600.0,610.0,615.0,619.0,619.9,619.98,619.99,620.0,620.0,620.0,625.0,635.0,649.0,649.0,649.9,649.95,649.99,649.99,649.99,650.0,650.0,665.0,666.0,674.0,675.0,675.66
2026-09-18 06:01:20,Pokemon Destined Rivals Booster Display (Eng),single,1321,359.5,365.54,367.18,349.74,349.03,371.55,371.39,359.5,365.54,367.18,369.5,369.55,372.5,372.9,373.0,373.9,373.9,373.9,374.39,374.55,375.19,375.39,376.19,376.47,378.05,378.9,379.51,380.5,381.49,381.5,382.19,382.42,382.49,383.5,383.55,383.9,386.06,336.5,345.99,349.0,349.0,349.95,350.0,350.0,350.0,350.0,350.0,350.0,350.0,350.0,350.0,355.0,355.0,358.5,359.0,359.96,359.99,359.99,359.99,360.0,360.0,360.0,360.0,360.0,361.0,364.0,365.0
2026-09-18 06:01:20,Pokemon Destined Rivals Booster Display Case (Eng),case,176,2099.0,2241.45,2250.73,2179.25,2204.4,2270.29,2284.03,2099.0,2241.45,2250.73,2289.99,2299.0,2300.0,2310.22,2331.45,2350.0,2368.48,2386.8,2392.45,2399.98,2400.0,2400.0,2400.0,2417.48,2421.73,2478.89,2500.0,2517.48,2518.47,2553.4,2553.4,2597.8,2599.89,2602.4,2641.45,2642.45,2692.45,1999.0,2129.0,2189.99,2199.0,2199.0,2200.0,2250.0,2289.0,2289.0,2300.0,2300.0,2300.0,2300.0,2300.0,2300.0,2350.0,2350.0,2399.0,2400.0,2450.0,2450.0,2469.0,2499.0,2499.0,2499.89,2499.99,2500.0,2599.0,2600.0,2645.0
2026-09-18 06:01:20,Pokemon Black Bolt ETB (Eng),single,547,132.09,132.19,133.6,126.41,126.88,137.61,139.04,132.09,132.19,133.6,136.19,137.16,137.18,137.18,139.19,140.19,140.19,141.19,141.5,143.6,147.09,147.09,147.09,147.09,147.18,148.0,148.09,148.55,148.59,149.29,149.9,149.99,151.1,151.42,151.5,152.14,152.19,120.0,120.0,120.0,124.9,125.0,125.0,127.5,129.0,129.9,129.97,129.99,129.99,130.0,130.0,132.0,133.0,133.0,134.0,134.0,134.49,134.95,134.99,135.0,137.5,139.0,139.9,139.9,139.9,139.9,139.99
2026-09-18 06:01:20,Pokemon Ascended Heroes ETB (Eng),single,1461,163.6,166.4,166.42,148.6,149.45,168.59,169.97,163.6,166.4,166.42,167.39,167.39,167.42,167.42,170.18,170.99,171.5,172.19,172.42,173.55,176.37,176.37,176.42,176.99,177.19,177.5,177.9,179.55,179.89,180.0,180.47,180.5,181.46,181.5,181.5,181.5,181.5,144.9,145.0,145.0,145.0,149.0,149.9,149.9,150.0,150.0,150.0,150.0,150.0,154.0,154.0,154.99,154.99,155.0,156.0,157.5,158.0,159.0,159.0,159.0,160.0,160.0,160.0,160.0,160.0,160.0,160.0
2026-09-18 06:01:20,Pokemon Ascended Heroes ETB Case (Eng),case,148,1647.8,1650.0,1650.0,1592.49,1627.89,1668.39,1699.38,1647.8,1650.0,1650.0,1667.45,1706.12,1711.12,1732.45,1741.45,1742.45,1745.0,1758.25,1782.45,1792.45,1792.45,1811.17,1842.45,1842.45,1845.0,1861.16,1883.25,1892.45,1897.7,1900.0,1919.0,1947.8,1992.44,1996.8,1999.89,2000.0,2000.0,1550.0,1550.0,1550.0,1625.0,1644.95,1645.0,1649.95,1675.0,1690.0,1699.0,1700.0,1740.0,1745.0,1750.0,1750.0,1750.0,1799.9,1799.99,1800.0,1800.0,1800.0,1800.0,1819.0,1850.0,1850.0,1899.0,1900.0,1900.0,1949.99,1949.99
2026-09-18 06:01:20,Pokemon 30th Celebration ETB (Eng),single,1035,168.0,172.0,172.98,151.37,152.92,174.96,175.77,168.0,172.0,172.98,172.99,173.0,174.0,175.32,176.0,177.42,178.0,178.24,178.49,179.55,180.07,180.49,181.0,181.0,181.45,181.5,181.9,182.09,182.1,182.19,182.32,182.39,182.42,182.42,182.42,182.47,182.85,145.0,149.0,149.0,149.95,149.98,149.99,150.0,151.0,155.0,156.0,156.99,157.9,158.0,158.0,158.0,158.88,158.99,159.0,159.9,160.0,160.0,160.0,160.0,160.0,160.0,160.0,163.98,164.0,164.9,164.9
2026-09-18 06:01:20,Pokemon 30th Celebration Booster Bundle (Eng),single,563,96.88,97.19,98.78,93.72,94.87,102.45,104.32,96.88,97.19,98.78,99.88,100.9,101.73,102.4,104.45,104.98,106.47,106.99,108.05,108.9,109.98,117.17,128.19,,,,,,,,,,,,,,,88.99,89.99,89.99,90.0,92.99,94.89,94.94,94.95,95.99,96.0,96.95,97.5,99.95,99.98,99.99,99.99,,,,,,,,,,,,,,
2026-09-18 06:01:20,Pokemon 30th Celebration Mini Tin Display (Eng),single,64,304.98,308.9,309.0,321.97,330.06,335.61,344.85,304.98,308.9,309.0,310.99,312.42,319.5,328.9,335.94,379.9,388.19,389.98,396.9,397.4,,,,,,,,,,,,,,,,,,279.99,295.0,297.0,299.95,299.95,299.99,319.95,324.95,360.0,374.0,379.98,379.99,380.0,,,,,,,,,,,,,,,,,
2026-09-18 06:01:20,Pokemon Destined Rivals Booster Display (De),single,1321,249.39,267.19,270.0,268.62,266.93,277.79,277.33,249.39,267.19,270.0,276.18,276.19,277.19,277.19,281.19,282.18,282.18,282.19,282.19,284.85,285.19,286.68,287.09,287.39,288.38,291.18,292.17,292.18,296.19,297.09,297.18,297.19,297.19,297.19,297.19,297.19,302.18,230.0,247.0,260.0,268.0,268.99,268.99,269.0,270.0,270.0,274.0,274.99,274.99,275.0,275.0,278.0,279.49,279.9,279.9,283.99,284.98,284.99,289.0,289.9,289.99,290.0,290.0,290.0,290.0,290.0,294.99
2026-09-18 06:01:20,Pokemon Ascended Heroes Mini Tin Display (Eng),single,189,288.67,306.19,307.19,292.24,295.67,315.33,316.28,288.67,306.19,307.19,311.0,311.47,311.5,317.19,321.38,321.45,321.47,323.88,324.49,324.8,326.36,327.18,329.55,336.19,337.14,337.18,337.42,338.0,345.99,352.19,359.55,366.45,366.9,369.55,369.55,386.44,386.99,268.0,280.0,280.0,285.0,287.0,292.0,295.0,299.0,299.89,299.99,300.0,310.0,310.0,314.19,314.99,318.0,318.99,319.99,320.0,325.0,329.0,329.95,329.99,340.0,344.99,345.0,350.0,350.0,350.0,379.8
2026-09-18 06:01:20,Pokemon Ascended Heroes Booster Bundle Display (Eng),case,267,1000.0,1000.0,1011.7,956.25,977.9,1014.78,1053.58,1000.0,1000.0,1011.7,1011.7,1035.7,1075.0,1086.7,1090.0,1100.0,1125.0,1139.99,1145.0,1186.6,1186.7,1186.7,1197.8,1199.0,1200.0,1200.0,1200.0,1236.7,1240.99,1249.95,1250.0,1294.89,1299.0,1300.0,1300.0,1300.0,1300.0,900.0,900.0,975.0,975.0,975.0,990.0,999.0,1000.0,1025.0,1039.99,1045.0,1050.0,1099.0,1100.0,1100.0,1100.0,1100.0,1149.9,1149.95,1150.0,1150.0,1150.0,1198.99,1199.0,1200.0,1200.0,1200.0,1200.0,1200.0,1220.0
2026-09-18 06:01:20,Pokemon Ascended Heroes Pokemon Center ETB (Eng),single,303,325.39,341.75,380.39,368.62,374.73,402.03,402.52,325.39,341.75,380.39,385.39,386.19,391.5,413.1,413.73,422.19,423.73,425.19,425.39,427.19,437.19,439.54,439.54,439.55,451.19,451.19,451.19,455.38,457.18,459.55,461.5,463.72,467.42,467.69,469.53,472.19,472.5,299.0,300.0,350.0,355.0,360.0,360.0,370.0,375.0,379.0,399.99,400.0,415.0,418.0,419.99,419.99,420.0,420.0,429.99,430.0,440.0,440.0,444.0,444.0,444.0,449.95,449.98,449.99,450.0,450.0,450.0
2026-09-18 06:01:20,Pokemon Ascended Heroes Pokemon Center ETB (De),single,303,157.19,157.19,159.18,153.61,156.12,168.03,169.3,157.19,157.19,159.18,159.19,162.19,172.19,172.19,172.19,173.1,173.99,175.14,175.18,176.19,177.19,177.19,177.39,178.9,179.55,182.19,182.19,182.19,182.38,187.19,192.69,196.48,197.14,197.18,197.18,197.19,197.19,140.0,149.99,150.0,150.0,151.99,152.0,154.9,155.0,155.0,159.99,160.0,165.0,165.0,165.0,167.95,167.99,169.0,170.0,170.0,170.0,175.0,175.0,175.0,180.0,185.5,189.95,189.99,189.99,189.99,190.0
2026-09-18 06:01:20,Pokemon Ascended Heroes ETB (De),single,1461,107.19,108.19,112.19,107.73,107.53,114.93,114.72,107.19,108.19,112.19,112.19,114.14,115.18,116.14,116.18,116.19,117.19,117.19,117.19,117.19,117.19,117.19,117.19,120.09,120.14,121.09,121.19,121.19,122.14,122.18,122.19,122.19,122.19,122.19,122.19,122.19,122.19,100.0,101.0,105.0,105.0,106.95,107.99,108.95,108.99,109.0,110.0,110.0,110.0,110.0,110.0,110.0,110.0,112.9,112.95,113.9,114.0,114.0,114.95,114.99,115.0,115.0,115.0,115.0,115.0,115.0,115.0
2026-09-18 06:01:20,Pokemon Silver Tempest Booster Display (Eng),single,332,382.19,401.19,402.09,392.99,393.59,411.49,412.14,382.19,401.19,402.09,407.17,407.19,412.09,412.19,412.19,419.42,419.54,419.55,420.49,422.09,422.19,422.5,423.0,423.39,426.18,427.09,427.09,427.09,427.09,427.18,427.18,433.0,434.55,434.55,438.99,439.55,442.19,375.0,385.0,385.0,385.0,390.0,394.0,394.9,397.99,398.0,399.0,399.98,399.99,400.0,400.0,400.0,400.0,400.0,402.0,404.9,405.0,405.0,410.0,414.9,415.0,415.0,415.0,418.99,419.9,419.9,419.9
2026-09-18 06:01:20,Pokemon Lost Origin Booster Display (Eng),single,354,609.18,613.68,614.16,611.04,613.49,641.18,646.25,609.18,613.68,614.16,624.18,634.08,634.16,634.18,660.49,664.08,664.13,664.17,664.17,664.55,670.0,678.55,678.55,680.18,689.84,694.07,694.08,694.55,699.0,703.55,704.08,704.18,708.76,713.18,713.18,718.12,719.0,595.0,599.0,599.5,599.98,600.0,610.0,619.0,619.9,619.98,619.99,620.0,620.0,620.0,625.0,635.0,649.0,649.0,649.9,649.95,649.99,649.99,649.99,650.0,650.0,665.0,666.0,674.0,675.0,675.66,679.89
2026-09-18 18:01:30,Pokemon Destined Rivals Booster Display (Eng),single,1320,355.39,359.5,365.54,349.37,348.1,370.81,370.47,355.39,359.5,365.54,367.18,369.5,369.55,373.0,373.9,373.9,373.9,374.39,374.55,375.19,375.39,376.19,376.47,378.05,378.9,379.51,380.5,381.49,381.5,382.19,382.42,382.49,383.0,383.5,383.55,383.9,386.06,330.0,336.5,345.99,349.0,349.95,350.0,350.0,350.0,350.0,350.0,350.0,350.0,350.0,355.0,355.0,358.5,359.0,359.96,359.99,359.99,359.99,360.0,360.0,360.0,360.0,360.0,360.0,361.0,364.0,365.0
2026-09-18 18:01:30,Pokemon Destined Rivals Booster Display Case (Eng),case,188,2099.0,2241.45,2250.73,2179.25,2204.4,2270.29,2284.03,2099.0,2241.45,2250.73,2289.99,2299.0,2300.0,2310.22,2331.45,2350.0,2368.48,2386.8,2392.45,2399.98,2400.0,2400.0,2400.0,2417.48,2421.73,2478.89,2500.0,2517.48,2518.47,2553.4,2553.4,2597.8,2599.89,2602.4,2641.45,2642.45,2692.45,1999.0,2129.0,2189.99,2199.0,2199.0,2200.0,2250.0,2289.0,2289.0,2300.0,2300.0,2300.0,2300.0,2300.0,2300.0,2350.0,2350.0,2399.0,2400.0,2450.0,2450.0,2469.0,2499.0,2499.0,2499.89,2499.99,2500.0,2599.0,2600.0,2645.0
2026-09-18 18:01:30,Pokemon Black Bolt ETB (Eng),single,548,132.09,132.19,136.19,126.04,126.55,138.56,139.44,132.09,132.19,136.19,137.16,137.18,137.18,139.19,140.19,140.19,141.19,141.5,142.19,143.6,144.5,147.09,147.09,147.09,147.09,147.18,147.99,148.0,148.09,148.55,148.59,149.29,149.39,149.9,151.1,151.42,151.5,120.0,120.0,122.0,124.9,124.99,125.0,125.0,127.5,129.0,129.9,129.97,129.99,129.99,130.0,130.0,130.0,132.0,133.0,133.0,134.0,134.0,134.49,134.95,134.99,135.0,135.0,137.5,139.0,139.9,139.9
2026-09-18 18:01:30,Pokemon Ascended Heroes ETB (Eng),single,1461,166.4,166.42,167.39,148.62,150.12,169.31,170.61,166.4,166.42,167.39,167.39,167.42,167.42,170.18,170.99,171.5,172.19,172.42,172.5,173.55,176.42,176.99,177.0,177.19,177.5,177.9,179.55,179.89,180.47,180.5,181.37,181.46,181.5,181.5,181.5,181.5,182.0,144.9,145.0,145.0,145.0,149.0,150.0,150.0,150.0,150.0,150.0,154.0,154.0,154.9,154.99,154.99,155.0,156.0,158.0,159.0,159.0,159.0,159.99,160.0,160.0,160.0,160.0,160.0,160.0,160.0,162.45
2026-09-18 18:01:30,Pokemon Ascended Heroes ETB Case (Eng),case,148,1647.8,1650.0,1650.0,1592.49,1627.89,1668.39,1699.38,1647.8,1650.0,1650.0,1667.45,1706.12,1711.12,1732.45,1741.45,1742.45,1745.0,1758.25,1782.45,1792.45,1792.45,1811.17,1842.45,1842.45,1845.0,1861.16,1883.25,1892.45,1897.7,1900.0,1919.0,1947.8,1992.44,1996.8,1999.89,2000.0,2000.0,1550.0,1550.0,1550.0,1625.0,1644.95,1645.0,1649.95,1675.0,1690.0,1699.0,1700.0,1740.0,1745.0,1750.0,1750.0,1750.0,1799.9,1799.99,1800.0,1800.0,1800.0,1800.0,1819.0,1850.0,1850.0,1899.0,1900.0,1900.0,1949.99,1949.99
2026-09-18 18:01:30,Pokemon 30th Celebration ETB (Eng),single,1802,162.9,163.98,166.0,141.33,142.55,168.43,169.44,162.9,163.98,166.0,166.4,167.0,167.37,168.0,170.0,170.66,171.99,173.0,173.0,173.42,173.42,174.42,175.3,175.32,176.42,176.46,176.47,177.42,177.74,177.75,178.0,178.24,181.0,181.0,181.37,181.47,181.5,130.0,134.99,135.0,139.9,140.0,140.9,140.98,144.0,144.9,145.0,147.0,147.66,148.99,149.0,149.95,149.99,150.0,150.0,151.0,154.9,155.0,155.0,156.0,156.0,156.0,157.0,157.9,158.0,158.0,159.0
2026-09-18 18:01:30,Pokemon 30th Celebration Booster Bundle (Eng),single,601,97.19,99.88,100.9,95.92,96.23,105.48,109.25,97.19,99.88,100.9,102.4,104.73,104.98,106.47,107.45,108.05,108.9,109.98,117.17,128.19,133.19,,,,,,,,,,,,,,,,,89.99,89.99,90.0,94.95,94.99,95.99,96.0,97.5,97.94,99.95,99.95,99.98,99.99,99.99,,,,,,,,,,,,,,,,
2026-09-18 18:01:30,Pokemon 30th Celebration Mini Tin Display (Eng),single,66,304.98,308.9,310.99,332.35,332.81,345.73,347.83,304.98,308.9,310.99,312.42,319.5,328.9,335.94,379.9,388.19,389.98,396.9,397.4,,,,,,,,,,,,,,,,,,,279.99,295.0,299.95,299.95,299.99,319.95,324.95,360.0,374.0,379.98,379.99,380.0,,,,,,,,,,,,,,,,,,
2026-09-18 18:01:30,Pokemon Destined Rivals Booster Display (De),single,1320,237.19,249.39,262.18,261.12,260.46,272.03,271.2,237.19,249.39,262.18,267.14,268.0,272.19,276.18,276.19,277.19,277.19,277.39,281.19,282.18,282.18,282.19,282.19,284.85,285.19,286.68,287.09,287.39,288.38,291.18,292.09,292.17,292.18,296.19,297.18,297.19,297.19,230.0,230.0,245.0,254.99,258.0,259.95,265.0,268.0,268.99,268.99,269.0,270.0,270.0,274.0,274.99,274.99,275.0,275.0,278.0,279.49,279.9,279.9,283.99,284.9,284.98,284.99,289.0,289.99,290.0,290.0
2026-09-18 18:01:30,Pokemon Ascended Heroes Mini Tin Display (Eng),single,189,288.67,297.19,307.19,291.11,295.07,315.13,315.41,288.67,297.19,307.19,311.0,311.47,311.5,317.19,319.88,321.38,321.45,321.47,324.49,324.8,326.36,327.18,329.55,336.19,337.14,337.18,337.42,338.0,345.99,352.19,359.55,366.45,366.9,369.55,369.55,386.44,386.99,268.0,280.0,280.0,285.0,287.0,290.0,292.0,295.0,299.89,299.99,300.0,310.0,310.0,314.19,314.99,314.99,318.0,319.99,320.0,325.0,329.0,329.95,329.99,340.0,344.99,345.0,350.0,350.0,350.0,379.8
2026-09-18 18:01:30,Pokemon Ascended Heroes Booster Bundle Display (Eng),case,267,1000.0,1000.0,1011.7,960.0,990.0,1043.35,1077.34,1000.0,1000.0,1011.7,1075.0,1086.7,1090.0,1100.0,1125.0,1139.99,1145.0,1186.6,1186.7,1197.8,1199.0,1200.0,1200.0,1200.0,1236.7,1240.99,1249.95,1250.0,1294.89,1299.0,1300.0,1300.0,1300.0,1300.0,1320.0,1336.7,1336.7,900.0,900.0,975.0,975.0,990.0,1000.0,1025.0,1039.99,1045.0,1050.0,1099.0,1100.0,1100.0,1100.0,1100.0,1149.9,1149.95,1150.0,1150.0,1198.99,1199.0,1200.0,1200.0,1200.0,1200.0,1200.0,1220.0,1249.0,1250.0,1250.0
2026-09-18 18:01:30,Pokemon Ascended Heroes Pokemon Center ETB (Eng),single,303,325.39,341.75,380.39,368.5,373.66,400.03,401.46,325.39,341.75,380.39,385.39,386.19,391.5,406.19,413.1,413.73,423.73,425.19,425.39,427.19,437.19,439.54,439.54,439.55,450.85,451.19,451.19,451.19,455.38,457.18,461.5,463.72,467.42,467.69,469.53,472.19,472.5,299.0,300.0,350.0,355.0,360.0,360.0,370.0,375.0,379.0,399.0,399.99,400.0,418.0,419.99,419.99,420.0,420.0,429.99,430.0,440.0,444.0,444.0,444.0,445.9,449.95,449.98,449.99,450.0,450.0,450.0
2026-09-18 18:01:30,Pokemon Ascended Heroes Pokemon Center ETB (De),single,303,157.19,157.19,159.18,153.61,156.12,168.03,169.49,157.19,157.19,159.18,159.19,162.19,172.19,172.19,172.19,173.1,173.99,175.14,175.18,177.19,177.39,178.9,179.55,182.19,182.19,182.19,182.38,187.19,192.69,196.48,197.14,197.18,197.18,197.19,197.19,197.19,197.19,140.0,149.99,150.0,150.0,151.99,152.0,154.9,155.0,155.0,159.99,160.0,165.0,165.0,165.0,167.95,167.99,170.0,170.0,175.0,175.0,175.0,180.0,185.5,189.95,189.99,189.99,189.99,190.0,190.0,190.0
2026-09-18 18:01:30,Pokemon Ascended Heroes ETB (De),single,1461,115.18,116.14,116.18,109.75,110.65,116.94,117.84,115.18,116.14,116.18,116.19,117.19,117.19,117.19,117.19,117.19,117.19,117.19,120.14,121.09,121.19,121.19,121.19,122.14,122.18,122.19,122.19,122.19,122.19,122.19,122.19,122.19,122.19,122.19,122.19,123.14,123.19,107.99,108.95,108.99,109.0,110.0,110.0,110.0,110.0,110.0,110.0,110.0,112.95,113.9,114.0,114.0,114.0,114.95,114.99,115.0,115.0,115.0,115.0,115.0,115.0,115.0,115.0,115.0,115.0,115.95,116.0
2026-09-18 18:01:30,Pokemon Silver Tempest Booster Display (Eng),single,327,382.19,402.09,406.19,395.48,395.06,413.66,413.78,382.19,402.09,406.19,407.17,412.09,412.19,412.19,419.42,419.54,420.49,422.09,422.19,422.5,423.0,423.39,426.18,427.09,427.09,427.09,427.09,427.18,427.18,433.0,434.55,434.55,438.99,439.55,442.19,442.75,444.55,375.0,385.0,385.0,390.0,394.9,397.99,398.0,399.0,399.0,399.98,399.99,400.0,400.0,400.0,402.0,404.9,405.0,405.0,410.0,414.9,415.0,415.0,415.0,418.99,419.9,419.9,419.9,419.9,419.99,419.99
2026-09-18 18:01:30,Pokemon Lost Origin Booster Display (Eng),single,354,609.18,613.68,614.16,613.54,615.15,636.78,642.55,609.18,613.68,614.16,624.18,629.85,634.08,634.16,634.18,660.49,663.18,664.08,664.13,664.17,664.17,664.55,678.55,678.55,680.18,689.84,694.07,694.08,694.55,699.0,703.55,704.08,704.18,708.76,713.18,713.18,718.12,595.0,599.0,599.5,599.98,610.0,619.0,619.9,619.98,619.99,620.0,620.0,620.0,624.9,625.0,635.0,649.0,649.0,649.0,649.9,649.95,649.99,649.99,649.99,650.0,650.0,665.0,666.0,674.0,675.0,675.66
2026-09-18 18:01:30,Pokemon Chilling Reign Booster Display (Eng),single,174,394.39,397.18,406.19,409.11,412.44,425.56,428.29,394.39,397.18,406.19,417.5,422.5,425.39,427.09,431.5,437.09,437.18,444.55,444.55,444.85,447.19,447.19,447.45,449.55,457.19,464.55,466.42,469.55,469.55,469.55,471.85,497.19,503.72,507.14,507.19,507.19,510.4,369.0,389.99,395.0,399.0,400.0,400.0,409.0,419.9,424.95,425.0,425.0,429.9,429.99,430.0,439.9,439.99,440.0,440.0,445.0,449.0,450.0,450.0,450.0,450.0,450.0,490.0,499.0,499.0,499.9,499.95
2026-09-18 18:01:30,Pokemon Crown Zenith ETB (Eng),single,345,257.18,296.19,297.19,287.86,288.38,307.06,306.79,257.18,296.19,297.19,299.55,306.19,307.19,307.41,310.39,313.99,314.55,314.94,318.39,319.53,319.55,319.55,319.55,322.49,322.5,322.5,322.74,326.19,326.98,327.14,327.19,327.5,327.75,329.05,329.41,329.54,332.18,249.99,274.94,280.0,285.0,285.0,288.88,289.0,289.99,290.0,295.0,299.0,299.0,299.98,299.99,299.99,300.0,300.0,300.0,300.0,300.0,300.0,300.0,305.0,305.0,309.5,309.99,315.0,315.0,319.0,319.0
2026-09-18 18:01:30,Pokemon VSTAR Universe Booster Display (Jpn),single,825,164.85,167.9,173.69,163.18,163.69,175.85,175.42,164.85,167.9,173.69,174.19,174.69,176.19,176.68,177.09,177.09,177.19,177.19,177.19,178.19,179.55,179.55,182.14,182.18,182.19,182.19,182.19,184.55,185.19,187.19,187.19,188.55,189.5,192.09,192.19,192.75,193.1,150.0,155.0,159.9,160.0,160.0,160.0,165.0,166.5,167.0,167.0,167.5,169.0,169.0,169.49,169.9,169.9,169.99,170.0,170.0,170.0,170.0,171.0,174.95,174.99,175.0,175.0,175.0,175.0,175.0,175.0
2026-09-18 18:01:30,Pokemon Flareon VMAX Premium Collection EU Version (Eng),single,86,264.39,304.48,307.14,299.37,296.0,308.51,309.86,264.39,304.48,307.14,307.18,307.19,307.19,307.19,307.19,307.5,317.5,319.55,319.55,322.19,322.5,327.09,327.19,337.74,347.41,363.73,375.72,382.45,413.72,419.54,506.19,507.18,507.18,507.18,507.18,519.39,750.0,245.0,285.0,295.0,299.95,299.99,299.99,300.0,300.0,300.0,300.0,300.0,300.0,300.0,300.0,315.0,319.9,320.0,320.0,329.99,349.99,350.0,359.95,399.99,499.0,499.99,499.99,499.99,499.99,500.0,650.0
2026-09-18 18:01:30,Pokemon Jolteon VMAX Premium Collection EU Version (Eng),single,78,293.98,294.99,297.17,296.1,298.12,304.33,308.19,293.98,294.99,297.17,302.09,302.19,304.48,307.14,307.18,307.19,307.19,309.39,318.39,322.19,322.19,327.09,347.41,363.73,367.73,373.73,375.72,382.45,413.72,419.54,506.19,507.18,507.18,519.39,750.0,950.0,1099.0,287.99,289.98,290.0,290.0,294.9,295.0,299.0,299.95,299.99,299.99,300.0,300.0,300.0,310.0,315.0,315.0,319.9,329.99,349.99,349.99,350.0,359.95,399.99,499.0,499.99,499.99,500.0,650.0,850.0,999.0
2026-09-18 18:01:30,Pokemon Vaporeon VMAX Premium Collection EU Version (Eng),single,67,322.19,327.14,327.18,323.74,332.92,334.84,348.64,322.19,327.14,327.18,327.19,327.19,328.39,337.19,337.19,337.19,357.18,357.19,367.09,383.73,387.41,406.19,413.72,419.54,422.45,425.72,457.18,506.19,507.18,519.39,850.0,950.0,954.55,982.94,1099.0,,,309.0,315.0,319.95,319.99,320.0,320.0,320.0,330.0,330.0,330.0,349.99,349.99,350.0,359.9,369.99,399.0,399.95,399.99,400.0,449.99,499.0,499.99,500.0,750.0,850.0,890.0,925.0,999.0,,
2026-09-18 18:01:30,Pokemon Celebrations ETB (De),single,379,305.19,307.19,319.39,316.12,317.73,325.46,327.55,305.19,307.19,319.39,322.18,322.19,326.19,327.19,327.19,327.19,332.18,336.18,337.18,337.19,339.39,347.18,356.19,357.18,357.19,357.19,360.69,363.1,365.19,376.49,377.19,379.34,393.69,394.39,397.19,402.19,406.88,298.0,300.0,300.0,314.99,315.0,319.0,320.0,320.0,320.0,320.0,324.99,325.0,328.99,329.99,330.0,339.99,349.0,349.99,350.0,350.0,353.5,358.0,359.95,370.0,371.5,375.0,386.5,390.0,395.0,399.69
2026-09-18 18:01:30,Pokemon Champions Path ETB (Eng),single,170,146.19,152.18,152.19,147.73,147.39,155.55,156.51,146.19,152.18,152.19,155.18,155.19,155.19,156.09,156.19,157.18,157.18,157.19,157.19,159.39,164.99,166.19,166.98,167.19,167.19,169.38,172.19,174.24,176.19,177.19,177.19,179.55,182.5,183.1,184.97,186.19,189.5,139.0,140.0,144.99,145.0,147.99,148.0,148.0,148.9,149.0,149.99,149.99,149.99,150.0,150.0,150.0,159.0,159.0,159.99,160.0,160.0,160.0,160.0,164.75,165.0,169.0,169.95,170.0,170.0,174.95,174.95
2026-09-18 18:01:30,Pokemon Tag Team Pikachu & Zekrom GX Premium Collection (Eng),single,37,282.18,285.98,287.19,296.24,305.32,311.75,319.62,282.18,285.98,287.19,292.19,309.55,314.54,316.37,322.19,325.55,326.42,337.5,342.74,347.19,347.5,357.19,371.49,377.19,406.74,422.19,425.47,425.72,454.48,506.19,506.19,523.0,650.0,700.0,1014.18,,,274.99,279.99,280.0,285.0,289.9,290.0,294.99,306.0,309.0,315.0,315.0,325.0,325.0,340.0,349.99,350.0,370.0,399.0,399.99,400.0,415.0,449.99,499.0,499.0,500.0,550.0,600.0,1000.0,,
2026-09-18 18:01:30,Pokemon Tag Team Reshiram & Charizard GX Premium Collection (Eng),single,27,297.18,297.19,319.39,311.11,318.86,325.69,334.3,297.18,297.19,319.39,319.5,324.16,325.19,326.19,326.19,329.54,335.39,341.47,344.55,369.39,371.48,387.74,396.19,404.48,406.19,407.19,494.98,650.0,773.0,2214.13,,,,,,,,289.99,290.0,299.95,300.0,309.99,310.0,315.0,316.97,318.0,319.0,319.0,325.0,349.98,350.0,370.0,389.0,399.0,399.99,400.0,479.99,550.0,750.0,2199.95,,,,,,,
2026-09-18 18:01:30,Pokemon VMAX Climax Booster Display (Jpn),single,180,164.19,167.18,167.18,160.0,160.96,168.31,170.05,164.19,167.18,167.18,167.19,167.19,167.19,167.19,167.19,171.17,172.19,172.19,173.19,175.18,176.19,176.19,177.19,177.99,182.49,183.05,184.55,185.7,186.47,187.18,187.19,187.47,187.5,189.39,192.19,192.74,194.39,157.0,159.99,159.99,159.99,160.0,160.0,160.0,160.0,160.0,160.0,160.0,163.5,163.98,165.0,165.0,165.0,165.0,165.0,166.0,167.99,169.0,169.0,169.9,169.99,170.0,170.0,170.0,170.0,175.0,175.0
2026-09-18 18:01:30,Pokemon Battle Region Booster Display (Jpn),single,92,76.19,78.48,80.18,72.6,73.52,83.13,85.02,76.19,78.48,80.18,81.09,82.14,82.18,83.1,84.19,85.99,86.18,87.08,90.5,92.47,92.47,93.05,96.47,96.99,97.46,103.1,104.29,105.82,106.47,106.99,107.18,107.19,108.1,109.29,111.87,113.09,113.1,68.0,69.0,69.0,70.0,70.0,72.99,73.9,74.95,74.99,74.99,75.0,75.0,77.0,78.99,79.0,79.89,79.95,79.99,79.99,80.0,80.0,84.9,89.0,89.34,89.9,90.0,95.0,96.0,99.0,99.98
2026-09-18 18:01:30,Pokemon Clay Burst Booster Display (Jpn),single,275,92.17,92.19,92.19,85.98,86.52,95.17,97.59,92.17,92.19,92.19,93.09,93.97,94.09,95.19,96.47,97.19,99.19,100.99,101.99,102.19,106.47,106.48,107.19,109.25,110.35,112.37,112.98,112.98,113.1,113.47,115.08,117.09,117.18,117.46,118.65,118.99,119.14,79.0,79.99,84.0,84.98,85.0,85.0,85.0,86.9,88.0,88.98,89.0,90.0,90.0,90.0,92.0,93.16,94.9,95.0,95.0,96.0,99.88,99.88,99.99,100.0,100.0,100.0,105.0,107.89,109.9,109.99
2026-09-18 18:01:30,Pokemon Fusion Strike Booster Display (Eng),single,207,639.14,789.18,793.18,793.87,798.81,823.49,831.77,639.14,789.18,793.18,794.18,799.18,814.17,827.5,833.18,862.41,864.08,878.55,893.1,894.18,895.0,899.55,914.08,914.17,914.18,914.18,923.72,925.0,929.54,929.9,934.17,947.8,947.8,950.0,950.0,962.73,964.17,632.24,775.0,779.0,780.0,785.0,795.0,795.0,797.95,799.99,819.0,825.0,849.0,849.9,850.0,850.0,850.0,850.0,850.0,859.99,870.0,880.0,895.0,895.99,899.0,899.9,899.9,899.99,899.99,899.99,900.0
2026-09-18 18:01:30,Pokemon Astral Radiance Booster Display (Eng),single,279,351.19,357.18,357.19,352.37,354.66,369.64,373.79,351.19,357.18,357.19,360.48,362.19,366.19,369.55,379.5,379.55,382.5,384.55,385.49,388.1,390.49,392.75,395.44,395.47,396.47,402.19,407.19,407.19,408.55,412.72,417.19,422.19,422.98,432.19,437.18,443.72,451.63,344.0,348.99,349.99,350.0,350.0,350.0,350.0,354.99,355.0,359.0,359.95,360.0,360.0,362.99,365.0,368.97,369.0,370.0,379.99,379.99,389.0,395.0,399.98,400.0,400.0,410.0,415.0,425.0,429.99,444.44
2026-09-18 18:01:30,Pokemon Lost Origin ETB (Eng),single,292,189.55,191.49,192.19,185.66,186.53,197.48,199.7,189.55,191.49,192.19,194.19,197.14,197.18,197.42,197.55,202.08,202.09,206.19,206.89,207.18,207.19,207.19,208.99,211.47,211.5,212.19,212.41,214.89,217.19,217.19,217.5,217.5,218.39,219.5,219.54,221.69,222.14,170.0,178.0,180.0,184.3,184.99,185.0,185.0,187.0,189.0,189.95,189.99,190.0,194.89,194.9,194.99,195.0,195.0,199.0,199.0,199.0,199.0,199.95,199.99,199.99,199.99,199.99,200.0,200.0,205.0,205.0
2026-09-18 18:01:30,Pokemon Crown Zenith Galarian Articuno Tin US Version (Eng),single,24,151.63,154.5,157.19,151.05,167.02,169.02,182.19,151.63,154.5,157.19,161.47,166.47,167.19,172.5,173.99,176.19,177.18,177.18,178.09,207.18,207.19,304.96,442.75,,,,,,,,,,,,,,,132.0,135.0,140.0,144.44,144.99,149.99,150.0,150.0,160.0,169.0,169.99,169.99,199.99,200.0,289.97,400.0,,,,,,,,,,,,,,
2026-09-18 18:01:30,Pokemon Crown Zenith Galarian Zapdos Tin US Version (Eng),single,25,136.18,137.18,146.49,138.3,165.09,153.5,181.88,136.18,137.18,146.49,147.1,149.1,151.63,156.19,157.18,157.19,163.09,172.5,177.18,207.18,227.19,442.75,,,,,,,,,,,,,,,,114.0,116.0,123.99,128.99,129.99,129.99,144.44,149.0,149.99,150.0,150.0,169.99,199.99,220.0,400.0,,,,,,,,,,,,,,,
2026-09-18 18:01:30,Pokemon Crown Zenith Galarian Moltres Tin US Version (Eng),single,20,156.0,157.19,162.75,154.75,174.92,174.98,196.58,156.0,157.19,162.75,167.18,168.49,172.5,177.18,182.18,183.09,186.47,186.47,202.75,207.18,442.75,,,,,,,,,,,,,,,,,120.0,145.99,148.0,149.99,150.0,150.0,159.99,160.0,160.0,160.0,169.99,174.99,199.99,400.0,,,,,,,,,,,,,,,,
2026-09-18 18:01:30,Pokemon 151 Zapdos ex Collection (Eng),single,188,124.19,126.18,126.19,121.12,122.51,136.85,138.27,124.19,126.18,126.19,126.19,137.18,138.05,138.73,142.42,143.0,143.04,143.05,143.09,147.5,147.5,147.74,152.19,152.5,157.18,157.19,158.19,162.75,163.1,163.1,168.0,172.49,172.5,197.5,222.5,233.05,306.19,109.9,109.99,117.0,118.99,119.0,119.0,120.0,124.95,125.0,125.0,129.0,129.94,129.95,129.99,130.0,130.0,130.0,134.9,145.0,149.99,149.99,150.0,150.0,150.0,150.0,151.0,175.0,199.95,200.0,299.0
2026-09-18 18:01:30,Pokemon 151 UPC (Eng),single,400,685.68,715.68,730.68,725.5,726.53,744.3,747.53,685.68,715.68,730.68,735.68,735.68,744.67,745.68,745.68,755.68,760.63,760.68,765.68,765.68,775.68,789.55,789.68,795.68,804.55,804.85,809.55,813.68,814.68,814.68,819.55,820.19,824.55,825.0,825.68,829.55,829.55,670.0,700.0,715.0,720.0,720.0,725.0,728.99,730.0,730.0,735.0,740.0,744.95,745.0,745.0,749.0,750.0,750.0,760.0,760.0,770.0,774.0,775.0,775.0,780.0,780.0,780.0,780.0,787.0,790.0,795.0
2026-09-18 18:01:30,Pokemon 151 UPC (De),single,400,648.68,655.68,655.68,650.72,663.24,666.4,678.92,648.68,655.68,655.68,660.67,665.58,665.63,665.67,665.68,675.63,676.68,690.63,710.67,715.63,715.67,715.68,715.68,734.68,740.58,744.68,764.67,765.63,765.67,765.68,805.9,805.9,805.9,812.98,815.17,815.67,815.68,633.0,640.0,640.0,644.99,649.9,649.95,649.99,650.0,659.95,661.0,674.95,694.99,699.95,699.99,700.0,700.0,719.0,724.9,729.0,748.99,749.95,749.99,750.0,798.95,799.0,799.49,799.99,799.99,800.0,800.0
2026-09-18 18:01:30,Pokemon 151 Booster Display (Jpn),single,540,257.18,261.08,261.12,254.86,255.59,266.79,267.23,257.18,261.08,261.12,264.55,267.18,267.18,267.19,267.98,269.55,269.55,270.15,270.19,271.19,272.18,272.18,273.19,274.19,274.55,275.18,276.19,276.19,277.18,277.18,277.19,279.54,279.54,279.55,280.98,281.19,282.07,245.0,249.99,250.0,250.0,253.89,254.99,254.99,255.0,259.99,259.99,259.99,259.99,259.99,260.0,260.0,260.0,260.0,263.0,264.0,264.99,264.99,265.2,266.0,267.0,267.99,269.0,269.0,269.99,269.99,270.0
2026-09-18 18:01:30,Pokemon Paradigm Trigger Booster Display (Jpn),single,151,129.19,129.19,132.09,122.36,123.51,134.67,135.47,129.19,129.19,132.09,132.47,133.09,133.1,136.09,136.18,137.18,137.19,137.47,138.1,139.39,140.14,141.19,147.09,147.19,147.42,148.0,151.42,152.19,152.99,153.1,156.19,156.19,157.46,157.75,163.05,166.19,166.37,115.0,115.0,120.0,120.0,120.0,122.0,122.0,124.9,125.0,125.0,125.9,128.9,128.99,129.99,130.0,130.0,132.95,134.0,134.0,135.0,139.9,139.99,140.0,140.0,140.0,145.0,148.9,149.0,149.0,149.95
2026-09-18 18:01:30,Pokemon Star Birth Booster Display (Jpn),single,90,122.19,127.19,127.19,124.93,126.95,134.28,136.55,122.19,127.19,127.19,129.19,131.19,132.19,133.14,136.19,142.14,143.05,143.09,144.18,145.18,145.9,146.18,147.19,147.5,149.19,156.19,157.19,157.19,157.47,159.39,161.47,164.48,166.47,167.47,167.99,182.19,183.1,115.0,120.0,120.0,122.0,124.0,125.0,125.0,125.95,128.48,129.0,129.95,129.99,134.95,136.99,137.99,138.99,140.0,140.0,140.0,142.0,144.0,149.0,149.0,150.0,150.0,150.0,150.0,150.0,159.99,175.0
2026-09-18 18:01:30,Pokemon Violet ex Booster Display (Jpn),single,219,74.14,74.18,74.19,69.06,69.52,76.85,79.05,74.14,74.18,74.19,76.18,76.69,77.18,77.18,77.18,77.19,78.98,79.69,83.18,85.38,87.18,87.18,87.47,88.09,90.1,91.98,91.98,91.99,93.05,93.88,94.24,94.53,94.88,95.08,95.89,96.79,96.89,65.99,66.95,66.99,67.0,68.99,69.5,69.99,69.99,69.99,69.99,70.0,70.0,70.0,72.5,74.99,75.0,75.99,77.0,77.54,78.88,78.88,78.9,79.9,79.95,79.99,79.99,79.99,80.0,80.0,87.89
2026-09-18 18:01:30,Pokemon Brilliant Stars Booster Display (De),single,217,341.18,342.19,344.09,339.71,347.77,348.9,359.25,341.18,342.19,344.09,344.19,344.39,344.85,347.14,352.14,357.18,357.19,357.19,378.73,386.19,387.19,404.89,407.18,446.19,454.97,456.69,486.19,489.39,502.19,503.17,506.19,506.87,507.09,507.18,519.38,519.39,604.13,315.0,325.0,333.99,335.0,336.9,337.0,339.9,339.95,344.95,349.99,350.0,350.0,379.0,380.0,399.9,399.99,439.0,449.5,449.99,470.0,479.0,495.0,495.98,499.0,499.68,499.9,499.99,499.99,500.0,589.95
2026-09-18 18:01:30,Pokemon Lost Origin Booster Display (De),single,354,356.19,367.18,372.19,368.73,370.98,376.73,380.0,356.19,367.18,372.19,374.19,375.85,375.89,376.19,377.19,380.19,382.18,383.18,387.19,387.19,402.18,403.09,406.13,406.19,406.19,406.89,407.18,407.19,407.19,428.73,432.19,432.19,436.19,456.18,457.17,457.18,457.19,349.0,359.99,365.0,365.0,367.0,369.0,369.9,370.0,370.9,373.0,374.99,375.99,380.0,380.0,394.99,395.9,398.94,399.0,399.0,399.99,400.0,400.0,401.9,425.0,425.0,429.0,448.99,449.98,449.99,449.99
2026-09-18 18:01:30,Pokemon Twilight Masquerade Booster Display (De),single,269,267.09,267.19,272.08,270.45,278.52,279.16,286.37,267.09,267.19,272.08,272.14,276.19,277.19,279.34,282.19,287.07,287.09,302.13,304.98,306.87,306.87,307.18,407.18,1014.17,,,,,,,,,,,,,,259.9,259.95,260.0,264.89,264.95,269.0,270.0,275.0,279.88,279.9,294.94,299.68,299.68,299.99,299.99,399.99,999.99,,,,,,,,,,,,,
2026-09-18 18:01:30,Pokemon Prismatic Evolutions Mini Tin Display (Eng),single,325,263.73,264.55,267.99,246.04,245.88,272.59,274.13,263.73,264.55,267.99,269.44,270.47,270.91,272.5,275.8,276.45,277.19,277.75,279.55,281.0,282.18,282.5,284.85,286.19,286.5,286.68,287.18,289.54,292.19,292.74,297.17,297.19,297.45,299.5,301.44,302.5,303.97,200.0,235.0,235.0,244.0,244.44,245.0,249.89,249.99,249.99,250.0,250.0,254.9,259.99,260.0,260.0,264.0,269.99,270.0,274.99,279.0,279.49,279.9,279.9,279.95,279.99,280.0,285.0,289.0,289.95,289.98
2026-09-18 18:01:30,Pokemon Prismatic Evolutions Booster Bundle Display (Eng),case,205,1006.5,1056.5,1114.68,1069.75,1109.3,1122.3,1171.12,1006.5,1056.5,1114.68,1138.0,1180.0,1191.5,1236.7,1250.0,1265.58,1271.7,1285.68,1285.7,1285.7,1293.86,1296.86,1300.0,1310.73,1330.89,1346.8,1346.8,1350.0,1361.7,1361.7,1365.56,1386.7,1399.0,1400.0,1400.0,1400.0,1415.67,950.0,1000.0,1080.0,1099.0,1100.0,1125.0,1150.0,1189.0,1200.0,1200.0,1235.0,1247.0,1249.0,1249.0,1249.0,1249.0,1249.9,1250.0,1250.0,1270.0,1299.0,1300.0,1300.0,1300.0,1325.0,1325.0,1325.0,1349.88,1350.0,1350.0
2026-09-18 18:01:30,Pokemon Prismatic Evolutions ETB (De),single,2251,152.18,152.19,156.18,149.5,151.26,158.31,159.93,152.18,152.19,156.18,156.19,157.17,157.18,157.19,160.19,160.19,162.18,162.19,164.39,167.19,167.19,167.19,167.19,169.39,172.18,172.19,172.19,172.19,172.19,176.09,177.09,177.14,177.18,177.19,179.39,182.19,183.8,144.99,145.0,145.0,148.99,149.0,149.98,149.99,150.0,150.0,153.0,153.0,154.99,155.0,160.0,160.0,160.0,160.0,160.0,164.99,165.0,165.0,165.0,165.0,168.9,169.9,169.95,169.99,170.0,174.9,174.99
2026-09-18 18:01:30,Pokemon Prismatic Evolutions ETB (Eng),single,2251,169.69,171.06,174.0,161.62,163.4,176.61,177.31,169.69,171.06,174.0,174.55,175.19,177.19,177.19,177.19,178.0,179.55,179.55,180.19,182.05,182.13,182.19,184.55,184.85,184.97,187.41,187.42,188.5,189.55,189.55,189.55,191.5,192.19,192.42,192.5,192.87,193.98,154.99,155.0,155.0,160.0,160.0,160.0,162.5,162.5,165.0,168.0,168.95,169.0,169.99,170.0,170.0,170.0,170.0,170.0,170.0,170.0,170.0,173.0,174.94,174.99,174.99,174.99,175.0,175.0,175.0,175.0
2026-09-18 18:01:30,Prismatic Evolutions Super-Premium Collection (Eng),single,1562,280.98,282.89,283.93,269.73,270.84,286.05,287.28,280.98,282.89,283.93,284.24,284.55,284.77,286.77,287.64,287.77,288.69,288.69,289.5,289.62,294.55,294.55,294.55,294.55,294.67,294.77,295.94,298.5,298.55,298.77,301.9,302.9,303.69,304.05,305.99,308.54,308.69,265.0,265.0,267.0,268.0,269.0,269.85,269.95,270.0,270.0,274.0,274.9,274.9,274.94,274.99,275.0,275.0,275.0,275.0,275.0,275.55,278.95,279.0,279.0,279.95,280.0,280.0,284.5,285.0,288.99,289.9
2026-09-18 18:01:30,Prismatic Evolutions Super-Premium Collection (De),single,1562,203.68,203.69,206.67,198.62,199.38,208.56,209.42,203.68,203.69,206.67,206.68,207.69,208.69,208.69,208.69,209.69,211.64,211.69,211.9,213.57,213.58,214.69,215.68,215.69,215.69,216.98,217.69,218.64,218.64,218.68,218.69,218.69,218.69,218.69,220.69,220.9,223.69,190.0,194.99,195.0,197.98,197.99,199.0,199.0,200.0,200.0,200.0,201.0,202.95,203.0,204.88,204.89,206.0,206.99,207.0,207.0,209.0,209.95,209.95,209.99,210.0,210.0,210.0,210.0,210.49,212.0,215.0
2026-09-18 18:01:30,Pokemon Black Bolt & White Flare Unova Mini Tin Display (Eng),single,111,237.19,240.19,242.09,234.99,237.65,247.32,250.77,237.19,240.19,242.09,242.19,243.19,247.09,248.5,251.48,251.98,252.05,256.19,257.19,258.5,266.36,267.42,269.94,271.89,286.99,294.55,298.33,299.5,302.14,306.87,307.17,312.7,319.54,407.19,614.17,1014.17,,224.0,230.0,232.5,233.0,234.0,234.6,234.9,235.0,236.0,239.89,239.9,245.99,245.99,249.0,249.99,250.0,250.0,259.99,269.95,275.0,279.8,279.95,294.95,299.68,299.98,299.99,400.0,599.99,999.99,
2026-09-18 18:01:30,Pokemon Lost Abyss Booster Display (Jpn),single,126,217.47,227.18,232.18,225.62,227.8,239.16,241.8,217.47,227.18,232.18,232.19,234.55,237.18,241.19,242.19,244.39,249.38,249.55,250.0,255.19,257.14,257.18,264.55,272.19,282.19,283.73,289.19,297.18,306.19,307.17,307.18,307.18,307.19,313.73,318.1,319.38,352.19,200.0,215.0,219.99,220.0,224.99,225.0,225.0,229.99,229.99,230.0,234.0,235.0,235.0,245.0,248.0,249.95,249.99,250.0,265.0,275.0,280.0,282.0,289.0,289.99,289.99,293.9,299.0,299.0,299.98,299.99
2026-09-18 18:01:30,Pokemon Terastal Festival ex Booster Display (Jpn),single,965,107.9,112.98,113.05,95.98,96.45,115.81,116.81,107.9,112.98,113.05,114.37,115.99,115.99,116.45,116.47,116.99,117.18,117.5,121.18,121.39,122.19,122.5,122.99,122.99,123.0,123.09,123.18,124.18,125.19,126.19,127.08,127.09,127.1,127.18,127.18,127.19,127.19,89.0,89.99,90.0,94.0,95.0,95.0,96.9,98.98,99.0,99.0,99.95,99.99,100.0,100.0,100.0,102.0,105.0,105.0,105.0,109.99,113.99,114.99,115.0,115.0,115.99,116.0,116.99,118.0,119.0,119.89
2026-09-19 06:01:24,Pokemon Destined Rivals Booster Display (Eng),single,1320,359.5,363.9,365.54,348.73,347.76,370.66,370.81,359.5,363.9,365.54,367.4,369.5,369.55,372.5,373.0,373.9,373.9,373.9,374.39,374.55,375.19,375.39,376.19,376.47,378.05,378.9,379.51,380.5,381.49,381.5,382.19,382.42,382.49,383.0,383.5,383.55,383.9,336.5,340.0,344.9,345.99,349.0,349.95,350.0,350.0,350.0,350.0,350.0,350.0,350.0,350.0,350.0,355.0,355.0,358.5,359.0,359.96,359.99,359.99,360.0,360.0,360.0,360.0,360.0,360.0,361.0,364.0
2026-09-19 06:01:24,Pokemon Destined Rivals Booster Display Case (Eng),case,188,2099.0,2299.0,2300.0,2234.5,2242.6,2310.17,2326.89,2099.0,2299.0,2300.0,2310.22,2331.45,2350.0,2386.8,2392.45,2399.98,2400.0,2400.0,2400.0,2417.48,2421.73,2478.89,2500.0,2517.48,2518.47,2553.4,2553.4,2561.17,2597.8,2599.89,2602.4,2641.45,2642.45,2692.45,2761.16,2795.0,2800.0,1999.0,2199.0,2200.0,2250.0,2289.0,2289.0,2300.0,2300.0,2300.0,2300.0,2300.0,2300.0,2350.0,2399.0,2400.0,2450.0,2450.0,2469.0,2499.0,2499.0,2499.89,2499.99,2500.0,2500.0,2599.0,2600.0,2645.0,2650.0,2650.0,2699.0
2026-09-19 06:01:24,Pokemon Black Bolt ETB (Eng),single,548,132.09,132.19,133.6,124.8,125.88,137.61,138.39,132.09,132.19,133.6,136.19,137.16,137.18,137.18,139.19,140.19,140.19,141.19,141.5,142.19,142.19,143.6,144.5,147.09,147.09,147.09,147.09,147.18,147.99,148.0,148.09,148.55,148.59,149.29,149.39,149.9,149.99,120.0,120.0,120.0,122.0,124.9,124.99,125.0,125.0,127.5,129.0,129.9,129.97,129.99,129.99,130.0,130.0,130.0,132.0,133.0,133.0,133.0,134.0,134.0,134.49,134.95,134.99,135.0,135.0,135.0,139.0
2026-09-19 06:01:24,Pokemon Ascended Heroes ETB (Eng),single,1461,166.4,167.42,169.42,151.68,152.12,171.41,172.68,166.4,167.42,169.42,170.18,170.99,171.5,172.05,172.19,172.42,172.5,176.42,176.99,177.0,177.19,177.5,177.9,179.55,179.89,180.0,180.47,180.5,181.37,181.46,181.5,181.5,181.5,181.5,182.0,182.07,182.18,144.9,145.0,150.0,150.0,150.0,150.0,152.0,152.5,154.0,154.9,154.99,154.99,155.0,156.0,157.5,158.0,159.0,159.0,159.0,159.99,160.0,160.0,160.0,160.0,160.0,160.0,160.0,160.0,162.45,162.99
2026-09-19 06:01:24,Pokemon Ascended Heroes ETB Case (Eng),case,148,1647.8,1650.0,1650.0,1592.49,1625.49,1668.39,1696.63,1647.8,1650.0,1650.0,1667.45,1706.12,1711.12,1717.45,1732.45,1741.45,1742.45,1745.0,1758.25,1782.45,1792.45,1792.45,1811.17,1819.0,1842.45,1842.45,1845.0,1861.16,1883.25,1892.45,1897.7,1900.0,1947.8,1968.48,1992.44,1994.89,1996.8,1550.0,1550.0,1550.0,1625.0,1644.95,1645.0,1649.95,1675.0,1675.0,1690.0,1699.0,1700.0,1719.0,1740.0,1745.0,1750.0,1750.0,1750.0,1799.9,1799.99,1800.0,1800.0,1800.0,1800.0,1850.0,1850.0,1899.0,1900.0,1900.0,1949.99
2026-09-19 06:01:24,Pokemon 30th Celebration ETB (Eng),single,1802,160.0,162.88,162.89,141.11,142.98,166.04,167.64,160.0,162.88,162.89,163.0,163.6,167.42,167.42,168.0,168.0,168.0,170.47,172.99,173.0,173.42,173.5,174.0,174.55,174.55,176.0,177.42,178.55,178.69,179.54,181.0,181.0,181.37,181.47,181.5,181.9,182.1,137.0,139.88,139.89,140.0,140.0,140.0,140.0,140.0,144.0,145.0,145.0,145.0,149.0,149.99,150.0,150.0,150.0,150.0,151.0,152.22,153.95,154.9,155.0,155.0,155.0,156.0,156.0,158.0,158.0,158.0
2026-09-19 06:01:24,Pokemon 30th Celebration Booster Bundle (Eng),single,601,97.19,98.78,99.88,94.66,95.67,104.36,107.07,97.19,98.78,99.88,100.9,102.4,104.73,104.98,106.47,107.45,108.05,108.9,109.98,110.99,117.17,128.19,133.19,,,,,,,,,,,,,,,89.99,89.99,90.0,92.99,94.89,94.95,94.99,95.99,96.0,97.5,97.94,99.95,99.95,99.98,99.99,99.99,,,,,,,,,,,,,,
2026-09-19 06:01:24,Pokemon 30th Celebration Mini Tin Display (Eng),single,66,304.98,308.9,309.0,321.97,330.06,335.61,344.85,304.98,308.9,309.0,310.99,312.42,319.5,328.9,335.94,379.9,388.19,389.98,396.9,397.4,,,,,,,,,,,,,,,,,,279.99,295.0,297.0,299.95,299.95,299.99,319.95,324.95,360.0,374.0,379.98,379.99,380.0,,,,,,,,,,,,,,,,,
2026-09-19 06:01:24,Pokemon Destined Rivals Booster Display (De),single,1320,237.19,249.39,261.18,260.99,260.39,271.91,271.13,237.19,249.39,261.18,267.14,268.0,272.19,276.18,276.19,277.19,277.19,277.39,281.19,282.18,282.18,282.19,282.19,284.85,285.19,286.68,287.09,287.39,288.38,291.18,292.09,292.17,292.18,296.19,297.18,297.19,297.19,230.0,230.0,245.0,253.99,258.0,259.95,265.0,268.0,268.99,268.99,269.0,270.0,270.0,274.0,274.99,274.99,275.0,275.0,278.0,279.49,279.9,279.9,283.99,284.9,284.98,284.99,289.0,289.99,290.0,290.0
2026-09-19 06:01:24,Pokemon Ascended Heroes Mini Tin Display (Eng),single,189,297.19,307.19,311.0,293.61,298.2,316.92,318.14,297.19,307.19,311.0,311.47,311.5,317.19,319.88,321.38,321.45,321.47,324.49,324.8,326.36,327.18,329.55,336.19,337.14,337.18,337.42,338.0,345.99,352.19,359.55,366.45,366.9,369.55,369.55,386.44,386.99,403.97,280.0,280.0,285.0,287.0,290.0,292.0,295.0,299.89,299.99,300.0,310.0,310.0,314.19,314.99,314.99,318.0,319.99,320.0,325.0,329.0,329.95,329.99,340.0,344.99,345.0,350.0,350.0,350.0,379.8,390.0
2026-09-19 06:01:24,Pokemon Ascended Heroes Booster Bundle Display (Eng),case,267,1000.0,1000.0,1011.7,960.0,990.0,1043.35,1077.34,1000.0,1000.0,1011.7,1075.0,1086.7,1090.0,1100.0,1125.0,1139.99,1145.0,1186.6,1186.7,1197.8,1199.0,1200.0,1200.0,1200.0,1236.7,1240.99,1249.95,1250.0,1284.89,1299.0,1300.0,1300.0,1300.0,1300.0,1320.0,1336.7,1336.7,900.0,900.0,975.0,975.0,990.0,1000.0,1025.0,1039.99,1045.0,1050.0,1099.0,1100.0,1100.0,1100.0,1100.0,1149.9,1149.95,1150.0,1150.0,1198.99,1199.0,1200.0,1200.0,1200.0,1200.0,1200.0,1220.0,1249.0,1250.0,1250.0
2026-09-19 06:01:24,Pokemon Ascended Heroes Pokemon Center ETB (Eng),single,303,325.39,341.75,380.39,368.5,373.66,400.03,401.46,325.39,341.75,380.39,385.39,386.19,391.5,406.19,413.1,413.73,423.73,425.19,425.39,427.19,437.19,439.54,439.54,439.55,450.85,451.19,451.19,451.19,455.38,457.18,459.55,461.5,463.72,467.42,467.69,469.53,472.19,299.0,300.0,350.0,355.0,360.0,360.0,370.0,375.0,379.0,399.0,399.99,400.0,418.0,419.99,419.99,420.0,420.0,429.99,430.0,440.0,440.0,444.0,444.0,444.0,445.9,449.95,449.98,449.99,450.0,450.0
2026-09-19 06:01:24,Pokemon Ascended Heroes Pokemon Center ETB (De),single,303,157.19,172.19,172.19,160.35,161.32,174.4,174.83,157.19,172.19,172.19,172.19,173.1,173.99,175.14,175.18,176.19,177.19,177.19,177.39,178.9,182.19,182.19,182.19,182.38,187.18,187.19,192.69,196.48,197.14,197.18,197.18,197.19,197.19,197.19,197.19,203.1,205.18,140.0,149.99,150.0,154.9,155.0,159.99,165.0,165.0,165.0,167.95,167.99,169.0,170.0,170.0,170.0,175.0,175.0,175.0,179.99,180.0,185.5,189.95,189.99,189.99,189.99,190.0,190.0,190.0,190.0,198.0
2026-09-19 06:01:24,Pokemon Ascended Heroes ETB (De),single,1461,107.19,112.08,112.19,108.36,108.18,115.55,115.37,107.19,112.08,112.19,114.14,115.18,116.14,116.18,116.19,117.19,117.19,117.19,117.19,117.19,117.19,118.19,120.14,121.09,121.19,122.14,122.18,122.19,122.19,122.19,122.19,122.19,122.19,122.19,122.19,122.19,122.19,100.0,104.89,105.0,106.95,107.99,108.95,108.99,109.0,110.0,110.0,110.0,110.0,110.0,110.0,111.0,112.95,113.9,114.0,114.95,114.99,115.0,115.0,115.0,115.0,115.0,115.0,115.0,115.0,115.0,115.0
2026-09-19 06:01:24,Pokemon Silver Tempest Booster Display (Eng),single,327,382.19,406.19,407.17,396.25,396.12,415.65,415.39,382.19,406.19,407.17,412.09,412.19,412.19,419.42,419.54,420.49,422.09,422.19,422.5,423.0,423.39,426.18,427.09,427.09,427.09,427.09,427.18,427.18,433.0,434.55,434.55,438.99,439.55,442.19,442.75,444.55,445.38,375.0,385.0,385.0,390.0,397.99,398.0,399.0,399.98,399.99,400.0,400.0,400.0,402.0,404.9,405.0,405.0,410.0,414.9,415.0,415.0,415.0,418.99,419.9,419.9,419.9,419.9,419.99,419.99,419.99,420.0
2026-09-19 06:01:24,Pokemon Lost Origin Booster Display (Eng),single,364,609.18,613.68,614.16,613.54,614.48,635.71,641.88,609.18,613.68,614.16,624.18,629.85,634.08,634.16,634.18,654.55,660.49,663.18,664.08,664.13,664.17,664.17,664.55,674.55,678.55,678.55,680.18,689.84,694.07,694.08,694.55,699.0,703.55,704.08,704.18,708.76,713.18,595.0,599.0,599.5,599.98,610.0,619.0,619.9,619.98,619.99,620.0,620.0,620.0,624.9,625.0,625.0,635.0,645.0,649.0,649.0,649.0,649.9,649.95,649.99,649.99,649.99,650.0,650.0,665.0,666.0,674.0
2026-09-19 06:01:24,Pokemon Chilling Reign Booster Display (Eng),single,174,394.39,397.18,406.19,409.11,412.44,425.56,428.29,394.39,397.18,406.19,417.5,422.5,425.39,427.09,431.5,437.09,437.18,444.55,444.55,444.85,447.19,447.19,447.45,449.55,457.19,464.55,466.42,469.55,469.55,469.55,471.85,497.19,503.72,507.14,507.19,507.19,510.4,369.0,389.99,395.0,399.0,400.0,400.0,409.0,419.9,424.95,425.0,425.0,429.9,429.99,430.0,439.9,439.99,440.0,440.0,445.0,449.0,450.0,450.0,450.0,450.0,450.0,490.0,499.0,499.0,499.9,499.95
2026-09-19 06:01:24,Pokemon Crown Zenith ETB (Eng),single,351,296.19,297.19,299.55,291.98,292.72,310.28,311.75,296.19,297.19,299.55,306.19,307.19,307.41,313.99,314.55,314.94,318.39,319.53,319.55,319.55,319.55,322.49,322.5,322.5,322.74,326.19,326.98,327.14,327.19,327.5,327.75,329.05,329.41,329.54,332.18,332.19,332.19,274.94,280.0,285.0,288.88,289.0,289.99,290.0,295.0,299.0,299.0,299.98,299.99,299.99,300.0,300.0,300.0,300.0,300.0,300.0,300.0,300.0,305.0,305.0,309.5,309.99,315.0,315.0,319.0,319.0,319.95
2026-09-19 06:01:24,Pokemon VSTAR Universe Booster Display (Jpn),single,710,164.85,167.9,173.69,163.17,163.49,175.47,175.06,164.85,167.9,173.69,174.18,174.19,174.69,176.19,176.68,177.09,177.09,177.19,177.19,177.19,178.19,179.55,179.55,182.14,182.18,182.19,182.19,182.19,184.55,185.19,187.19,187.19,188.55,189.5,192.09,192.19,192.75,150.0,155.0,159.9,160.0,160.0,160.0,165.0,166.5,166.99,167.0,167.0,167.5,169.0,169.0,169.49,169.9,169.9,169.99,170.0,170.0,170.0,171.0,174.95,174.99,175.0,175.0,175.0,175.0,175.0,175.0
2026-09-19 06:01:24,Pokemon Flareon VMAX Premium Collection EU Version (Eng),single,86,264.39,304.48,307.14,299.37,296.0,308.51,309.86,264.39,304.48,307.14,307.18,307.19,307.19,307.19,307.19,307.5,317.5,319.55,319.55,322.19,322.5,327.09,327.19,337.74,347.41,363.73,375.72,382.45,413.72,419.54,506.19,507.18,507.18,507.18,507.18,519.39,750.0,245.0,285.0,295.0,299.95,299.99,299.99,300.0,300.0,300.0,300.0,300.0,300.0,300.0,300.0,315.0,319.9,320.0,320.0,329.99,349.99,350.0,359.95,399.99,499.0,499.99,499.99,499.99,499.99,500.0,650.0
2026-09-19 06:01:24,Pokemon Jolteon VMAX Premium Collection EU Version (Eng),single,78,293.98,294.99,297.17,296.1,298.12,304.33,308.19,293.98,294.99,297.17,302.09,302.19,304.48,307.14,307.18,307.19,307.19,309.39,318.39,322.19,322.19,327.09,347.41,363.73,367.73,373.73,375.72,382.45,413.72,419.54,506.19,507.18,507.18,519.39,750.0,950.0,1099.0,287.99,289.98,290.0,290.0,294.9,295.0,299.0,299.95,299.99,299.99,300.0,300.0,300.0,310.0,315.0,315.0,319.9,329.99,349.99,349.99,350.0,359.95,399.99,499.0,499.99,499.99,500.0,650.0,850.0,999.0
2026-09-19 06:01:24,Pokemon Vaporeon VMAX Premium Collection EU Version (Eng),single,67,322.19,327.14,327.18,323.74,332.92,334.84,348.64,322.19,327.14,327.18,327.19,327.19,328.39,337.19,337.19,337.19,357.18,357.19,367.09,383.73,387.41,406.19,413.72,419.54,422.45,425.72,457.18,506.19,507.18,519.39,850.0,950.0,954.55,982.94,1099.0,,,309.0,315.0,319.95,319.99,320.0,320.0,320.0,330.0,330.0,330.0,349.99,349.99,350.0,359.9,369.99,399.0,399.95,399.99,400.0,449.99,499.0,499.99,500.0,750.0,850.0,890.0,925.0,999.0,,
2026-09-19 06:01:24,Pokemon Celebrations ETB (De),single,385,305.19,319.39,322.18,319.25,320.4,327.56,330.81,305.19,319.39,322.18,322.19,326.19,327.19,327.19,327.19,332.18,336.18,337.18,337.19,339.39,347.18,356.19,357.18,357.19,357.19,360.69,363.1,365.19,376.49,377.19,379.34,393.69,394.39,397.19,402.19,406.88,407.19,298.0,300.0,314.99,315.0,319.0,320.0,320.0,320.0,320.0,324.99,325.0,328.99,329.99,330.0,339.99,349.0,349.99,350.0,350.0,353.5,358.0,359.95,370.0,371.5,375.0,386.5,390.0,395.0,399.69,400.0
2026-09-19 06:01:24,Pokemon Champions Path ETB (Eng),single,175,146.19,152.19,155.09,148.23,148.26,156.05,157.43,146.19,152.19,155.09,155.18,155.19,155.19,156.19,157.18,157.18,157.19,157.19,159.39,164.99,166.19,166.98,167.19,167.19,169.38,172.19,174.24,176.19,177.19,177.19,179.55,182.5,183.1,184.97,186.19,189.5,193.19,139.0,140.0,145.0,147.9,147.99,148.0,148.0,149.0,149.99,149.99,149.99,150.0,150.0,150.0,159.0,159.0,159.99,160.0,160.0,160.0,160.0,164.75,165.0,169.0,169.95,170.0,170.0,174.95,174.95,179.0
2026-09-19 06:01:24,Pokemon Tag Team Pikachu & Zekrom GX Premium Collection (Eng),single,37,282.18,285.98,287.19,296.24,305.32,311.75,319.62,282.18,285.98,287.19,292.19,309.55,314.54,316.37,322.19,325.55,326.42,337.5,342.74,347.19,347.5,357.19,371.49,377.19,406.74,422.19,425.47,425.72,454.48,506.19,506.19,523.0,650.0,700.0,1014.18,,,274.99,279.99,280.0,285.0,289.9,290.0,294.99,306.0,309.0,315.0,315.0,325.0,325.0,340.0,349.99,350.0,370.0,399.0,399.99,400.0,415.0,449.99,499.0,499.0,500.0,550.0,600.0,1000.0,,
2026-09-19 06:01:24,Pokemon Tag Team Reshiram & Charizard GX Premium Collection (Eng),single,27,297.18,297.19,319.39,311.11,318.86,325.69,334.3,297.18,297.19,319.39,319.5,324.16,325.19,326.19,326.19,329.54,335.39,341.47,344.55,369.39,371.48,387.74,396.19,404.48,406.19,407.19,494.98,650.0,773.0,2214.13,,,,,,,,289.99,290.0,299.95,300.0,309.99,310.0,315.0,316.97,318.0,319.0,319.0,325.0,349.98,350.0,370.0,389.0,399.0,399.99,400.0,479.99,550.0,750.0,2199.95,,,,,,,
2026-09-19 06:01:24,Pokemon VMAX Climax Booster Display (Jpn),single,184,164.19,167.18,167.18,160.0,160.96,168.31,170.05,164.19,167.18,167.18,167.19,167.19,167.19,167.19,167.19,171.17,172.19,172.19,173.19,175.18,176.19,176.19,177.19,177.99,182.49,183.05,184.55,185.7,186.47,187.18,187.19,187.47,187.5,189.39,192.19,192.74,194.39,157.0,159.99,159.99,159.99,160.0,160.0,160.0,160.0,160.0,160.0,160.0,163.5,163.98,165.0,165.0,165.0,165.0,165.0,166.0,167.99,169.0,169.0,169.9,169.99,170.0,170.0,170.0,170.0,175.0,175.0
2026-09-19 06:01:24,Pokemon Battle Region Booster Display (Jpn),single,92,76.19,78.48,80.09,72.48,73.45,83.01,84.95,76.19,78.48,80.09,80.18,82.14,82.18,83.1,84.19,85.99,86.18,87.08,90.5,92.47,92.47,93.05,96.47,96.99,97.46,103.1,104.29,105.82,106.47,106.99,107.18,107.19,108.1,109.29,111.87,113.09,113.1,68.0,69.0,69.0,70.0,70.0,72.9,72.99,74.95,74.99,74.99,75.0,75.0,77.0,78.99,79.0,79.89,79.95,79.99,79.99,80.0,80.0,84.9,89.0,89.34,89.9,90.0,95.0,96.0,99.0,99.98
2026-09-19 06:01:24,Pokemon Clay Burst Booster Display (Jpn),single,275,92.17,92.19,92.19,85.98,86.52,95.17,97.59,92.17,92.19,92.19,93.09,93.97,94.09,95.19,96.47,97.19,99.19,100.99,101.99,102.19,106.47,106.48,107.19,109.25,110.35,112.37,112.98,112.98,113.1,113.47,115.08,117.09,117.18,117.46,118.65,118.99,119.14,79.0,79.99,84.0,84.98,85.0,85.0,85.0,86.9,88.0,88.98,89.0,90.0,90.0,90.0,92.0,93.16,94.9,95.0,95.0,96.0,99.88,99.88,99.99,100.0,100.0,100.0,105.0,107.89,109.9,109.99
2026-09-19 06:01:24,Pokemon Fusion Strike Booster Display (Eng),single,203,639.14,789.18,793.18,793.87,798.81,823.49,831.77,639.14,789.18,793.18,794.18,799.18,814.17,827.5,833.18,862.41,864.08,878.55,893.1,894.18,895.0,899.55,914.08,914.17,914.18,914.18,923.72,925.0,929.54,929.9,934.17,947.8,947.8,950.0,950.0,962.73,964.17,632.24,775.0,779.0,780.0,785.0,795.0,795.0,797.95,799.99,819.0,825.0,849.0,849.9,850.0,850.0,850.0,850.0,850.0,859.99,870.0,880.0,895.0,895.99,899.0,899.9,899.9,899.99,899.99,899.99,900.0
2026-09-19 06:01:24,Pokemon Astral Radiance Booster Display (Eng),single,279,351.19,357.18,357.19,352.37,354.66,369.64,373.79,351.19,357.18,357.19,360.48,362.19,366.19,369.55,379.5,379.55,382.5,384.55,385.49,388.1,390.49,392.75,395.44,395.47,396.47,402.19,407.19,407.19,408.55,412.72,417.19,422.19,422.98,432.19,437.18,443.72,451.63,344.0,348.99,349.99,350.0,350.0,350.0,350.0,354.99,355.0,359.0,359.95,360.0,360.0,362.99,365.0,368.97,369.0,370.0,379.99,379.99,389.0,395.0,399.98,400.0,400.0,410.0,415.0,425.0,429.99,444.44
2026-09-19 06:01:24,Pokemon Lost Origin ETB (Eng),single,292,191.49,192.19,197.18,192.47,193.67,204.5,205.69,191.49,192.19,197.18,202.08,202.09,206.19,206.89,207.18,207.19,207.19,208.99,212.19,212.41,214.89,217.19,217.19,217.5,217.5,218.39,219.5,219.54,221.69,222.14,223.0,223.0,223.99,227.09,227.09,227.09,227.09,184.3,184.99,185.0,189.99,190.0,194.89,194.9,194.99,195.0,195.0,199.0,199.0,199.0,199.0,199.95,199.99,199.99,199.99,199.99,200.0,200.0,205.0,205.0,209.9,209.9,209.99,210.0,210.0,214.5,214.95
2026-09-19 06:01:24,Pokemon Crown Zenith Galarian Articuno Tin US Version (Eng),single,24,151.63,154.5,157.19,151.05,167.02,169.02,182.19,151.63,154.5,157.19,161.47,166.47,167.19,172.5,173.99,176.19,177.18,177.18,178.09,207.18,207.19,304.96,442.75,,,,,,,,,,,,,,,132.0,135.0,140.0,144.44,144.99,149.99,150.0,150.0,160.0,169.0,169.99,169.99,199.99,200.0,289.97,400.0,,,,,,,,,,,,,,
2026-09-19 06:01:24,Pokemon Crown Zenith Galarian Zapdos Tin US Version (Eng),single,25,136.18,137.18,146.49,138.3,165.09,153.5,181.88,136.18,137.18,146.49,147.1,149.1,151.63,156.19,157.18,157.19,163.09,172.5,177.18,207.18,227.19,442.75,,,,,,,,,,,,,,,,114.0,116.0,123.99,128.99,129.99,129.99,144.44,149.0,149.99,150.0,150.0,169.99,199.99,220.0,400.0,,,,,,,,,,,,,,,
2026-09-19 06:01:24,Pokemon Crown Zenith Galarian Moltres Tin US Version (Eng),single,20,156.0,157.19,162.75,154.75,174.92,174.98,196.58,156.0,157.19,162.75,167.18,168.49,172.5,177.18,182.18,183.09,186.47,186.47,202.75,207.18,442.75,,,,,,,,,,,,,,,,,120.0,145.99,148.0,149.99,150.0,150.0,159.99,160.0,160.0,160.0,169.99,174.99,199.99,400.0,,,,,,,,,,,,,,,,
2026-09-19 06:01:24,Pokemon 151 Zapdos ex Collection (Eng),single,188,124.19,126.18,126.19,121.12,122.51,136.85,138.27,124.19,126.18,126.19,126.19,137.18,138.05,138.73,142.42,143.0,143.04,143.05,143.09,147.5,147.5,147.74,152.19,152.5,157.18,157.19,158.19,162.75,163.1,163.1,168.0,172.49,172.5,197.5,222.5,233.05,306.19,109.9,109.99,117.0,118.99,119.0,119.0,120.0,124.95,125.0,125.0,129.0,129.94,129.95,129.99,130.0,130.0,130.0,134.9,145.0,149.99,149.99,150.0,150.0,150.0,150.0,151.0,175.0,199.95,200.0,299.0
2026-09-19 06:01:24,Pokemon 151 UPC (Eng),single,400,685.68,694.94,715.68,721.12,721.93,738.68,741.23,685.68,694.94,715.68,730.68,735.68,735.68,744.67,745.68,745.68,755.68,760.63,760.68,765.68,765.68,775.68,789.55,789.68,795.68,804.55,804.85,809.55,813.68,814.68,814.68,819.55,820.19,824.55,825.0,825.68,829.55,670.0,679.99,700.0,715.0,720.0,720.0,725.0,728.99,730.0,730.0,735.0,740.0,744.95,745.0,745.0,749.0,750.0,750.0,760.0,760.0,770.0,774.0,775.0,775.0,780.0,780.0,780.0,780.0,787.0,790.0
2026-09-19 06:01:24,Pokemon 151 UPC (De),single,400,648.68,655.68,655.68,650.72,663.24,666.4,678.92,648.68,655.68,655.68,660.67,665.58,665.63,665.67,665.68,675.63,676.68,690.63,710.67,715.63,715.67,715.68,715.68,734.68,740.58,744.68,764.67,765.63,765.68,805.9,805.9,805.9,812.98,815.17,815.67,815.68,895.68,633.0,640.0,640.0,644.99,649.9,649.95,649.99,650.0,659.95,661.0,674.95,694.99,699.95,699.99,700.0,700.0,719.0,724.9,729.0,748.99,749.95,750.0,798.95,799.0,799.49,799.99,799.99,800.0,800.0,800.0
2026-09-19 06:01:24,Pokemon 151 Booster Display (Jpn),single,540,257.18,257.18,260.97,252.82,254.5,264.94,265.81,257.18,257.18,260.97,260.98,261.12,264.55,267.18,267.19,267.98,269.55,269.55,270.15,270.19,271.19,272.18,272.18,273.19,274.19,274.55,275.18,276.19,276.19,277.18,277.18,277.19,279.54,279.54,279.55,280.98,280.99,245.0,249.99,249.99,250.0,250.0,253.78,253.79,254.99,254.99,255.0,259.99,259.99,259.99,259.99,260.0,260.0,260.0,260.0,260.0,263.0,264.0,264.99,264.99,265.2,266.0,267.0,267.99,269.0,269.0,269.99
2026-09-19 06:01:24,Pokemon Paradigm Trigger Booster Display (Jpn),single,152,129.19,129.19,132.09,122.36,123.51,134.67,135.47,129.19,129.19,132.09,132.47,133.09,133.1,136.09,136.18,137.18,137.19,137.47,138.1,139.39,140.14,141.19,147.09,147.19,147.42,148.0,151.42,152.19,152.99,153.1,156.19,156.19,157.46,157.75,163.05,166.19,166.37,115.0,115.0,120.0,120.0,120.0,122.0,122.0,124.9,125.0,125.0,125.9,128.9,128.99,129.99,130.0,130.0,132.95,134.0,134.0,135.0,139.9,139.99,140.0,140.0,140.0,145.0,148.9,149.0,149.0,149.95
2026-09-19 06:01:24,Pokemon Star Birth Booster Display (Jpn),single,92,122.19,127.19,127.19,124.93,126.95,134.28,136.55,122.19,127.19,127.19,129.19,131.19,132.19,133.14,136.19,142.14,143.05,143.09,144.18,145.18,145.9,146.18,147.19,147.5,149.19,156.19,157.19,157.19,157.47,159.39,161.47,164.48,166.47,167.47,167.99,182.19,183.1,115.0,120.0,120.0,122.0,124.0,125.0,125.0,125.95,128.48,129.0,129.95,129.99,134.95,136.99,137.99,138.99,140.0,140.0,140.0,142.0,144.0,149.0,149.0,150.0,150.0,150.0,150.0,150.0,159.99,175.0
2026-09-19 06:01:24,Pokemon Violet ex Booster Display (Jpn),single,219,74.14,74.18,74.19,69.06,69.52,76.85,79.05,74.14,74.18,74.19,76.18,76.69,77.18,77.18,77.18,77.19,78.98,79.69,83.18,85.38,87.18,87.18,87.47,88.09,90.1,91.98,91.98,91.99,93.05,93.88,94.24,94.53,94.88,95.08,95.89,96.79,96.89,65.99,66.95,66.99,67.0,68.99,69.5,69.99,69.99,69.99,69.99,70.0,70.0,70.0,72.5,74.99,75.0,75.99,77.0,77.54,78.88,78.88,78.9,79.9,79.95,79.99,79.99,79.99,80.0,80.0,80.0
2026-09-19 06:01:24,Pokemon Brilliant Stars Booster Display (De),single,226,341.18,342.19,344.09,339.71,347.77,348.9,359.25,341.18,342.19,344.09,344.19,344.39,344.85,347.14,352.14,357.18,357.19,357.19,378.73,386.19,387.19,404.89,407.18,446.19,454.97,456.69,486.19,489.39,502.19,503.17,506.19,506.87,507.09,507.18,519.38,519.39,604.13,315.0,325.0,333.99,335.0,336.9,337.0,339.9,339.95,344.95,349.99,350.0,350.0,379.0,380.0,399.9,399.99,439.0,449.5,449.99,470.0,479.0,495.0,495.98,499.0,499.68,499.9,499.99,499.99,500.0,589.95
2026-09-19 06:01:24,Pokemon Lost Origin Booster Display (De),single,364,356.19,367.18,372.19,368.73,370.98,376.73,380.0,356.19,367.18,372.19,374.19,375.85,375.89,376.19,377.19,380.19,382.18,383.18,387.19,387.19,402.18,403.09,406.13,406.19,406.19,406.89,407.18,407.19,407.19,428.73,432.19,432.19,436.19,456.18,457.17,457.18,457.19,349.0,359.99,365.0,365.0,367.0,369.0,369.9,370.0,370.9,373.0,374.99,375.99,380.0,380.0,394.99,395.9,398.94,399.0,399.0,399.99,400.0,400.0,401.9,425.0,425.0,429.0,448.99,449.98,449.99,449.99
2026-09-19 06:01:24,Pokemon Twilight Masquerade Booster Display (De),single,269,267.09,267.19,272.08,270.45,278.52,279.16,286.37,267.09,267.19,272.08,272.14,276.19,277.19,279.34,282.19,287.07,287.09,302.13,304.98,306.87,306.87,307.18,407.18,1014.17,,,,,,,,,,,,,,259.9,259.95,260.0,264.89,264.95,269.0,270.0,275.0,279.88,279.9,294.94,299.68,299.68,299.99,299.99,399.99,999.99,,,,,,,,,,,,,
2026-09-19 06:01:24,Pokemon Prismatic Evolutions Mini Tin Display (Eng),single,325,263.73,264.55,267.99,246.04,245.88,272.59,274.13,263.73,264.55,267.99,269.44,270.47,270.91,272.5,275.8,276.45,277.19,277.75,279.55,281.0,282.18,282.5,284.85,286.19,286.5,286.68,287.18,289.54,292.19,292.74,297.17,297.19,297.45,299.5,301.44,302.5,303.97,200.0,235.0,235.0,244.0,244.44,245.0,249.89,249.99,249.99,250.0,250.0,254.9,259.99,260.0,260.0,264.0,269.99,270.0,274.99,279.0,279.49,279.9,279.9,279.95,279.99,280.0,285.0,289.0,289.95,289.98
2026-09-19 06:01:24,Pokemon Prismatic Evolutions Booster Bundle Display (Eng),case,205,1006.5,1056.5,1114.68,1069.75,1109.3,1122.3,1171.12,1006.5,1056.5,1114.68,1138.0,1180.0,1191.5,1236.7,1250.0,1265.58,1271.7,1285.68,1285.7,1285.7,1293.86,1296.86,1300.0,1310.73,1330.89,1346.8,1346.8,1350.0,1361.7,1361.7,1365.56,1386.7,1399.0,1400.0,1400.0,1400.0,1415.67,950.0,1000.0,1080.0,1099.0,1100.0,1125.0,1150.0,1189.0,1200.0,1200.0,1235.0,1247.0,1249.0,1249.0,1249.0,1249.0,1249.9,1250.0,1250.0,1270.0,1299.0,1300.0,1300.0,1300.0,1325.0,1325.0,1325.0,1349.88,1350.0,1350.0
2026-09-19 06:01:24,Pokemon Prismatic Evolutions ETB (De),single,2251,142.19,152.18,152.19,147.87,148.6,156.06,157.27,142.19,152.18,152.19,152.19,156.18,156.19,157.17,157.18,157.19,160.19,160.19,162.18,162.19,164.39,167.19,167.19,167.19,167.19,169.39,172.18,172.19,172.19,172.19,172.19,176.09,177.09,177.14,177.18,177.19,179.39,135.0,144.99,145.0,145.0,145.0,148.99,149.0,149.98,149.99,150.0,150.0,153.0,153.0,154.99,155.0,160.0,160.0,160.0,160.0,160.0,164.99,165.0,165.0,165.0,165.0,168.9,169.9,169.95,169.99,170.0
2026-09-19 06:01:24,Pokemon Prismatic Evolutions ETB (Eng),single,2251,169.69,171.06,174.0,160.62,162.6,176.06,176.81,169.69,171.06,174.0,174.55,175.19,175.19,177.19,177.19,177.19,178.0,179.55,179.55,180.18,181.5,182.05,182.13,182.19,184.55,184.85,184.97,187.41,187.42,188.5,189.55,189.55,189.55,191.5,192.19,192.42,192.87,154.99,155.0,155.0,160.0,160.0,160.0,160.0,162.5,162.5,165.0,168.0,168.0,168.95,169.0,169.99,170.0,170.0,170.0,170.0,170.0,170.0,170.0,172.99,174.94,174.99,174.99,175.0,175.0,175.0,175.0
2026-09-19 06:01:24,Prismatic Evolutions Super-Premium Collection (Eng),single,1562,280.98,281.77,282.89,267.98,269.3,284.92,285.76,280.98,281.77,282.89,283.93,284.24,284.54,284.55,284.77,286.77,287.64,287.77,288.69,288.69,289.5,289.62,294.55,294.55,294.55,294.55,294.67,294.76,294.77,295.94,298.5,298.55,298.77,301.9,302.9,303.69,304.05,262.0,264.99,265.0,265.0,267.0,268.0,269.0,269.85,269.95,270.0,270.0,274.0,274.9,274.9,274.94,274.99,274.99,275.0,275.0,275.0,275.0,275.0,275.55,278.95,279.0,279.0,279.95,280.0,280.0,284.5
2026-09-19 06:01:24,Prismatic Evolutions Super-Premium Collection (De),single,1562,61.9,207.69,207.69,200.0,190.11,209.68,201.1,61.9,207.69,207.69,208.69,208.69,208.69,209.69,210.69,211.64,211.69,211.9,213.57,213.58,214.69,215.68,215.69,215.69,216.98,217.69,218.64,218.64,218.68,218.69,218.69,218.69,218.69,220.69,220.9,223.69,228.57,40.0,190.0,199.0,199.0,199.0,200.0,200.0,200.0,201.0,202.0,202.95,203.0,204.88,204.89,206.0,206.99,207.0,207.0,209.0,209.95,209.95,209.99,210.0,210.0,210.0,210.0,210.49,212.0,215.0,219.88
2026-09-19 06:01:24,Pokemon Black Bolt & White Flare Unova Mini Tin Display (Eng),single,111,237.19,240.19,242.09,234.99,237.65,247.32,250.77,237.19,240.19,242.09,242.19,243.19,247.09,248.5,251.48,251.98,252.05,256.19,257.19,258.5,266.36,267.42,269.94,271.89,286.99,294.55,298.33,299.5,302.14,306.87,307.17,312.7,319.54,407.19,614.17,1014.17,,224.0,230.0,232.5,233.0,234.0,234.6,234.9,235.0,236.0,239.89,239.9,245.99,245.99,249.0,249.99,250.0,250.0,259.99,269.95,275.0,279.8,279.95,294.95,299.68,299.98,299.99,400.0,599.99,999.99,
2026-09-19 06:01:24,Pokemon Lost Abyss Booster Display (Jpn),single,126,217.47,227.18,232.18,225.62,227.8,239.16,241.8,217.47,227.18,232.18,232.19,234.55,237.18,241.19,242.19,244.39,249.38,249.55,250.0,255.19,257.14,257.18,264.55,272.19,282.19,283.73,289.19,297.18,306.19,307.17,307.18,307.18,307.19,313.73,318.1,319.38,352.19,200.0,215.0,219.99,220.0,224.99,225.0,225.0,229.99,229.99,230.0,234.0,235.0,235.0,245.0,248.0,249.95,249.99,250.0,265.0,275.0,280.0,282.0,289.0,289.99,289.99,293.9,299.0,299.0,299.98,299.99
2026-09-19 06:01:24,Pokemon Terastal Festival ex Booster Display (Jpn),single,965,107.9,109.19,112.18,95.98,96.45,113.62,114.04,107.9,109.19,112.18,112.19,112.19,112.98,113.05,114.37,115.99,115.99,116.45,116.47,116.99,117.18,117.5,121.18,121.39,122.19,122.5,122.99,122.99,123.0,123.09,123.1,123.18,124.18,125.19,126.19,127.08,127.09,89.0,89.99,90.0,94.0,95.0,95.0,96.9,98.98,99.0,99.0,99.95,99.99,100.0,100.0,100.0,102.0,102.0,104.99,105.0,105.0,105.0,105.0,105.0,109.99,110.0,113.99,114.99,115.0,115.0,115.99
2026-09-19 18:35:15,Pokemon Destined Rivals Booster Display (Eng),single,1320,359.5,365.54,367.18,349.25,348.69,371.08,371.0,359.5,365.54,367.18,367.4,369.55,372.19,372.5,372.9,373.0,373.9,373.9,373.9,374.39,374.55,374.55,375.19,375.19,375.39,376.19,376.47,378.05,378.9,379.51,379.99,380.5,381.49,381.5,382.19,382.42,382.49,336.5,344.9,345.99,349.0,349.0,350.0,350.0,350.0,350.0,350.0,350.0,350.0,350.0,350.0,355.0,355.0,355.0,358.5,359.0,359.96,359.99,359.99,359.99,360.0,360.0,360.0,360.0,360.0,360.0,360.0
2026-09-19 18:35:15,Pokemon Destined Rivals Booster Display Case (Eng),case,188,2099.0,2241.45,2250.73,2179.25,2204.4,2270.29,2284.03,2099.0,2241.45,2250.73,2289.99,2299.0,2300.0,2310.22,2331.45,2350.0,2368.48,2386.8,2392.45,2399.98,2400.0,2400.0,2400.0,2417.48,2421.73,2478.89,2500.0,2517.48,2518.47,2553.4,2553.4,2561.17,2597.8,2599.89,2602.4,2641.45,2642.45,1999.0,2129.0,2189.99,2199.0,2199.0,2200.0,2250.0,2289.0,2289.0,2300.0,2300.0,2300.0,2300.0,2300.0,2300.0,2350.0,2350.0,2399.0,2400.0,2450.0,2450.0,2469.0,2499.0,2499.0,2499.89,2499.99,2500.0,2500.0,2599.0,2600.0
2026-09-19 18:35:15,Pokemon Black Bolt ETB (Eng),single,548,132.09,132.19,132.6,126.41,126.68,137.99,139.03,132.09,132.19,132.6,136.19,137.16,137.18,139.19,140.19,140.19,141.19,141.5,142.19,143.55,143.6,146.5,147.09,147.09,147.09,147.09,147.18,147.99,148.0,148.09,148.55,148.59,149.29,149.39,149.39,149.42,149.9,119.0,120.0,124.9,124.99,125.0,125.0,125.0,127.5,129.0,129.9,129.95,129.97,129.99,129.99,130.0,130.0,130.0,130.0,132.0,132.0,133.0,133.0,134.0,134.0,134.49,134.95,134.99,135.0,135.0,139.0
2026-09-19 18:35:15,Pokemon Ascended Heroes ETB (Eng),single,1854,166.4,166.42,167.39,148.62,149.85,168.84,170.02,166.4,166.42,167.39,167.39,167.42,167.42,168.42,170.18,170.99,171.5,172.19,172.42,172.5,173.55,176.07,176.19,176.42,176.99,177.0,177.19,177.5,177.9,179.55,179.55,179.89,180.0,180.47,180.5,181.07,181.37,144.9,145.0,145.0,145.0,149.0,150.0,150.0,150.0,150.0,150.0,151.0,154.0,154.0,154.9,154.99,155.0,156.0,157.5,158.0,159.0,159.0,159.0,159.99,160.0,160.0,160.0,160.0,160.0,160.0,160.0
2026-09-19 18:35:15,Pokemon Ascended Heroes ETB Case (Eng),case,159,1647.8,1650.0,1650.0,1592.49,1625.49,1668.39,1696.63,1647.8,1650.0,1650.0,1667.45,1706.12,1711.12,1717.45,1732.45,1741.45,1742.45,1745.0,1758.25,1782.45,1792.45,1792.45,1811.17,1819.0,1842.45,1842.45,1845.0,1861.16,1883.25,1892.45,1897.7,1900.0,1947.8,1968.48,1992.44,1994.89,1996.8,1550.0,1550.0,1550.0,1625.0,1644.95,1645.0,1649.95,1675.0,1675.0,1690.0,1699.0,1700.0,1719.0,1740.0,1745.0,1750.0,1750.0,1750.0,1799.9,1799.99,1800.0,1800.0,1800.0,1800.0,1850.0,1850.0,1899.0,1900.0,1900.0,1949.99
2026-09-19 18:35:15,Pokemon 30th Celebration ETB (Eng),single,1802,160.06,162.99,163.0,140.62,141.73,165.73,166.82,160.06,162.99,163.0,163.6,164.41,164.98,167.0,167.42,167.42,168.0,168.0,169.98,171.5,171.88,172.0,172.32,172.37,172.99,172.99,173.0,173.0,173.49,173.5,174.0,174.42,174.46,174.46,174.46,174.49,174.55,133.0,134.99,135.0,135.0,139.99,140.0,141.98,143.99,144.0,145.0,145.0,145.0,146.98,147.99,147.99,147.99,149.0,149.99,149.99,150.0,150.0,150.0,150.0,150.0,150.0,150.0,151.0,153.94,153.95,154.9
2026-09-19 18:35:15,Pokemon 30th Celebration Booster Bundle (Eng),single,601,97.17,97.19,98.78,94.14,95.23,103.2,105.0,97.17,97.19,98.78,99.88,100.9,102.4,104.73,104.98,106.47,107.45,108.05,108.9,109.98,110.99,117.17,128.19,133.19,,,,,,,,,,,,,,89.99,89.99,90.0,92.99,93.28,94.89,94.95,94.99,95.99,96.0,97.5,97.94,99.95,99.95,99.98,99.99,99.99,,,,,,,,,,,,,
2026-09-19 18:35:15,Pokemon 30th Celebration Mini Tin Display (Eng),single,66,299.99,304.98,308.9,319.35,331.69,332.32,345.43,299.99,304.98,308.9,310.99,312.42,319.5,328.9,335.94,362.0,379.9,388.19,389.98,396.9,397.4,,,,,,,,,,,,,,,,,279.99,295.0,299.95,299.95,299.98,299.99,319.95,324.95,350.0,360.0,374.0,379.98,379.99,380.0,,,,,,,,,,,,,,,,
2026-09-19 18:35:15,Pokemon Destined Rivals Booster Display (De),single,1320,249.39,262.18,262.19,262.37,262.13,272.03,272.86,249.39,262.18,262.19,267.14,268.0,272.19,276.18,276.19,277.19,277.19,277.39,281.19,282.18,282.18,282.19,282.19,284.85,285.19,286.68,287.09,287.19,287.39,288.38,291.18,292.09,292.17,292.18,296.19,297.18,297.19,230.0,245.0,254.99,255.0,258.0,259.95,265.0,268.0,268.99,268.99,269.0,270.0,270.0,274.0,274.99,274.99,275.0,275.0,278.0,279.49,279.9,279.9,280.0,283.99,284.9,284.98,284.99,289.0,289.99,290.0
2026-09-19 18:35:15,Pokemon Ascended Heroes Mini Tin Display (Eng),single,187,288.67,297.19,307.19,291.11,295.07,315.13,315.41,288.67,297.19,307.19,311.0,311.47,311.5,317.19,319.88,321.38,321.45,321.47,324.49,324.8,326.36,327.18,329.55,336.19,337.14,337.18,337.42,338.0,345.99,352.19,359.55,366.45,366.9,368.55,369.55,369.55,386.44,268.0,280.0,280.0,285.0,287.0,290.0,292.0,295.0,299.89,299.99,300.0,310.0,310.0,314.19,314.99,314.99,318.0,319.99,320.0,325.0,329.0,329.95,329.99,340.0,344.99,345.0,349.0,350.0,350.0,350.0
2026-09-19 18:35:15,Pokemon Ascended Heroes Booster Bundle Display (Eng),case,262,1000.0,1000.0,1011.7,959.98,983.99,1043.35,1071.83,1000.0,1000.0,1011.7,1075.0,1086.7,1089.9,1090.0,1100.0,1125.0,1139.99,1145.0,1149.95,1150.0,1150.0,1186.6,1186.7,1197.8,1199.0,1200.0,1200.0,1200.0,1236.7,1240.99,1284.89,1299.0,1300.0,1300.0,1300.0,1300.0,1320.0,900.0,900.0,975.0,975.0,989.9,990.0,1000.0,1025.0,1039.99,1045.0,1049.95,1050.0,1050.0,1050.0,1099.0,1100.0,1100.0,1100.0,1100.0,1149.9,1150.0,1198.99,1199.0,1200.0,1200.0,1200.0,1200.0,1200.0,1220.0,1249.0
2026-09-19 18:35:15,Pokemon Ascended Heroes Pokemon Center ETB (Eng),single,296,325.39,341.75,380.39,367.87,371.93,397.21,399.06,325.39,341.75,380.39,385.39,386.19,386.5,406.18,406.19,413.1,413.73,423.73,425.19,425.39,427.19,439.54,439.54,439.55,450.85,451.19,451.19,451.19,455.38,457.18,461.5,463.72,467.42,467.69,469.53,472.19,472.5,299.0,300.0,350.0,355.0,360.0,360.0,365.0,375.0,379.0,398.99,399.0,399.99,400.0,418.0,419.99,419.99,420.0,420.0,429.99,440.0,444.0,444.0,444.0,445.9,449.95,449.98,449.99,450.0,450.0,450.0
2026-09-19 18:35:15,Pokemon Ascended Heroes Pokemon Center ETB (De),single,296,172.19,172.19,173.1,162.98,163.19,175.4,176.69,172.19,172.19,173.1,173.99,175.14,175.18,175.19,176.19,177.19,177.19,177.39,178.9,182.19,182.19,182.19,182.38,187.18,187.19,187.19,192.69,196.48,197.14,197.18,197.18,197.19,197.19,197.19,197.19,203.1,205.18,140.0,149.99,154.9,155.0,159.99,165.0,165.0,167.95,167.99,168.0,169.0,170.0,170.0,170.0,175.0,175.0,175.0,179.99,180.0,180.0,185.5,189.95,189.99,189.99,189.99,190.0,190.0,190.0,190.0,198.0
2026-09-19 18:35:15,Pokemon Ascended Heroes ETB (De),single,1854,102.19,114.09,114.14,108.98,108.32,116.18,115.51,102.19,114.09,114.14,115.18,116.14,116.19,116.19,117.18,117.19,117.19,117.19,117.19,117.19,117.19,118.19,120.14,121.04,121.09,121.19,122.14,122.18,122.19,122.19,122.19,122.19,122.19,122.19,122.19,122.19,122.19,95.0,106.9,106.95,107.99,108.95,109.0,109.0,109.99,110.0,110.0,110.0,110.0,110.0,110.0,111.0,112.95,113.85,113.9,114.0,114.95,114.99,115.0,115.0,115.0,115.0,115.0,115.0,115.0,115.0,115.0
2026-09-19 18:35:15,Pokemon Silver Tempest Booster Display (Eng),single,327,382.19,402.09,406.19,395.73,395.85,411.87,413.07,382.19,402.09,406.19,406.19,407.17,412.09,412.19,412.19,419.42,419.54,422.09,422.19,423.0,423.39,426.18,427.09,427.09,427.09,427.09,427.18,427.18,433.0,434.55,434.55,438.99,439.55,442.19,442.75,444.55,445.38,375.0,385.0,385.0,390.0,394.9,398.0,399.0,399.0,399.98,399.99,400.0,400.0,402.0,404.9,405.0,405.0,410.0,414.9,415.0,415.0,415.0,418.99,419.9,419.9,419.9,419.9,419.99,419.99,419.99,420.0
2026-09-19 18:35:15,Pokemon Lost Origin Booster Display (Eng),single,364,609.18,613.68,614.16,613.55,615.48,639.78,644.85,609.18,613.68,614.16,624.18,629.85,634.08,634.18,654.55,663.18,664.08,664.13,664.17,664.17,664.55,674.55,678.55,678.55,680.18,689.84,694.07,694.08,694.55,699.0,703.55,704.08,704.18,713.18,713.18,718.12,719.0,595.0,599.0,599.5,599.98,610.0,619.0,619.9,619.99,620.0,620.0,620.0,624.9,625.0,625.0,635.0,645.0,649.0,649.0,649.0,649.9,649.95,649.99,649.99,650.0,650.0,665.0,666.0,674.0,675.66,679.89
2026-09-19 18:35:15,Pokemon Chilling Reign Booster Display (Eng),single,174,394.39,397.18,406.19,409.11,412.44,425.56,428.29,394.39,397.18,406.19,417.5,422.5,425.39,427.09,431.5,437.09,437.18,444.55,444.55,444.85,447.19,447.19,447.45,449.55,457.19,459.54,464.55,466.42,469.55,469.55,469.55,471.85,497.19,503.72,507.14,507.19,507.19,369.0,389.99,395.0,399.0,400.0,400.0,409.0,419.9,424.95,425.0,425.0,429.9,429.99,430.0,439.9,439.99,439.99,440.0,440.0,445.0,449.0,450.0,450.0,450.0,450.0,450.0,490.0,499.0,499.0,499.9
2026-09-19 18:35:15,Pokemon Crown Zenith ETB (Eng),single,351,296.19,297.19,297.19,289.11,291.05,307.06,309.45,296.19,297.19,297.19,299.55,306.19,307.19,307.41,310.39,313.99,314.55,314.94,318.39,319.53,319.55,319.55,319.55,322.49,322.5,322.5,322.74,326.19,326.98,327.14,327.19,327.5,327.75,329.05,329.41,329.54,332.18,274.94,280.0,285.0,285.0,288.88,289.0,289.99,290.0,290.0,295.0,299.0,299.0,299.98,299.99,299.99,300.0,300.0,300.0,300.0,300.0,300.0,300.0,305.0,305.0,309.5,309.99,315.0,319.0,319.0,319.95
2026-09-19 18:35:15,Pokemon VSTAR Universe Booster Display (Jpn),single,710,162.18,164.85,167.9,161.67,162.53,174.33,173.9,162.18,164.85,167.9,173.69,174.18,174.19,174.69,176.19,176.68,177.09,177.09,177.19,177.19,177.19,178.19,178.98,179.55,179.55,182.14,182.18,182.19,182.19,182.19,184.55,185.19,187.19,187.19,188.55,189.5,192.09,150.0,154.99,155.0,159.9,160.0,160.0,160.0,165.0,166.5,166.99,167.0,167.0,167.5,169.0,169.0,169.49,169.9,169.9,169.99,170.0,170.0,170.0,171.0,174.95,174.99,174.99,175.0,175.0,175.0,175.0
2026-09-19 18:35:15,Pokemon Flareon VMAX Premium Collection EU Version (Eng),single,86,264.39,304.48,307.14,299.37,296.0,308.51,309.86,264.39,304.48,307.14,307.18,307.19,307.19,307.19,307.19,307.5,317.5,319.55,319.55,322.19,322.5,327.09,327.19,337.74,347.41,363.73,375.72,382.45,413.72,419.54,506.19,507.18,507.18,507.18,507.18,519.39,750.0,245.0,285.0,295.0,299.95,299.99,299.99,300.0,300.0,300.0,300.0,300.0,300.0,300.0,300.0,315.0,319.9,320.0,320.0,329.99,349.99,350.0,359.95,399.99,499.0,499.99,499.99,499.99,499.99,500.0,650.0
2026-09-19 18:35:15,Pokemon Jolteon VMAX Premium Collection EU Version (Eng),single,78,293.98,294.99,297.17,296.1,298.12,304.33,308.19,293.98,294.99,297.17,302.09,302.19,304.48,307.14,307.18,307.19,307.19,309.39,318.39,322.19,322.19,327.09,347.41,363.73,367.73,373.73,375.72,382.45,413.72,419.54,506.19,507.18,507.18,519.39,750.0,950.0,1099.0,287.99,289.98,290.0,290.0,294.9,295.0,299.0,299.95,299.99,299.99,300.0,300.0,300.0,310.0,315.0,315.0,319.9,329.99,349.99,349.99,350.0,359.95,399.99,499.0,499.99,499.99,500.0,650.0,850.0,999.0
2026-09-19 18:35:15,Pokemon Vaporeon VMAX Premium Collection EU Version (Eng),single,67,322.19,327.14,327.18,323.74,332.92,334.84,348.64,322.19,327.14,327.18,327.19,327.19,328.39,337.19,337.19,337.19,357.18,357.19,367.09,383.73,387.41,406.19,413.72,419.54,422.45,425.72,457.18,506.19,507.18,519.39,850.0,950.0,954.55,982.94,1099.0,,,309.0,315.0,319.95,319.99,320.0,320.0,320.0,330.0,330.0,330.0,349.99,349.99,350.0,359.9,369.99,399.0,399.95,399.99,400.0,449.99,499.0,499.99,500.0,750.0,850.0,890.0,925.0,999.0,,
2026-09-19 18:35:15,Pokemon Celebrations ETB (De),single,385,305.19,319.39,322.18,317.37,319.4,327.56,330.27,305.19,319.39,322.18,322.19,326.19,327.19,327.19,327.19,332.18,336.18,337.18,337.19,339.39,347.18,348.1,356.19,357.18,357.19,357.19,360.69,365.19,376.49,377.19,379.34,393.69,394.39,397.19,402.19,406.88,407.19,298.0,300.0,310.0,314.99,315.0,319.0,320.0,320.0,320.0,320.0,324.99,328.99,329.99,330.0,339.99,349.0,349.99,350.0,350.0,353.5,358.0,359.95,370.0,371.5,375.0,386.5,390.0,395.0,399.69,400.0
2026-09-19 18:35:15,Pokemon Champions Path ETB (Eng),single,175,146.19,152.19,155.09,148.23,148.26,156.05,157.43,146.19,152.19,155.09,155.18,155.19,155.19,156.19,157.18,157.18,157.19,157.19,159.39,164.99,166.19,166.98,167.19,167.19,169.38,172.19,174.24,176.19,177.19,177.19,179.55,182.5,183.1,184.97,186.19,189.5,193.19,139.0,140.0,145.0,147.9,147.99,148.0,148.0,149.0,149.99,149.99,149.99,150.0,150.0,150.0,159.0,159.0,159.99,160.0,160.0,160.0,160.0,164.75,165.0,169.0,169.95,170.0,170.0,174.95,174.95,175.0
2026-09-19 18:35:15,Pokemon Tag Team Pikachu & Zekrom GX Premium Collection (Eng),single,37,282.18,285.98,287.19,293.11,301.32,308.09,315.62,282.18,285.98,287.19,292.19,297.14,309.55,314.54,316.37,322.19,325.55,326.42,337.5,342.74,347.19,347.5,357.19,371.49,377.19,406.74,422.19,425.47,425.72,454.48,506.19,506.19,523.0,650.0,700.0,1014.18,,274.99,279.99,280.0,285.0,289.9,289.95,290.0,294.99,306.0,309.0,315.0,315.0,325.0,325.0,340.0,349.99,350.0,370.0,399.0,399.99,400.0,415.0,449.99,499.0,499.0,500.0,550.0,600.0,1000.0,
2026-09-19 18:35:15,Pokemon Tag Team Reshiram & Charizard GX Premium Collection (Eng),single,27,297.18,297.19,319.39,313.12,322.53,326.15,336.2,297.18,297.19,319.39,323.17,324.16,325.19,326.19,326.19,329.54,335.39,341.47,344.55,369.39,387.74,396.19,404.48,406.19,407.19,494.98,650.0,773.0,2214.13,,,,,,,,,289.99,290.0,300.0,309.99,310.0,315.0,315.98,316.97,318.0,319.0,319.0,325.0,350.0,370.0,389.0,399.0,399.99,400.0,479.99,550.0,750.0,2199.95,,,,,,,,
2026-09-19 18:35:15,Pokemon VMAX Climax Booster Display (Jpn),single,184,164.19,167.18,167.19,160.0,161.3,168.31,170.05,164.19,167.18,167.19,167.19,167.19,167.19,167.19,167.19,171.17,172.19,172.19,173.19,175.18,176.19,176.19,177.19,177.99,182.49,183.05,184.55,185.7,187.18,187.19,187.47,187.5,189.39,192.74,194.39,194.97,197.09,157.0,159.99,159.99,160.0,160.0,160.0,160.0,160.0,160.0,160.0,163.5,163.98,165.0,165.0,165.0,165.0,165.0,166.0,167.99,169.0,169.0,169.9,169.99,170.0,170.0,170.0,170.0,175.0,175.0,179.99
2026-09-19 18:35:15,Pokemon Battle Region Booster Display (Jpn),single,92,78.48,80.09,80.18,73.23,74.18,83.88,86.3,78.48,80.09,80.18,82.14,82.18,83.1,84.19,85.99,86.18,87.08,90.5,92.47,92.47,93.05,96.47,96.99,97.46,103.1,104.29,105.82,106.47,106.99,107.18,107.19,108.1,109.29,111.87,113.09,113.1,113.47,68.0,69.0,70.0,70.0,72.9,72.99,74.95,74.99,74.99,75.0,75.0,77.0,78.99,79.0,79.89,79.95,79.99,79.99,80.0,80.0,84.9,89.0,89.34,89.9,90.0,95.0,96.0,99.0,99.98,99.99
2026-09-19 18:35:15,Pokemon Clay Burst Booster Display (Jpn),single,275,92.17,92.19,92.19,85.98,86.52,95.17,97.42,92.17,92.19,92.19,93.09,93.97,94.09,95.19,96.47,97.19,99.19,100.99,101.99,102.19,103.98,106.47,106.48,107.19,109.25,110.35,112.37,112.98,112.98,113.1,113.47,115.08,117.09,117.18,117.46,118.65,118.99,79.0,79.99,84.0,84.98,85.0,85.0,85.0,86.9,88.0,88.98,89.0,90.0,90.0,90.0,92.0,93.16,94.9,95.0,95.0,96.0,99.88,99.88,99.99,99.99,100.0,100.0,100.0,105.0,107.89,109.9
2026-09-19 18:35:15,Pokemon Fusion Strike Booster Display (Eng),single,203,789.18,793.18,794.18,803.62,815.46,838.16,852.23,789.18,793.18,794.18,799.18,814.17,833.18,859.5,862.41,864.08,878.55,893.1,894.18,895.0,899.55,914.08,914.17,914.18,914.18,923.72,925.0,929.54,929.9,934.17,947.8,947.8,950.0,950.0,962.73,964.17,982.85,775.0,779.0,780.0,785.0,795.0,795.0,799.99,819.0,825.0,829.95,849.0,849.9,850.0,850.0,850.0,850.0,850.0,859.99,870.0,880.0,895.0,895.99,899.0,899.9,899.9,899.99,899.99,899.99,900.0,900.0
2026-09-19 18:35:15,Pokemon Astral Radiance Booster Display (Eng),single,279,351.19,357.18,357.19,352.37,354.66,369.64,373.79,351.19,357.18,357.19,360.48,362.19,366.19,369.55,379.5,379.55,382.5,384.55,385.49,388.1,390.49,392.75,395.44,395.47,396.47,402.19,407.19,407.19,408.55,412.72,417.19,422.19,422.98,432.19,437.18,443.72,451.63,344.0,348.99,349.99,350.0,350.0,350.0,350.0,354.99,355.0,359.0,359.95,360.0,360.0,362.99,365.0,368.97,369.0,370.0,379.99,379.99,389.0,395.0,399.98,400.0,400.0,410.0,415.0,425.0,429.99,444.44
2026-09-19 18:35:15,Pokemon Lost Origin ETB (Eng),single,292,192.19,197.18,197.42,189.22,190.32,203.45,204.7,192.19,197.18,197.42,197.55,202.08,202.09,206.89,207.18,207.19,207.19,208.55,208.99,211.47,212.19,212.41,214.89,217.19,217.19,217.5,217.5,218.39,219.5,219.54,221.69,222.14,223.0,223.99,227.09,227.09,227.09,178.0,180.0,184.99,185.0,185.0,189.0,189.99,190.0,194.89,194.9,194.99,195.0,195.0,199.0,199.0,199.95,199.99,199.99,199.99,199.99,200.0,200.0,205.0,205.0,209.9,209.9,209.99,210.0,210.0,214.5
2026-09-19 18:35:15,Pokemon Crown Zenith Galarian Articuno Tin US Version (Eng),single,24,151.63,154.5,157.19,154.8,184.36,170.36,200.61,151.63,154.5,157.19,161.47,167.19,172.5,173.99,176.19,177.18,177.18,178.09,207.18,207.19,304.96,442.75,,,,,,,,,,,,,,,,132.0,135.0,144.44,144.99,149.99,150.0,150.0,160.0,169.0,169.99,169.99,199.99,200.0,289.97,400.0,,,,,,,,,,,,,,,
2026-09-19 18:35:15,Pokemon Crown Zenith Galarian Zapdos Tin US Version (Eng),single,25,136.18,137.18,146.49,138.3,165.09,153.5,181.88,136.18,137.18,146.49,147.1,149.1,151.63,156.19,157.18,157.19,163.09,172.5,177.18,207.18,227.19,442.75,,,,,,,,,,,,,,,,114.0,116.0,123.99,128.99,129.99,129.99,144.44,149.0,149.99,150.0,150.0,169.99,199.99,220.0,400.0,,,,,,,,,,,,,,,
2026-09-19 18:35:15,Pokemon Crown Zenith Galarian Moltres Tin US Version (Eng),single,20,156.0,157.19,162.75,156.0,176.07,174.98,197.36,156.0,157.19,162.75,167.18,168.49,172.5,177.18,182.18,183.09,186.47,202.75,207.18,442.75,,,,,,,,,,,,,,,,,,120.0,145.99,148.0,149.99,150.0,150.0,159.99,160.0,160.0,169.99,174.99,199.99,400.0,,,,,,,,,,,,,,,,,
2026-09-19 18:35:15,Pokemon 151 Zapdos ex Collection (Eng),single,188,124.19,126.18,126.19,119.24,120.45,135.48,137.23,124.19,126.18,126.19,126.19,132.1,137.18,138.05,138.73,142.42,143.0,143.04,143.05,143.09,147.5,147.5,147.74,152.19,152.5,157.18,157.19,158.19,162.75,163.1,163.1,168.0,172.49,172.5,197.5,222.5,233.05,99.0,109.9,109.99,117.0,118.99,119.0,119.0,120.0,124.95,125.0,125.0,129.0,129.94,129.95,129.99,130.0,130.0,130.0,134.9,145.0,149.99,149.99,150.0,150.0,150.0,150.0,151.0,175.0,199.95,200.0
2026-09-19 18:35:15,Pokemon 151 UPC (Eng),single,400,685.68,694.94,714.94,716.12,717.26,732.34,734.84,685.68,694.94,714.94,715.68,730.68,735.67,735.68,735.68,744.67,745.68,745.68,755.68,760.63,760.68,760.68,765.68,765.68,789.55,789.68,795.68,804.55,804.85,809.55,813.68,814.68,814.68,819.55,820.19,824.55,825.0,670.0,679.99,699.99,700.0,715.0,719.99,720.0,720.0,725.0,728.99,730.0,730.0,735.0,740.0,744.95,745.0,745.0,745.0,749.0,750.0,750.0,760.0,770.0,774.0,775.0,775.0,780.0,780.0,780.0,780.0
2026-09-19 18:35:15,Pokemon 151 UPC (De),single,400,648.68,655.68,655.68,650.72,663.24,666.4,678.92,648.68,655.68,655.68,660.67,665.58,665.63,665.67,665.68,675.63,676.68,690.63,710.67,715.63,715.67,715.68,715.68,734.68,740.58,744.68,764.67,765.63,765.68,805.9,805.9,805.9,812.98,815.17,815.67,815.68,895.68,633.0,640.0,640.0,644.99,649.9,649.95,649.99,650.0,659.95,661.0,674.95,694.99,699.95,699.99,700.0,700.0,719.0,724.9,729.0,748.99,749.95,750.0,798.95,799.0,799.49,799.99,799.99,800.0,800.0,800.0
2026-09-19 18:35:15,Pokemon 151 Booster Display (Jpn),single,540,257.18,257.18,260.97,252.82,253.83,264.02,265.14,257.18,257.18,260.97,260.98,261.12,262.19,264.55,267.18,267.19,267.98,269.55,269.55,270.15,270.19,271.19,272.18,272.18,273.19,274.19,274.55,275.18,276.19,276.19,277.18,277.18,277.19,279.54,279.54,279.55,280.98,245.0,249.99,249.99,250.0,250.0,253.78,253.79,254.99,254.99,255.0,255.0,255.0,259.99,259.99,259.99,259.99,260.0,260.0,260.0,260.0,260.0,263.0,264.0,264.99,264.99,265.2,266.0,267.0,267.99,269.0
2026-09-19 18:35:15,Pokemon Paradigm Trigger Booster Display (Jpn),single,152,129.18,129.19,129.19,121.99,122.98,133.67,134.67,129.18,129.19,129.19,132.09,132.47,133.09,133.1,136.09,136.18,137.18,137.19,137.47,138.1,139.39,140.14,141.19,143.98,147.09,147.19,147.42,148.0,151.42,152.19,152.99,153.1,156.19,156.19,157.46,157.75,163.05,115.0,115.0,120.0,120.0,120.0,121.99,122.0,122.0,124.9,125.0,125.0,125.9,128.9,128.99,129.99,130.0,130.0,132.95,134.0,134.0,135.0,139.9,139.99,139.99,140.0,140.0,140.0,145.0,148.9,149.0
2026-09-19 18:35:15,Pokemon Star Birth Booster Display (Jpn),single,92,122.19,127.19,127.19,124.93,126.75,133.78,136.07,122.19,127.19,127.19,129.19,131.19,132.19,133.14,136.19,138.98,142.14,143.05,143.09,144.18,145.18,145.9,146.18,147.19,147.5,149.19,156.19,157.19,157.19,157.47,159.39,161.47,164.48,166.47,167.47,167.99,182.19,115.0,120.0,120.0,122.0,124.0,125.0,125.0,125.95,128.48,129.0,129.95,129.99,134.95,134.99,136.99,137.99,138.99,140.0,140.0,140.0,142.0,144.0,149.0,149.0,150.0,150.0,150.0,150.0,150.0,159.99
2026-09-19 18:35:15,Pokemon Violet ex Booster Display (Jpn),single,226,73.44,73.68,74.18,68.68,69.28,76.53,78.8,73.44,73.68,74.18,74.19,76.18,77.18,77.18,77.18,77.19,78.98,79.69,83.18,85.38,87.18,87.18,87.47,88.09,90.1,91.98,91.98,91.99,93.05,93.88,94.24,94.53,94.88,95.08,95.89,96.79,96.89,65.99,66.25,66.49,66.99,67.0,68.99,69.99,69.99,69.99,69.99,70.0,70.0,70.0,72.5,74.99,75.0,75.99,77.0,77.54,78.88,78.88,78.9,79.9,79.95,79.99,79.99,79.99,80.0,80.0,80.0
2026-09-19 18:35:15,Pokemon Brilliant Stars Booster Display (De),single,226,341.18,342.19,344.09,339.71,347.77,348.9,359.25,341.18,342.19,344.09,344.19,344.39,344.85,347.14,352.14,357.18,357.19,357.19,378.73,386.19,387.19,404.89,407.18,446.19,454.97,456.69,486.19,489.39,502.19,503.17,506.19,506.87,507.09,507.18,519.38,519.39,604.13,315.0,325.0,333.99,335.0,336.9,337.0,339.9,339.95,344.95,349.99,350.0,350.0,379.0,380.0,399.9,399.99,439.0,449.5,449.99,470.0,479.0,495.0,495.98,499.0,499.68,499.9,499.99,499.99,500.0,589.95
2026-09-19 18:35:15,Pokemon Lost Origin Booster Display (De),single,364,372.19,374.19,375.85,371.35,376.71,379.73,385.93,372.19,374.19,375.85,375.89,376.19,377.19,380.19,382.18,383.18,387.19,387.19,402.18,403.09,406.13,406.19,406.19,406.89,407.18,407.19,407.19,422.19,428.73,432.19,436.19,456.18,457.17,457.18,457.19,457.19,462.89,365.0,365.0,367.0,369.0,369.9,370.0,370.9,373.0,374.99,375.99,380.0,380.0,394.99,395.9,398.94,399.0,399.0,399.99,400.0,400.0,401.9,415.0,425.0,429.0,448.99,449.98,449.99,449.99,450.0,450.0
2026-09-19 18:35:15,Pokemon Twilight Masquerade Booster Display (De),single,266,272.08,272.14,276.19,282.25,341.63,290.11,350.03,272.08,272.14,276.19,277.19,279.34,287.07,287.09,302.13,304.98,306.87,306.87,307.18,407.18,1014.17,,,,,,,,,,,,,,,,,259.95,264.89,264.95,269.0,270.0,279.88,279.9,294.94,299.68,299.68,299.99,299.99,399.99,999.99,,,,,,,,,,,,,,,,
2026-09-19 18:35:15,Pokemon Prismatic Evolutions Mini Tin Display (Eng),single,325,264.55,267.99,269.44,247.91,250.15,273.81,275.54,264.55,267.99,269.44,270.47,270.91,272.5,275.8,276.45,277.19,277.75,279.55,281.0,282.18,282.5,284.85,286.19,286.5,286.68,287.18,289.54,292.19,292.74,297.17,297.19,297.45,299.5,301.44,302.5,303.97,306.14,235.0,235.0,244.0,244.44,245.0,249.89,249.99,249.99,250.0,250.0,254.9,259.99,260.0,260.0,264.0,269.99,270.0,274.99,275.0,279.0,279.49,279.9,279.9,279.95,279.99,280.0,285.0,289.0,289.95,289.98
2026-09-19 18:35:15,Pokemon Prismatic Evolutions Booster Bundle Display (Eng),case,205,1006.5,1056.5,1138.0,1076.25,1122.9,1141.5,1188.22,1006.5,1056.5,1138.0,1180.0,1191.5,1236.7,1250.0,1265.58,1271.7,1285.68,1285.7,1285.7,1293.86,1296.86,1300.0,1310.73,1330.89,1346.8,1346.8,1350.0,1361.7,1361.7,1365.56,1386.7,1399.0,1400.0,1400.0,1400.0,1415.67,1415.68,950.0,1000.0,1080.0,1100.0,1125.0,1150.0,1189.0,1200.0,1200.0,1235.0,1247.0,1249.0,1249.0,1249.0,1249.0,1249.9,1250.0,1250.0,1270.0,1299.0,1300.0,1300.0,1300.0,1325.0,1325.0,1325.0,1349.88,1350.0,1350.0,1350.0
2026-09-19 18:35:15,Pokemon Prismatic Evolutions ETB (De),single,2251,142.19,152.18,152.19,149.0,149.99,157.8,158.66,142.19,152.18,152.19,156.18,157.17,157.18,157.19,160.19,160.19,162.09,162.18,162.19,164.39,167.19,167.19,167.19,167.19,169.39,172.18,172.19,172.19,172.19,172.19,177.09,177.14,177.18,177.19,179.39,182.19,183.8,135.0,144.99,145.0,145.0,148.99,149.98,149.99,150.0,150.0,153.0,153.0,154.9,154.99,155.0,160.0,160.0,160.0,160.0,160.0,164.99,165.0,165.0,165.0,165.0,169.9,169.95,169.99,170.0,174.9,174.99
2026-09-19 18:35:15,Pokemon Prismatic Evolutions ETB (Eng),single,2251,169.69,171.06,174.0,160.0,162.06,176.61,177.1,169.69,171.06,174.0,174.55,175.19,177.19,177.19,177.19,178.0,179.55,179.55,179.55,180.18,181.5,182.05,182.13,182.19,184.55,184.85,184.97,187.41,187.42,188.5,189.55,189.55,189.55,191.5,192.19,192.42,192.87,154.99,155.0,155.0,160.0,160.0,160.0,160.0,160.0,162.5,162.5,165.0,168.0,168.95,169.0,169.99,170.0,170.0,170.0,170.0,170.0,170.0,170.0,172.99,174.94,174.99,174.99,175.0,175.0,175.0,175.0
2026-09-19 18:35:15,Prismatic Evolutions Super-Premium Collection (Eng),single,1562,279.77,280.98,282.89,267.98,268.91,284.92,285.62,279.77,280.98,282.89,283.93,284.24,284.54,284.55,284.77,286.77,287.64,287.77,288.69,288.69,289.5,289.62,290.55,294.55,294.55,294.55,294.67,294.76,294.77,295.94,298.5,298.55,298.77,301.9,302.9,303.69,304.05,260.0,264.99,265.0,265.0,267.0,268.0,269.0,269.85,269.95,270.0,270.0,271.0,274.0,274.9,274.9,274.94,274.99,274.99,275.0,275.0,275.0,275.0,275.55,278.95,279.0,279.0,279.95,280.0,280.0,284.5
2026-09-19 18:35:15,Prismatic Evolutions Super-Premium Collection (De),single,1562,61.9,206.64,206.68,199.25,189.13,208.06,199.16,61.9,206.64,206.68,207.69,207.69,207.69,208.69,208.69,208.69,208.69,209.69,210.69,210.69,211.64,211.69,213.57,213.58,213.68,213.69,213.69,214.69,215.68,215.69,215.69,216.98,217.69,218.64,218.64,218.69,218.69,40.0,197.95,197.99,199.0,199.0,199.0,199.0,200.0,200.0,200.0,200.0,200.0,201.0,202.0,202.0,202.95,203.0,204.88,204.89,204.99,205.0,205.0,206.0,206.99,207.0,207.0,209.0,209.95,209.95,210.0
2026-09-19 18:35:15,Pokemon Black Bolt & White Flare Unova Mini Tin Display (Eng),single,111,237.19,240.19,242.09,234.99,237.65,247.32,250.77,237.19,240.19,242.09,242.19,243.19,247.09,248.5,251.48,251.98,252.05,256.19,257.19,258.5,266.36,267.42,269.54,269.94,271.89,286.99,294.55,298.33,299.5,302.14,306.87,307.17,312.7,407.19,614.17,1014.17,,224.0,230.0,232.5,233.0,234.0,234.6,234.9,235.0,236.0,239.89,239.9,245.99,245.99,249.0,249.99,249.99,250.0,250.0,259.99,269.95,275.0,279.8,279.95,294.95,299.68,299.98,400.0,599.99,999.99,
2026-09-19 18:35:15,Pokemon Lost Abyss Booster Display (Jpn),single,126,217.47,225.18,227.18,224.75,227.33,238.53,241.33,217.47,225.18,227.18,232.19,234.55,237.18,241.19,242.19,244.39,249.38,249.55,250.0,255.19,257.14,257.18,264.55,272.19,282.19,283.73,289.19,297.18,306.19,307.17,307.18,307.18,307.19,313.73,318.1,319.38,352.19,200.0,215.0,217.99,219.99,220.0,225.0,225.0,229.99,229.99,230.0,234.0,235.0,235.0,245.0,248.0,249.95,249.99,250.0,265.0,275.0,280.0,282.0,289.0,289.99,289.99,293.9,299.0,299.0,299.98,299.99
2026-09-19 18:35:15,Pokemon Terastal Festival ex Booster Display (Jpn),single,965,107.18,107.9,109.19,97.23,97.12,113.24,113.74,107.18,107.9,109.19,112.19,112.19,112.98,113.05,114.37,115.99,115.99,116.45,116.99,116.99,117.18,117.47,117.5,121.18,121.39,122.19,122.5,122.99,122.99,122.99,123.0,123.09,123.1,123.18,124.18,125.19,126.19,89.0,89.99,94.0,95.0,95.0,96.9,98.98,99.0,99.0,99.95,99.99,99.99,100.0,100.0,100.0,100.0,100.0,102.0,102.0,105.0,105.0,105.0,105.0,105.0,105.0,109.99,110.0,113.99,114.99,115.0
2026-09-20 06:01:20,Pokemon Destined Rivals Booster Display (Eng),single,1320,359.5,359.55,365.54,349.25,349.03,371.56,371.04,359.5,359.55,365.54,367.18,372.19,372.9,373.0,373.9,373.9,373.9,374.39,374.55,374.55,375.19,375.39,376.19,376.47,378.05,378.9,379.51,379.99,380.5,381.49,381.5,382.19,382.42,382.49,383.0,383.5,383.55,336.5,340.0,345.99,349.0,349.0,350.0,350.0,350.0,350.0,350.0,350.0,350.0,355.0,355.0,355.0,358.5,359.0,359.96,359.99,359.99,359.99,360.0,360.0,360.0,360.0,360.0,360.0,360.0,361.0,364.0
2026-09-20 06:01:20,Pokemon Destined Rivals Booster Display Case (Eng),case,188,2099.0,2241.45,2250.73,2179.25,2204.4,2270.29,2284.03,2099.0,2241.45,2250.73,2289.99,2299.0,2300.0,2310.22,2331.45,2350.0,2368.48,2386.8,2392.45,2399.98,2400.0,2400.0,2400.0,2417.48,2421.73,2474.89,2500.0,2518.47,2553.4,2553.4,2561.17,2597.8,2599.89,2602.4,2641.45,2642.45,2692.45,1999.0,2129.0,2189.99,2199.0,2199.0,2200.0,2250.0,2289.0,2289.0,2300.0,2300.0,2300.0,2300.0,2300.0,2300.0,2350.0,2350.0,2399.0,2400.0,2450.0,2450.0,2465.0,2499.0,2499.89,2499.99,2500.0,2500.0,2599.0,2600.0,2645.0
2026-09-20 06:01:20,Pokemon Black Bolt ETB (Eng),single,548,132.09,132.19,132.19,123.74,124.95,135.91,137.35,132.09,132.19,132.19,132.6,132.6,136.19,137.16,137.18,139.19,140.19,140.19,141.19,141.5,142.19,143.55,143.6,146.5,147.09,147.09,147.09,147.09,147.18,147.99,148.0,148.09,148.55,148.59,149.29,149.39,149.39,119.0,119.0,120.0,120.0,124.9,124.99,125.0,125.0,125.0,125.0,127.5,129.0,129.9,129.95,129.97,129.99,129.99,130.0,130.0,130.0,130.0,132.0,132.0,133.0,133.0,134.0,134.0,134.49,134.95,134.99
2026-09-20 06:01:20,Pokemon Ascended Heroes ETB (Eng),single,1854,166.39,166.42,167.39,148.75,150.04,169.44,170.6,166.39,166.42,167.39,167.42,167.42,168.42,170.18,170.99,171.5,172.19,172.42,172.5,173.55,176.07,176.19,176.42,176.99,177.0,177.19,177.5,177.9,177.9,179.55,179.55,179.55,179.89,180.0,180.17,180.47,180.5,144.0,145.0,145.0,145.0,149.0,150.0,150.0,150.0,150.0,151.0,153.7,154.0,154.0,154.9,154.99,155.0,156.0,157.5,158.0,159.0,159.0,159.99,160.0,160.0,160.0,160.0,160.0,160.0,160.0,160.0
2026-09-20 06:01:20,Pokemon Ascended Heroes ETB Case (Eng),case,159,1647.8,1650.0,1650.0,1592.49,1625.49,1668.39,1696.63,1647.8,1650.0,1650.0,1667.45,1706.12,1711.12,1717.45,1732.45,1741.45,1742.45,1745.0,1758.25,1782.45,1792.45,1792.45,1811.17,1819.0,1842.45,1842.45,1845.0,1847.7,1861.16,1883.25,1892.45,1900.0,1947.8,1968.48,1992.44,1994.89,1996.8,1550.0,1550.0,1550.0,1625.0,1644.95,1645.0,1649.95,1675.0,1675.0,1690.0,1699.0,1700.0,1719.0,1740.0,1745.0,1749.9,1750.0,1750.0,1750.0,1799.99,1800.0,1800.0,1800.0,1800.0,1850.0,1850.0,1899.0,1900.0,1900.0,1949.99
2026-09-20 06:01:20,Pokemon 30th Celebration ETB (Eng),single,1802,161.06,161.07,163.6,144.87,144.73,165.14,165.51,161.06,161.07,163.6,163.6,163.6,164.41,164.98,166.5,167.0,167.42,167.42,167.97,167.98,168.0,168.0,171.47,171.5,171.5,172.0,172.32,172.37,172.99,173.0,173.0,173.14,174.0,174.46,174.46,174.55,174.55,135.0,141.98,144.0,144.97,144.98,144.99,145.0,145.0,145.0,145.0,145.0,145.0,147.99,147.99,149.0,149.0,149.99,150.0,150.0,150.0,150.0,150.0,150.0,150.0,150.0,150.0,151.0,154.9,154.9,154.95
2026-09-20 06:01:20,Pokemon 30th Celebration Booster Bundle (Eng),single,601,96.88,97.17,97.19,94.71,95.83,104.02,108.24,96.88,97.17,97.19,100.9,102.4,104.73,104.98,106.47,107.45,108.05,108.9,109.98,117.17,128.19,133.19,,,,,,,,,,,,,,,,89.99,89.99,90.0,92.99,93.28,94.95,94.99,96.0,97.5,97.94,99.95,99.95,99.98,99.99,99.99,,,,,,,,,,,,,,,
2026-09-20 06:01:20,Pokemon 30th Celebration Mini Tin Display (Eng),single,66,299.99,304.98,308.9,322.35,330.29,335.59,344.15,299.99,304.98,308.9,310.99,312.42,319.5,328.9,335.94,379.9,388.19,389.98,396.9,397.4,,,,,,,,,,,,,,,,,,279.99,295.0,299.95,299.95,299.98,299.99,319.95,324.95,360.0,374.0,379.98,379.99,380.0,,,,,,,,,,,,,,,,,
2026-09-20 06:01:20,Pokemon Destined Rivals Booster Display (De),single,1320,249.39,267.14,268.0,265.99,264.79,275.69,275.71,249.39,267.14,268.0,272.19,276.18,276.19,277.19,277.19,277.39,281.19,282.18,282.18,282.19,282.19,284.85,285.19,286.68,287.09,287.19,287.39,288.38,291.18,292.09,292.17,292.18,296.19,297.18,297.19,297.19,297.19,230.0,245.0,258.0,259.95,265.0,268.0,268.99,268.99,269.0,270.0,270.0,274.0,274.99,274.99,275.0,275.0,278.0,279.49,279.9,279.9,280.0,283.99,284.9,284.98,284.99,289.0,289.99,290.0,290.0,290.0
2026-09-20 06:01:20,Pokemon Ascended Heroes Mini Tin Display (Eng),single,187,288.67,297.19,307.19,291.11,294.67,315.13,315.41,288.67,297.19,307.19,311.0,311.47,311.5,317.19,319.88,321.38,321.45,321.47,324.49,324.8,326.36,327.18,328.55,329.55,336.19,337.14,337.18,337.42,338.0,345.99,352.19,359.55,366.45,366.9,368.55,369.55,369.55,268.0,280.0,280.0,285.0,287.0,290.0,292.0,295.0,299.89,299.99,300.0,309.0,310.0,310.0,314.19,314.99,314.99,318.0,319.99,320.0,325.0,329.0,329.95,329.99,340.0,344.99,345.0,349.0,350.0,350.0
2026-09-20 06:01:20,Pokemon Ascended Heroes Booster Bundle Display (Eng),case,262,1000.0,1000.0,1011.7,959.98,983.99,1043.35,1071.83,1000.0,1000.0,1011.7,1075.0,1086.7,1089.9,1090.0,1100.0,1125.0,1139.99,1145.0,1149.95,1150.0,1150.0,1186.6,1186.7,1197.8,1199.0,1200.0,1200.0,1200.0,1236.7,1240.99,1284.89,1299.0,1300.0,1300.0,1300.0,1300.0,1320.0,900.0,900.0,975.0,975.0,989.9,990.0,1000.0,1025.0,1039.99,1045.0,1049.95,1050.0,1050.0,1050.0,1099.0,1100.0,1100.0,1100.0,1100.0,1149.9,1150.0,1198.99,1199.0,1200.0,1200.0,1200.0,1200.0,1200.0,1220.0,1249.0
2026-09-20 06:01:20,Pokemon Ascended Heroes Pokemon Center ETB (Eng),single,296,325.39,341.75,385.39,373.37,376.26,402.63,403.0,325.39,341.75,385.39,386.19,386.5,406.18,406.19,413.1,413.73,423.73,425.19,425.39,427.19,439.54,439.54,439.55,450.85,451.19,451.19,451.19,455.38,457.18,461.5,463.72,467.42,467.69,469.53,472.19,472.5,476.47,299.0,300.0,350.0,360.0,360.0,365.0,375.0,379.0,398.99,399.0,399.99,400.0,418.0,419.99,419.99,420.0,420.0,429.99,440.0,444.0,444.0,444.0,445.9,449.95,449.98,449.99,450.0,450.0,450.0,465.0
2026-09-20 06:01:20,Pokemon Ascended Heroes Pokemon Center ETB (De),single,296,172.19,172.19,175.14,167.87,168.85,177.15,178.85,172.19,172.19,175.14,175.18,175.19,176.19,177.19,177.19,178.9,182.19,182.19,182.19,182.38,187.18,187.19,187.19,192.69,196.18,196.48,197.14,197.18,197.18,197.19,197.19,197.19,197.19,203.1,205.19,206.48,206.68,154.9,159.99,165.0,165.0,167.95,167.99,168.0,169.0,170.0,170.0,170.0,175.0,175.0,175.0,179.99,180.0,180.0,185.5,189.95,189.99,189.99,189.99,189.99,190.0,190.0,190.0,190.0,198.0,199.49,199.9
2026-09-20 06:01:20,Pokemon Ascended Heroes ETB (De),single,1854,114.09,114.14,115.18,109.37,109.52,116.56,116.71,114.09,114.14,115.18,116.14,116.19,116.19,117.18,117.19,117.19,117.19,117.19,117.19,117.19,118.19,120.14,121.04,121.09,121.19,122.14,122.18,122.19,122.19,122.19,122.19,122.19,122.19,122.19,122.19,122.19,122.19,106.9,106.95,107.99,108.95,109.0,109.0,109.99,110.0,110.0,110.0,110.0,110.0,110.0,111.0,112.95,113.85,113.9,114.0,114.95,114.99,115.0,115.0,115.0,115.0,115.0,115.0,115.0,115.0,115.0,115.0
2026-09-20 06:01:20,Pokemon Silver Tempest Booster Display (Eng),single,338,382.19,402.09,406.19,395.73,395.85,411.87,413.07,382.19,402.09,406.19,406.19,407.17,412.09,412.19,412.19,419.42,419.54,422.09,422.19,423.0,423.39,426.18,427.09,427.09,427.09,427.09,427.18,427.18,433.0,434.55,434.55,438.99,439.55,442.19,442.75,444.55,444.55,375.0,385.0,385.0,390.0,394.9,398.0,399.0,399.0,399.98,399.99,400.0,400.0,402.0,404.9,405.0,405.0,410.0,414.9,415.0,415.0,415.0,418.99,419.9,419.9,419.9,419.9,419.99,419.99,419.99,420.0
2026-09-20 06:01:20,Pokemon Lost Origin Booster Display (Eng),single,365,609.18,613.68,614.16,612.92,613.82,633.71,640.82,609.18,613.68,614.16,624.18,629.85,634.08,634.16,634.18,644.55,654.55,663.18,664.08,664.13,664.17,664.17,664.55,678.55,678.55,680.18,689.84,694.07,694.08,694.55,699.0,703.55,704.08,704.18,713.18,713.18,718.12,595.0,599.0,599.5,599.98,610.0,615.0,619.0,619.9,619.98,619.99,620.0,620.0,620.0,624.9,625.0,625.0,635.0,649.0,649.0,649.0,649.9,649.95,649.99,649.99,650.0,650.0,665.0,666.0,674.0,675.66
2026-09-20 06:01:20,Pokemon Chilling Reign Booster Display (Eng),single,186,394.39,397.18,406.19,409.11,412.44,425.56,428.29,394.39,397.18,406.19,417.5,422.5,425.39,427.09,431.5,437.09,437.18,444.55,444.55,444.85,447.19,447.19,447.45,449.55,457.19,459.54,464.55,466.42,469.55,469.55,469.55,469.55,471.85,497.19,503.72,507.14,507.19,369.0,389.99,395.0,399.0,400.0,400.0,409.0,419.9,424.95,425.0,425.0,429.9,429.99,430.0,439.9,439.99,439.99,440.0,440.0,445.0,449.0,450.0,450.0,450.0,450.0,450.0,450.0,490.0,499.0,499.0
2026-09-20 06:01:20,Pokemon Crown Zenith ETB (Eng),single,348,296.19,299.55,306.19,291.36,292.38,311.63,312.63,296.19,299.55,306.19,307.19,307.41,310.39,313.99,314.55,314.94,318.39,319.53,319.55,319.55,319.55,322.49,322.5,322.5,322.74,326.19,326.98,327.14,327.19,327.5,327.75,329.05,329.41,329.54,332.18,332.19,332.19,274.94,280.0,285.0,285.0,288.88,289.0,289.99,295.0,299.0,299.0,299.98,299.99,299.99,300.0,300.0,300.0,300.0,300.0,300.0,300.0,305.0,305.0,309.5,309.99,315.0,315.0,319.0,319.0,319.95,320.0
2026-09-20 06:01:20,Pokemon VSTAR Universe Booster Display (Jpn),single,718,167.9,173.69,174.18,164.06,164.16,175.91,176.0,167.9,173.69,174.18,174.19,174.69,176.19,176.68,177.09,177.09,177.19,177.19,177.19,178.19,178.98,179.55,179.55,182.14,182.18,182.19,182.19,182.19,184.55,185.19,187.19,187.19,188.55,189.5,192.09,192.19,192.75,150.0,155.0,160.0,160.0,160.0,165.0,166.5,166.99,167.0,167.0,167.5,169.0,169.0,169.49,169.9,169.9,169.99,170.0,170.0,170.0,171.0,174.95,174.99,174.99,175.0,175.0,175.0,175.0,175.0,175.0
2026-09-20 06:01:20,Pokemon Flareon VMAX Premium Collection EU Version (Eng),single,85,264.39,304.48,307.14,299.37,295.52,308.51,309.86,264.39,304.48,307.14,307.18,307.19,307.19,307.19,307.19,307.5,317.5,319.55,319.55,322.19,322.5,327.09,327.19,327.19,337.74,347.41,363.73,368.55,375.72,382.45,413.72,419.54,506.19,507.18,507.18,507.18,507.18,245.0,285.0,295.0,299.95,299.99,299.99,300.0,300.0,300.0,300.0,300.0,300.0,300.0,300.0,307.8,315.0,319.9,320.0,320.0,329.99,349.0,349.99,350.0,359.95,399.99,499.0,499.99,499.99,499.99,499.99
2026-09-20 06:01:20,Pokemon Jolteon VMAX Premium Collection EU Version (Eng),single,79,293.98,294.99,297.17,295.82,296.97,304.33,307.52,293.98,294.99,297.17,302.09,302.19,304.48,307.14,307.18,307.19,307.19,309.39,317.09,318.39,322.19,322.19,327.09,347.41,363.73,367.73,368.55,373.73,375.72,382.45,413.72,419.54,506.19,507.18,507.18,519.39,750.0,287.99,289.98,290.0,290.0,294.9,295.0,297.7,299.0,299.95,299.99,299.99,300.0,300.0,300.0,310.0,315.0,315.0,319.9,329.99,349.0,349.99,349.99,350.0,359.95,399.99,499.0,499.99,499.99,500.0,650.0
2026-09-20 06:01:20,Pokemon Vaporeon VMAX Premium Collection EU Version (Eng),single,68,322.19,327.14,327.18,322.83,329.77,332.95,344.37,322.19,327.14,327.18,327.19,327.19,328.39,337.19,337.19,337.19,342.09,357.18,357.19,367.09,383.73,387.41,406.19,413.72,418.55,419.54,422.45,425.72,457.18,506.19,507.18,519.39,850.0,950.0,954.55,982.94,,309.0,315.0,319.95,319.99,320.0,320.0,320.0,322.7,330.0,330.0,330.0,349.99,349.99,350.0,359.9,369.99,399.0,399.0,399.95,399.99,400.0,449.99,499.0,499.99,500.0,750.0,850.0,890.0,925.0,
2026-09-20 06:01:20,Pokemon Celebrations ETB (De),single,382,305.19,319.39,322.18,317.37,319.4,327.56,330.27,305.19,319.39,322.18,322.19,326.19,327.19,327.19,327.19,332.18,336.18,337.18,337.19,339.39,347.18,348.1,356.19,357.18,357.19,357.19,360.69,365.19,376.49,377.19,379.34,393.69,394.39,397.19,402.19,406.88,407.19,298.0,300.0,310.0,314.99,315.0,319.0,320.0,320.0,320.0,320.0,324.99,328.99,329.99,330.0,339.99,349.0,349.99,350.0,350.0,353.5,358.0,359.95,370.0,371.5,375.0,386.5,390.0,395.0,399.69,400.0
2026-09-20 06:01:20,Pokemon Champions Path ETB (Eng),single,175,146.19,152.19,155.09,148.86,149.52,156.05,157.95,146.19,152.19,155.09,155.18,155.19,155.19,156.19,157.18,157.18,157.19,157.19,164.99,166.19,166.98,167.19,167.19,169.38,172.19,174.24,176.19,177.19,177.19,179.55,182.5,183.1,184.97,186.19,188.55,189.5,193.19,139.0,145.0,147.9,147.99,148.0,148.0,149.0,149.99,149.99,149.99,150.0,150.0,150.0,159.0,159.0,159.99,160.0,160.0,160.0,160.0,164.75,165.0,169.0,169.0,169.95,170.0,170.0,174.95,174.95,175.0
2026-09-20 06:01:20,Pokemon Tag Team Pikachu & Zekrom GX Premium Collection (Eng),single,38,282.18,285.98,287.19,293.11,299.32,307.05,313.62,282.18,285.98,287.19,292.19,297.14,309.55,314.54,316.37,317.19,322.19,325.55,326.42,337.5,342.74,347.5,357.19,371.49,377.19,406.74,422.19,425.47,425.72,454.48,506.19,506.19,523.0,650.0,700.0,1014.18,,274.99,279.99,280.0,285.0,289.9,289.95,290.0,294.99,306.0,309.0,310.0,315.0,315.0,325.0,325.0,349.99,350.0,370.0,399.0,399.99,400.0,415.0,449.99,499.0,499.0,500.0,550.0,600.0,1000.0,
2026-09-20 06:01:20,Pokemon Tag Team Reshiram & Charizard GX Premium Collection (Eng),single,27,297.18,297.19,319.39,313.12,322.53,326.15,336.2,297.18,297.19,319.39,323.17,324.16,325.19,326.19,326.19,329.54,335.39,341.47,344.55,369.39,387.74,396.19,404.48,406.19,407.19,494.98,650.0,773.0,2214.13,,,,,,,,,289.99,290.0,300.0,309.99,310.0,315.0,315.98,316.97,318.0,319.0,319.0,325.0,350.0,370.0,389.0,399.0,399.99,400.0,479.99,550.0,750.0,2199.95,,,,,,,,
2026-09-20 06:01:20,Pokemon VMAX Climax Booster Display (Jpn),single,184,164.19,167.18,167.19,160.0,161.3,168.31,170.05,164.19,167.18,167.19,167.19,167.19,167.19,167.19,167.19,171.17,172.19,172.19,173.19,175.18,176.19,176.19,177.19,177.99,182.49,183.05,184.55,185.7,187.18,187.19,187.47,187.5,189.39,192.74,194.39,194.97,197.09,157.0,159.99,159.99,160.0,160.0,160.0,160.0,160.0,160.0,160.0,163.5,163.98,165.0,165.0,165.0,165.0,165.0,166.0,167.99,169.0,169.0,169.9,169.99,170.0,170.0,170.0,170.0,175.0,175.0,179.99
2026-09-20 06:01:20,Pokemon Battle Region Booster Display (Jpn),single,90,78.48,80.09,80.18,73.23,74.18,83.88,86.3,78.48,80.09,80.18,82.14,82.18,83.1,84.19,85.99,86.18,87.08,90.5,92.47,92.47,93.05,96.47,96.99,97.46,103.1,104.29,105.82,106.47,106.99,107.18,107.19,108.1,109.29,111.87,113.09,113.1,113.47,68.0,69.0,70.0,70.0,72.9,72.99,74.95,74.99,74.99,75.0,75.0,77.0,78.99,79.0,79.89,79.95,79.99,79.99,80.0,80.0,84.9,89.0,89.34,89.9,90.0,95.0,96.0,99.0,99.98,99.99
2026-09-20 06:01:20,Pokemon Clay Burst Booster Display (Jpn),single,293,92.17,92.19,92.19,85.98,86.52,95.17,97.42,92.17,92.19,92.19,93.09,93.97,94.09,95.19,96.47,97.19,99.19,100.99,101.99,102.19,103.98,106.47,106.48,107.19,109.25,110.35,112.37,112.98,112.98,113.1,113.47,115.08,117.09,117.18,117.46,118.65,118.99,79.0,79.99,84.0,84.98,85.0,85.0,85.0,86.9,88.0,88.98,89.0,90.0,90.0,90.0,92.0,93.16,94.9,95.0,95.0,96.0,99.88,99.88,99.99,99.99,100.0,100.0,100.0,105.0,107.89,109.9
2026-09-20 06:01:20,Pokemon Fusion Strike Booster Display (Eng),single,201,639.14,793.18,794.18,803.62,805.94,838.16,842.23,639.14,793.18,794.18,799.18,814.17,833.18,859.5,862.41,864.08,878.55,893.1,894.18,895.0,899.55,914.08,914.17,914.18,914.18,923.72,925.0,929.54,929.9,934.17,947.8,947.8,950.0,950.0,962.73,964.17,982.85,632.24,779.0,780.0,785.0,795.0,795.0,799.99,819.0,825.0,829.95,849.0,849.9,850.0,850.0,850.0,850.0,850.0,859.99,870.0,880.0,895.0,895.99,899.0,899.9,899.9,899.99,899.99,899.99,900.0,900.0
2026-09-20 06:01:20,Pokemon Astral Radiance Booster Display (Eng),single,280,351.19,357.18,357.19,352.37,354.32,369.64,373.37,351.19,357.18,357.19,360.48,362.19,366.19,369.55,379.5,379.55,382.5,384.55,385.49,386.37,388.1,390.49,392.75,395.47,396.47,402.19,407.19,407.19,408.55,412.72,417.19,422.19,422.98,432.19,437.18,443.72,451.63,344.0,348.99,349.99,350.0,350.0,350.0,350.0,354.99,355.0,359.0,359.9,359.95,360.0,360.0,362.99,365.0,369.0,370.0,379.99,379.99,389.0,395.0,399.98,400.0,400.0,410.0,415.0,425.0,429.99,444.44
2026-09-20 06:01:20,Pokemon Lost Origin ETB (Eng),single,284,189.55,192.19,197.18,186.0,187.38,201.49,202.18,189.55,192.19,197.18,197.42,197.55,202.08,202.09,202.5,206.19,206.89,207.18,207.19,207.19,208.55,208.99,211.5,212.19,212.41,214.89,217.19,217.19,217.5,217.5,218.39,219.5,219.54,221.69,222.14,223.0,223.99,170.0,178.0,180.0,180.0,184.99,185.0,189.0,189.0,189.99,190.0,194.89,194.9,194.99,195.0,195.0,199.0,199.0,199.0,199.95,199.99,199.99,199.99,199.99,200.0,200.0,205.0,205.0,209.9,209.9,209.99
2026-09-20 06:01:20,Pokemon Crown Zenith Galarian Articuno Tin US Version (Eng),single,24,151.63,154.5,157.19,154.8,184.36,170.36,200.61,151.63,154.5,157.19,161.47,167.19,172.5,173.99,176.19,177.18,177.18,178.09,207.18,207.19,304.96,442.75,,,,,,,,,,,,,,,,132.0,135.0,144.44,144.99,149.99,150.0,150.0,160.0,169.0,169.99,169.99,199.99,200.0,289.97,400.0,,,,,,,,,,,,,,,
2026-09-20 06:01:20,Pokemon Crown Zenith Galarian Zapdos Tin US Version (Eng),single,25,136.18,137.18,146.49,138.3,165.09,153.5,181.88,136.18,137.18,146.49,147.1,149.1,151.63,156.19,157.18,157.19,163.09,172.5,177.18,207.18,227.19,442.75,,,,,,,,,,,,,,,,114.0,116.0,123.99,128.99,129.99,129.99,144.44,149.0,149.99,150.0,150.0,169.99,199.99,220.0,400.0,,,,,,,,,,,,,,,
2026-09-20 06:01:20,Pokemon Crown Zenith Galarian Moltres Tin US Version (Eng),single,19,156.0,157.19,162.75,156.0,176.07,174.98,197.36,156.0,157.19,162.75,167.18,168.49,172.5,177.18,182.18,183.09,186.47,202.75,207.18,442.75,,,,,,,,,,,,,,,,,,120.0,145.99,148.0,149.99,150.0,150.0,159.99,160.0,160.0,169.99,174.99,199.99,400.0,,,,,,,,,,,,,,,,,
2026-09-20 06:01:20,Pokemon 151 Zapdos ex Collection (Eng),single,184,124.19,126.18,126.19,119.24,120.18,134.97,136.96,124.19,126.18,126.19,126.19,132.1,137.18,138.05,138.73,138.93,142.42,143.04,143.05,143.09,147.5,147.5,147.74,152.19,152.5,157.18,157.19,158.19,162.75,163.1,163.1,168.0,172.49,172.5,197.5,222.5,233.05,99.0,105.83,109.99,117.0,118.99,119.0,119.0,120.0,124.95,125.0,125.0,129.0,129.94,129.95,129.99,130.0,130.0,130.0,134.9,145.0,149.99,149.99,150.0,150.0,150.0,150.0,151.0,175.0,199.95,200.0
2026-09-20 06:01:20,Pokemon 151 UPC (Eng),single,397,685.68,694.94,714.94,716.12,717.26,732.34,734.84,685.68,694.94,714.94,715.68,730.68,735.67,735.68,735.68,744.67,745.68,745.68,755.68,760.63,760.68,760.68,765.68,765.68,789.55,789.68,795.68,804.55,804.85,809.55,813.68,814.68,814.68,819.55,820.19,824.55,825.0,670.0,679.99,699.99,700.0,715.0,719.99,720.0,720.0,725.0,728.99,730.0,730.0,735.0,740.0,744.95,745.0,745.0,745.0,749.0,750.0,750.0,760.0,770.0,774.0,775.0,775.0,780.0,780.0,780.0,780.0
2026-09-20 06:01:20,Pokemon 151 UPC (De),single,397,648.68,655.68,655.68,652.47,665.84,668.15,681.52,648.68,655.68,655.68,660.67,665.58,665.63,665.67,665.68,675.63,690.63,710.67,715.63,715.67,715.68,715.68,734.68,740.58,744.68,764.67,765.63,765.68,805.9,805.9,805.9,812.98,815.17,815.67,815.68,895.68,898.95,633.0,640.0,640.0,644.99,649.9,649.95,649.99,650.0,659.95,674.95,694.99,699.95,699.99,700.0,700.0,719.0,724.9,729.0,748.99,749.95,750.0,798.95,799.0,799.49,799.99,799.99,800.0,800.0,800.0,800.0
2026-09-20 06:01:20,Pokemon 151 Booster Display (Jpn),single,573,257.18,257.18,260.97,252.82,253.83,264.22,265.42,257.18,257.18,260.97,260.98,261.12,262.19,264.55,267.18,267.19,269.55,269.55,270.15,270.19,271.19,272.18,272.18,273.19,274.19,274.55,274.55,275.18,276.19,276.19,277.18,277.18,277.19,279.54,279.54,280.98,280.99,245.0,249.99,249.99,250.0,250.0,253.78,253.79,254.99,255.0,255.0,255.0,255.0,259.99,259.99,259.99,259.99,260.0,260.0,260.0,260.0,263.0,264.0,264.99,264.99,265.2,266.0,267.0,267.99,269.0,269.0
2026-09-20 06:01:20,Pokemon Paradigm Trigger Booster Display (Jpn),single,172,129.18,129.19,129.19,121.99,122.98,133.67,134.67,129.18,129.19,129.19,132.09,132.47,133.09,133.1,136.09,136.18,137.18,137.19,137.47,138.1,139.39,140.14,141.19,143.98,147.09,147.19,147.42,148.0,151.42,152.19,152.99,153.1,156.19,156.19,157.46,157.75,163.05,115.0,115.0,120.0,120.0,120.0,121.99,122.0,122.0,124.9,125.0,125.0,125.9,128.9,128.99,129.99,130.0,130.0,132.95,134.0,134.0,135.0,139.9,139.99,139.99,140.0,140.0,140.0,145.0,148.9,149.0
2026-09-20 06:01:20,Pokemon Star Birth Booster Display (Jpn),single,111,122.19,127.19,127.19,124.93,126.75,133.78,136.07,122.19,127.19,127.19,129.19,131.19,132.19,133.14,136.19,138.98,142.14,143.05,143.09,144.18,145.18,145.9,146.18,147.19,147.5,149.19,156.19,157.19,157.19,157.47,159.39,161.47,164.48,166.47,167.47,167.99,182.19,115.0,120.0,120.0,122.0,124.0,125.0,125.0,125.95,128.48,129.0,129.95,129.99,134.95,134.99,136.99,137.99,138.99,140.0,140.0,140.0,142.0,144.0,149.0,149.0,150.0,150.0,150.0,150.0,150.0,159.99
2026-09-20 06:01:20,Pokemon Violet ex Booster Display (Jpn),single,226,73.44,73.68,74.18,68.68,69.28,76.53,78.8,73.44,73.68,74.18,74.19,76.18,77.18,77.18,77.18,77.19,78.98,79.69,83.18,85.38,87.18,87.18,87.47,88.09,90.1,91.98,91.98,91.99,93.05,93.88,94.24,94.53,94.88,95.08,95.89,96.79,96.89,65.99,66.25,66.49,66.99,67.0,68.99,69.99,69.99,69.99,69.99,70.0,70.0,70.0,72.5,74.99,75.0,75.99,77.0,77.54,78.88,78.88,78.9,79.9,79.95,79.99,79.99,79.99,80.0,80.0,80.0
2026-09-20 06:01:20,Pokemon Brilliant Stars Booster Display (De),single,225,341.18,342.19,344.09,339.71,347.77,348.9,359.25,341.18,342.19,344.09,344.19,344.39,344.85,347.14,352.14,357.18,357.19,357.19,378.73,386.19,387.19,404.89,407.18,446.19,454.97,456.69,486.19,489.39,502.19,503.17,506.19,506.87,507.09,507.18,519.38,519.39,604.13,315.0,325.0,333.99,335.0,336.9,337.0,339.9,339.95,344.95,349.99,350.0,350.0,379.0,380.0,399.9,399.99,439.0,449.5,449.99,470.0,479.0,495.0,495.98,499.0,499.68,499.9,499.99,499.99,500.0,589.95
2026-09-20 06:01:20,Pokemon Lost Origin Booster Display (De),single,365,372.19,374.19,375.85,370.47,376.24,378.86,385.47,372.19,374.19,375.85,375.89,376.18,376.19,377.19,380.19,382.18,387.19,387.19,402.18,403.09,406.13,406.19,406.19,406.89,407.18,407.19,407.19,422.19,428.73,432.19,436.19,456.18,457.17,457.18,457.19,457.19,462.89,365.0,365.0,367.0,368.99,369.0,369.9,370.0,370.9,373.0,374.99,380.0,380.0,394.99,395.9,398.94,399.0,399.0,399.99,400.0,400.0,401.9,415.0,425.0,429.0,448.99,449.98,449.99,449.99,450.0,450.0
2026-09-20 06:01:20,Pokemon Twilight Masquerade Booster Display (De),single,266,272.08,272.14,276.19,282.25,341.63,290.11,350.03,272.08,272.14,276.19,277.19,279.34,287.07,287.09,302.13,304.98,306.87,306.87,307.18,407.18,1014.17,,,,,,,,,,,,,,,,,259.95,264.89,264.95,269.0,270.0,279.88,279.9,294.94,299.68,299.68,299.99,299.99,399.99,999.99,,,,,,,,,,,,,,,,
2026-09-20 06:01:20,Pokemon Prismatic Evolutions Mini Tin Display (Eng),single,325,264.55,267.99,269.44,247.91,250.15,273.81,275.54,264.55,267.99,269.44,270.47,270.91,272.5,275.8,276.45,277.19,277.75,279.55,281.0,282.18,282.5,284.85,286.19,286.5,286.68,287.18,289.54,292.19,292.74,297.17,297.19,297.45,299.5,301.44,302.5,303.97,306.14,235.0,235.0,244.0,244.44,245.0,249.89,249.99,249.99,250.0,250.0,254.9,259.99,260.0,260.0,264.0,269.99,270.0,274.99,279.0,279.49,279.9,279.9,279.95,279.99,280.0,285.0,289.0,289.95,289.98,290.0
2026-09-20 06:01:20,Pokemon Prismatic Evolutions Booster Bundle Display (Eng),case,205,1006.5,1056.5,1138.0,1076.25,1122.9,1141.5,1188.22,1006.5,1056.5,1138.0,1180.0,1191.5,1236.7,1250.0,1265.58,1271.7,1285.68,1285.7,1285.7,1293.86,1296.86,1300.0,1310.73,1330.89,1346.8,1346.8,1350.0,1361.7,1361.7,1365.56,1386.7,1399.0,1400.0,1400.0,1400.0,1415.67,1415.68,950.0,1000.0,1080.0,1100.0,1125.0,1150.0,1189.0,1200.0,1200.0,1235.0,1247.0,1249.0,1249.0,1249.0,1249.0,1249.9,1250.0,1250.0,1270.0,1299.0,1300.0,1300.0,1300.0,1325.0,1325.0,1325.0,1349.88,1350.0,1350.0,1350.0
2026-09-20 06:01:20,Pokemon Prismatic Evolutions ETB (De),single,2251,147.19,152.18,152.19,148.0,149.32,156.56,157.99,147.19,152.18,152.19,152.19,156.18,157.17,157.18,157.19,160.19,160.19,162.09,162.18,162.19,164.39,167.19,167.19,167.19,169.39,172.18,172.19,172.19,172.19,177.09,177.14,177.18,177.19,179.39,182.19,182.19,183.8,140.0,144.99,145.0,145.0,145.0,148.99,149.98,149.99,150.0,150.0,153.0,153.0,154.9,154.99,155.0,160.0,160.0,160.0,160.0,164.99,165.0,165.0,165.0,169.9,169.95,169.99,170.0,174.9,174.99,175.0
2026-09-20 06:01:20,Pokemon Prismatic Evolutions ETB (Eng),single,2251,169.69,174.0,174.55,161.25,162.86,177.6,178.17,169.69,174.0,174.55,175.19,177.19,177.19,178.0,179.55,179.55,179.55,180.18,181.5,182.05,182.13,182.19,184.55,184.85,184.97,187.41,187.42,188.5,189.5,189.55,189.55,189.55,191.5,192.19,192.42,192.87,193.98,155.0,155.0,160.0,160.0,160.0,160.0,160.0,162.5,162.5,165.0,167.0,168.0,168.95,169.0,169.99,170.0,170.0,170.0,170.0,170.0,170.0,172.99,174.94,174.99,174.99,175.0,175.0,175.0,175.0,177.25
2026-09-20 06:01:20,Prismatic Evolutions Super-Premium Collection (Eng),single,1562,279.77,280.98,282.89,267.98,268.91,284.92,285.62,279.77,280.98,282.89,283.93,284.24,284.54,284.55,284.77,286.77,287.64,287.77,288.69,288.69,289.5,289.62,290.55,294.55,294.55,294.55,294.67,294.76,294.77,295.94,298.5,298.55,298.77,301.9,302.9,303.69,304.05,260.0,264.99,265.0,265.0,267.0,268.0,269.0,269.85,269.95,270.0,270.0,271.0,274.0,274.9,274.9,274.94,274.99,274.99,275.0,275.0,275.0,275.0,275.55,278.95,279.0,279.0,279.95,280.0,280.0,284.5
2026-09-20 06:01:20,Prismatic Evolutions Super-Premium Collection (De),single,1562,61.9,206.68,207.64,199.24,188.79,208.68,199.78,61.9,206.68,207.64,207.69,207.69,208.69,208.69,208.69,209.69,210.69,210.69,211.64,211.69,211.9,212.69,213.57,213.58,213.68,213.69,213.69,214.69,215.68,215.69,216.98,217.68,217.69,218.64,218.64,218.69,218.69,40.0,190.0,197.99,198.95,199.0,199.0,199.0,200.0,200.0,200.0,200.0,201.0,202.0,202.0,202.95,203.0,204.0,204.88,204.89,204.99,205.0,205.0,206.0,206.99,207.0,208.99,209.0,209.95,209.95,210.0
2026-09-20 06:01:20,Pokemon Black Bolt & White Flare Unova Mini Tin Display (Eng),single,111,237.19,240.19,242.09,234.99,237.65,247.32,250.77,237.19,240.19,242.09,242.19,243.19,247.09,248.5,251.48,251.98,252.05,256.19,257.19,258.5,266.36,267.42,269.54,269.94,271.89,286.99,294.55,298.33,299.5,302.14,306.87,307.17,312.7,407.19,614.17,1014.17,,224.0,230.0,232.5,233.0,234.0,234.6,234.9,235.0,236.0,239.89,239.9,245.99,245.99,249.0,249.99,249.99,250.0,250.0,259.99,269.95,275.0,279.8,279.95,294.95,299.68,299.98,400.0,599.99,999.99,
2026-09-20 06:01:20,Pokemon Lost Abyss Booster Display (Jpn),single,124,217.47,225.18,227.18,224.75,227.33,238.53,241.33,217.47,225.18,227.18,232.19,234.55,237.18,241.19,242.19,244.39,249.38,249.55,250.0,255.19,257.14,257.18,264.55,272.19,282.19,283.73,289.19,297.18,306.19,307.17,307.18,307.18,307.19,313.73,318.1,319.38,352.19,200.0,215.0,217.99,219.99,220.0,225.0,225.0,229.99,229.99,230.0,234.0,235.0,235.0,245.0,248.0,249.95,249.99,250.0,265.0,275.0,280.0,282.0,289.0,289.99,289.99,293.9,299.0,299.0,299.98,299.99
2026-09-20 06:01:20,Pokemon Terastal Festival ex Booster Display (Jpn),single,965,107.18,107.19,107.9,97.23,97.12,112.71,113.41,107.18,107.19,107.9,109.19,112.19,112.98,113.05,114.37,115.99,115.99,116.45,116.99,116.99,117.18,117.47,117.5,121.18,121.39,122.19,122.5,122.99,122.99,122.99,123.0,123.09,123.1,123.18,124.18,125.19,126.19,89.0,89.99,94.0,95.0,95.0,96.9,98.98,99.0,99.0,99.95,99.99,99.99,100.0,100.0,100.0,100.0,100.0,100.0,102.0,102.0,105.0,105.0,105.0,105.0,105.0,109.99,110.0,113.99,114.99,115.0
2026-09-20 18:01:21,Pokemon Destined Rivals Booster Display (Eng),single,1331,354.55,359.5,359.55,347.86,346.96,367.44,367.99,354.55,359.5,359.55,366.94,367.18,367.19,367.4,369.55,369.55,372.19,372.5,372.9,373.0,373.9,373.9,373.9,374.39,374.55,374.55,375.19,375.39,376.19,376.47,378.9,379.51,379.99,380.5,381.49,381.5,382.19,335.0,336.5,340.0,344.9,349.0,349.0,350.0,350.0,350.0,350.0,350.0,350.0,350.0,350.0,350.0,350.0,355.0,355.0,355.0,359.0,359.75,359.96,359.99,359.99,359.99,360.0,360.0,360.0,360.0,360.0
2026-09-20 18:01:21,Pokemon Destined Rivals Booster Display Case (Eng),case,179,2099.0,2241.45,2250.73,2179.25,2204.4,2270.29,2284.03,2099.0,2241.45,2250.73,2289.99,2299.0,2300.0,2310.22,2331.45,2350.0,2368.48,2386.8,2392.45,2399.98,2400.0,2400.0,2400.0,2417.48,2421.73,2474.89,2500.0,2518.47,2553.4,2553.4,2561.17,2597.8,2599.89,2602.4,2641.45,2642.45,2692.45,1999.0,2129.0,2189.99,2199.0,2199.0,2200.0,2250.0,2289.0,2289.0,2300.0,2300.0,2300.0,2300.0,2300.0,2300.0,2350.0,2350.0,2399.0,2400.0,2450.0,2450.0,2465.0,2499.0,2499.89,2499.99,2500.0,2500.0,2599.0,2600.0,2645.0
2026-09-20 18:01:21,Pokemon Black Bolt ETB (Eng),single,552,132.09,132.19,132.19,123.74,124.95,135.91,137.26,132.09,132.19,132.19,132.6,132.6,136.19,137.16,137.18,139.19,140.19,140.19,141.19,141.5,142.18,142.19,143.55,143.6,146.5,147.09,147.09,147.09,147.09,147.99,148.0,148.09,148.55,148.59,149.29,149.39,149.42,119.0,119.0,120.0,120.0,124.9,124.99,125.0,125.0,125.0,125.0,127.5,129.0,129.9,129.95,129.97,129.99,129.99,130.0,130.0,130.0,132.0,132.0,133.0,133.0,134.0,134.0,134.49,134.95,134.99,134.99
2026-09-20 18:01:21,Pokemon Ascended Heroes ETB (Eng),single,1854,166.39,166.42,167.42,149.0,149.97,169.83,170.88,166.39,166.42,167.42,167.42,168.42,170.18,170.5,170.99,171.5,172.19,172.42,172.5,174.55,176.07,176.19,176.42,176.46,176.99,177.19,177.5,177.9,177.9,179.55,179.55,179.55,179.55,179.89,180.0,180.17,180.47,144.0,145.0,145.0,148.0,149.0,149.99,150.0,150.0,150.0,150.0,151.0,153.7,154.0,154.9,155.0,155.0,156.0,157.5,158.0,159.0,159.0,159.99,160.0,160.0,160.0,160.0,160.0,160.0,160.0,160.0
2026-09-20 18:01:21,Pokemon Ascended Heroes ETB Case (Eng),case,159,1647.8,1650.0,1650.0,1592.49,1625.49,1668.39,1696.63,1647.8,1650.0,1650.0,1667.45,1706.12,1711.12,1717.45,1732.45,1741.45,1742.45,1745.0,1758.25,1782.45,1792.45,1792.45,1811.17,1819.0,1842.45,1842.45,1845.0,1847.7,1861.16,1883.25,1892.45,1900.0,1947.8,1968.48,1992.44,1994.89,1996.8,1550.0,1550.0,1550.0,1625.0,1644.95,1645.0,1649.95,1675.0,1675.0,1690.0,1699.0,1700.0,1719.0,1740.0,1745.0,1749.9,1750.0,1750.0,1750.0,1799.99,1800.0,1800.0,1800.0,1800.0,1850.0,1850.0,1899.0,1900.0,1900.0,1949.99
2026-09-20 18:01:21,Pokemon 30th Celebration ETB (Eng),single,1758,167.19,167.42,167.42,152.22,152.45,173.09,173.57,167.19,167.42,167.42,171.5,172.32,173.0,173.54,174.55,176.0,176.42,176.42,176.47,177.0,177.09,177.14,177.19,177.42,177.42,178.24,178.5,178.55,179.5,179.54,180.47,181.0,181.0,181.19,181.37,181.39,181.47,139.99,150.0,150.0,150.0,150.0,150.0,153.99,154.0,154.9,154.9,155.0,155.0,156.0,156.0,157.0,158.0,158.0,158.0,158.99,159.0,159.0,159.0,159.0,159.0,159.99,160.0,160.0,160.0,160.0,160.0
2026-09-20 18:01:21,Pokemon 30th Celebration Booster Bundle (Eng),single,530,96.99,97.17,97.19,94.33,94.97,104.01,106.9,96.99,97.17,97.19,100.9,102.4,104.73,104.98,106.47,107.45,107.99,108.05,108.9,109.98,117.17,133.19,,,,,,,,,,,,,,,,79.99,89.99,89.99,90.0,93.28,94.95,94.99,96.0,97.5,97.94,99.95,99.95,99.98,99.99,99.99,,,,,,,,,,,,,,,
2026-09-20 18:01:21,Pokemon 30th Celebration Mini Tin Display (Eng),single,73,299.99,304.98,308.9,319.35,331.69,332.32,345.43,299.99,304.98,308.9,310.99,312.42,319.5,328.9,335.94,362.0,379.9,388.19,389.98,396.9,397.4,,,,,,,,,,,,,,,,,279.99,295.0,299.95,299.95,299.98,299.99,319.95,324.95,350.0,360.0,374.0,379.98,379.99,380.0,,,,,,,,,,,,,,,,
2026-09-20 18:01:21,Pokemon Destined Rivals Booster Display (De),single,1331,249.39,250.19,267.19,262.74,262.52,273.68,273.26,249.39,250.19,267.19,268.0,272.19,275.09,276.18,276.19,277.19,277.39,281.19,282.18,282.18,282.19,282.19,284.85,285.19,286.68,287.09,287.19,287.39,288.38,291.18,292.09,292.17,292.18,296.19,297.18,297.19,297.19,230.0,243.0,245.0,258.0,260.0,265.0,267.9,268.0,268.99,268.99,269.0,270.0,274.0,274.99,274.99,275.0,275.0,278.0,279.49,279.9,279.9,280.0,283.99,284.9,284.98,284.99,289.0,289.99,290.0,290.0
2026-09-20 18:01:21,Pokemon Ascended Heroes Mini Tin Display (Eng),single,187,288.67,296.19,307.19,290.99,294.6,315.13,315.35,288.67,296.19,307.19,311.0,311.47,311.5,317.19,319.88,321.38,321.45,321.47,324.49,324.8,326.36,327.18,328.55,329.55,336.19,337.14,337.18,337.42,338.0,345.99,352.19,359.55,366.45,366.9,368.55,369.55,369.55,268.0,280.0,280.0,285.0,287.0,289.0,292.0,295.0,299.89,299.99,300.0,309.0,310.0,310.0,314.19,314.99,314.99,318.0,319.99,320.0,325.0,329.0,329.95,329.99,340.0,344.99,345.0,349.0,350.0,350.0
2026-09-20 18:01:21,Pokemon Ascended Heroes Booster Bundle Display (Eng),case,262,1000.0,1000.0,1011.7,959.98,983.99,1043.35,1071.83,1000.0,1000.0,1011.7,1075.0,1086.7,1089.9,1090.0,1100.0,1125.0,1139.99,1145.0,1149.95,1150.0,1150.0,1186.6,1186.7,1197.8,1199.0,1200.0,1200.0,1200.0,1236.7,1240.99,1284.89,1299.0,1300.0,1300.0,1300.0,1300.0,1320.0,900.0,900.0,975.0,975.0,989.9,990.0,1000.0,1025.0,1039.99,1045.0,1049.95,1050.0,1050.0,1050.0,1099.0,1100.0,1100.0,1100.0,1100.0,1149.9,1150.0,1198.99,1199.0,1200.0,1200.0,1200.0,1200.0,1200.0,1220.0,1249.0
2026-09-20 18:01:21,Pokemon Ascended Heroes Pokemon Center ETB (Eng),single,296,325.39,335.39,341.75,361.62,368.73,391.75,396.68,325.39,335.39,341.75,380.39,386.19,386.5,406.18,406.19,413.1,413.73,423.73,425.39,427.19,439.54,439.54,439.55,450.85,451.19,451.19,451.19,455.38,457.18,461.5,463.72,467.42,467.69,469.53,472.19,472.5,476.47,299.0,300.0,310.0,350.0,355.0,360.0,365.0,375.0,379.0,398.99,399.0,399.99,400.0,419.99,419.99,420.0,420.0,429.99,440.0,444.0,444.0,444.0,445.9,449.95,449.98,449.99,450.0,450.0,450.0,465.0
2026-09-20 18:01:21,Pokemon Ascended Heroes Pokemon Center ETB (De),single,296,172.19,173.99,175.18,167.62,168.72,178.15,179.62,172.19,173.99,175.18,176.18,176.19,177.19,177.19,178.9,182.19,182.19,182.19,182.38,183.98,187.18,187.19,187.19,192.69,196.18,196.48,197.14,197.18,197.18,197.19,197.19,197.19,197.19,203.1,205.19,206.48,206.68,149.99,154.9,159.99,165.0,167.99,168.99,169.0,170.0,170.0,170.0,175.0,175.0,175.0,179.99,179.99,180.0,180.0,185.5,189.95,189.99,189.99,189.99,189.99,190.0,190.0,190.0,190.0,198.0,199.49,199.9
2026-09-20 18:01:21,Pokemon Ascended Heroes ETB (De),single,1854,107.19,112.19,113.14,108.49,108.19,115.68,115.38,107.19,112.19,113.14,114.19,115.18,116.14,116.19,116.19,117.19,117.19,117.19,117.19,117.19,117.19,117.19,118.19,120.14,121.04,121.09,121.19,121.19,122.14,122.14,122.18,122.19,122.19,122.19,122.19,122.19,122.19,100.0,105.0,105.95,107.0,107.99,108.95,109.0,109.0,110.0,110.0,110.0,110.0,110.0,110.0,110.0,111.0,112.95,113.85,113.9,114.0,114.0,114.95,114.95,114.99,115.0,115.0,115.0,115.0,115.0,115.0
2026-09-20 18:01:21,Pokemon Silver Tempest Booster Display (Eng),single,338,382.19,402.09,402.19,395.11,395.18,409.7,411.47,382.19,402.09,402.19,406.19,406.19,407.17,412.09,412.19,412.19,419.42,419.54,422.09,422.19,423.0,423.39,426.18,427.09,427.09,427.09,427.18,427.18,433.0,434.55,438.99,439.55,442.19,442.75,444.55,444.55,445.38,375.0,385.0,385.0,390.0,394.9,395.0,398.0,399.0,399.0,399.98,399.99,400.0,400.0,402.0,404.9,405.0,405.0,410.0,414.9,415.0,415.0,418.99,419.9,419.9,419.9,419.99,419.99,419.99,420.0,424.99
2026-09-20 18:01:21,Pokemon Lost Origin Booster Display (Eng),single,365,613.68,614.16,624.18,612.92,614.02,635.16,641.92,613.68,614.16,624.18,629.18,629.85,634.08,634.16,634.18,641.1,654.55,663.18,664.08,664.13,664.17,664.17,664.55,678.55,678.55,680.18,689.84,694.07,694.08,694.55,699.0,703.55,704.08,704.18,713.18,713.18,718.12,598.0,599.0,599.5,599.98,610.0,615.0,619.0,619.9,619.98,619.99,620.0,620.0,620.0,624.9,625.0,625.0,635.0,649.0,649.0,649.0,649.9,649.95,649.99,649.99,650.0,650.0,665.0,666.0,674.0,675.66
2026-09-20 18:01:21,Pokemon Chilling Reign Booster Display (Eng),single,186,394.39,397.18,406.19,409.11,412.44,425.56,428.29,394.39,397.18,406.19,417.5,422.5,425.39,427.09,431.5,437.09,437.18,444.55,444.55,444.85,447.19,447.19,447.45,449.55,457.19,459.54,464.55,466.42,469.55,469.55,469.55,469.55,471.85,497.19,503.72,507.14,507.19,369.0,389.99,395.0,399.0,400.0,400.0,409.0,419.9,424.95,425.0,425.0,429.9,429.99,430.0,439.9,439.99,439.99,440.0,440.0,445.0,449.0,450.0,450.0,450.0,450.0,450.0,450.0,490.0,499.0,499.0
2026-09-20 18:01:21,Pokemon Crown Zenith ETB (Eng),single,348,297.19,299.55,306.19,290.73,291.98,311.63,312.5,297.19,299.55,306.19,307.19,307.41,310.39,313.99,314.55,314.94,318.39,319.46,319.53,319.55,319.55,319.55,322.49,322.5,322.5,322.74,326.19,326.98,327.14,327.19,327.5,327.75,329.05,329.41,329.54,332.18,332.19,274.94,280.0,285.0,285.0,288.88,289.99,290.0,292.99,295.0,299.0,299.0,299.98,299.99,299.99,300.0,300.0,300.0,300.0,300.0,300.0,300.0,305.0,305.0,309.5,309.99,315.0,315.0,319.0,319.0,319.95
2026-09-20 18:01:21,Pokemon VSTAR Universe Booster Display (Jpn),single,718,167.18,167.9,173.69,163.19,163.39,175.47,175.17,167.18,167.9,173.69,174.18,174.19,174.69,176.19,176.68,177.09,177.09,177.19,177.19,177.19,178.19,178.98,179.55,179.55,182.14,182.18,182.19,182.19,182.19,183.8,184.55,185.19,185.89,187.19,187.19,188.55,189.5,150.0,155.0,159.99,160.0,160.0,160.0,165.0,166.5,166.99,167.0,167.0,167.5,167.9,169.0,169.0,169.49,169.9,169.9,169.99,170.0,170.0,170.0,170.0,171.0,174.95,174.99,174.99,175.0,175.0,175.0
2026-09-20 18:01:21,Pokemon Flareon VMAX Premium Collection EU Version (Eng),single,85,264.39,304.48,307.14,299.37,295.52,308.51,309.86,264.39,304.48,307.14,307.18,307.19,307.19,307.19,307.19,307.5,317.5,319.55,319.55,322.19,322.5,327.09,327.19,327.19,337.74,347.41,363.73,368.55,375.72,382.45,413.72,419.54,506.19,507.18,507.18,507.18,507.18,245.0,285.0,295.0,299.95,299.99,299.99,300.0,300.0,300.0,300.0,300.0,300.0,300.0,300.0,307.8,315.0,319.9,320.0,320.0,329.99,349.0,349.99,350.0,359.95,399.99,499.0,499.99,499.99,499.99,499.99
2026-09-20 18:01:21,Pokemon Jolteon VMAX Premium Collection EU Version (Eng),single,79,293.98,294.99,297.17,295.82,296.97,304.33,307.52,293.98,294.99,297.17,302.09,302.19,304.48,307.14,307.18,307.19,307.19,309.39,317.09,318.39,322.19,322.19,327.09,347.41,363.73,367.73,368.55,373.73,375.72,382.45,413.72,419.54,506.19,507.18,507.18,519.39,647.79,287.99,289.98,290.0,290.0,294.9,295.0,297.7,299.0,299.95,299.99,299.99,300.0,300.0,300.0,310.0,315.0,315.0,319.9,329.99,349.0,349.99,349.99,350.0,359.95,399.99,499.0,499.99,499.99,500.0,549.99
2026-09-20 18:01:21,Pokemon Vaporeon VMAX Premium Collection EU Version (Eng),single,68,322.19,327.14,327.18,322.83,329.77,332.95,344.37,322.19,327.14,327.18,327.19,327.19,328.39,337.19,337.19,337.19,342.09,357.18,357.19,367.09,383.73,387.41,406.19,413.72,418.55,419.54,422.45,425.72,457.18,506.19,507.18,519.39,647.79,850.0,950.0,954.55,982.94,309.0,315.0,319.95,319.99,320.0,320.0,320.0,322.7,330.0,330.0,330.0,349.99,349.99,350.0,359.9,369.99,399.0,399.0,399.95,399.99,400.0,449.99,499.0,499.99,500.0,549.99,750.0,850.0,890.0,925.0
2026-09-20 18:01:21,Pokemon Celebrations ETB (De),single,382,305.19,319.39,322.18,317.37,319.4,327.56,330.27,305.19,319.39,322.18,322.19,326.19,327.19,327.19,327.19,332.18,336.18,337.18,337.19,339.39,347.18,348.1,356.19,357.18,357.19,357.19,360.69,365.19,367.18,376.49,377.19,379.34,393.69,394.39,397.19,402.19,406.88,298.0,300.0,310.0,314.99,315.0,319.0,320.0,320.0,320.0,320.0,324.99,328.99,329.99,330.0,339.99,349.0,349.99,350.0,350.0,353.5,358.0,359.95,359.99,370.0,371.5,375.0,386.5,390.0,395.0,399.69
2026-09-20 18:01:21,Pokemon Champions Path ETB (Eng),single,175,146.19,147.17,147.19,146.24,146.59,153.43,154.3,146.19,147.17,147.19,152.19,152.19,154.09,155.18,155.19,155.19,156.19,157.18,157.18,157.19,157.19,164.99,166.19,166.98,167.19,167.19,169.38,172.19,174.24,176.19,177.19,177.19,179.55,182.5,183.1,184.97,186.19,139.0,139.98,140.0,145.0,145.0,146.9,147.99,148.0,148.0,149.0,149.99,149.99,149.99,150.0,150.0,150.0,159.0,159.0,159.99,160.0,160.0,160.0,160.0,164.75,165.0,169.0,169.0,169.95,170.0,170.0
2026-09-20 18:01:21,Pokemon Tag Team Pikachu & Zekrom GX Premium Collection (Eng),single,38,282.18,285.98,287.19,293.11,299.32,307.05,313.62,282.18,285.98,287.19,292.19,297.14,309.55,314.54,316.37,317.19,322.19,325.55,326.42,337.5,342.74,347.5,357.19,371.49,377.19,406.74,422.19,425.47,425.72,454.48,506.19,506.19,523.0,650.0,700.0,1014.18,,274.99,279.99,280.0,285.0,289.9,289.95,290.0,294.99,306.0,309.0,310.0,315.0,315.0,325.0,325.0,349.99,350.0,370.0,399.0,399.99,400.0,415.0,449.99,499.0,499.0,500.0,550.0,600.0,1000.0,
2026-09-20 18:01:21,Pokemon Tag Team Reshiram & Charizard GX Premium Collection (Eng),single,27,297.18,297.19,319.39,313.12,322.53,326.15,336.2,297.18,297.19,319.39,323.17,324.16,325.19,326.19,326.19,329.54,335.39,341.47,344.55,369.39,387.74,396.19,404.48,406.19,407.19,494.98,650.0,773.0,2214.13,,,,,,,,,289.99,290.0,300.0,309.99,310.0,315.0,315.98,316.97,318.0,319.0,319.0,325.0,350.0,370.0,389.0,399.0,399.99,400.0,479.99,550.0,750.0,2199.95,,,,,,,,
2026-09-20 18:01:21,Pokemon VMAX Climax Booster Display (Jpn),single,184,164.19,167.18,167.19,160.36,161.49,168.94,170.72,164.19,167.18,167.19,167.19,167.19,167.19,167.19,171.17,172.19,172.19,173.19,175.18,176.19,176.19,177.19,177.99,180.89,182.49,183.05,184.55,185.7,187.18,187.19,187.47,187.5,189.39,191.46,192.74,194.39,194.97,157.0,159.99,159.99,160.0,160.0,160.0,160.0,160.0,160.0,162.9,163.5,163.98,164.99,165.0,165.0,165.0,165.0,165.0,166.0,167.99,169.0,169.0,169.9,169.99,170.0,170.0,170.0,170.0,175.0,175.0
2026-09-20 18:01:21,Pokemon Battle Region Booster Display (Jpn),single,90,78.48,79.09,80.18,73.1,74.11,83.88,86.24,78.48,79.09,80.18,82.14,82.18,83.1,84.19,85.99,86.18,87.08,90.5,92.47,92.47,93.05,96.47,96.99,97.46,103.1,104.29,105.82,106.47,106.99,107.18,107.19,108.1,109.29,111.87,113.09,113.1,113.47,68.0,69.0,70.0,70.0,71.9,72.99,74.95,74.99,74.99,75.0,75.0,77.0,78.99,79.0,79.89,79.95,79.99,79.99,80.0,80.0,84.9,89.0,89.34,89.9,90.0,95.0,96.0,99.0,99.98,99.99
2026-09-20 18:01:21,Pokemon Clay Burst Booster Display (Jpn),single,293,92.17,92.19,92.19,85.98,86.52,95.17,97.42,92.17,92.19,92.19,93.09,93.97,94.09,95.19,96.47,97.19,99.19,100.99,101.99,102.19,103.98,106.47,106.48,107.19,109.25,110.35,112.37,112.98,112.98,113.1,113.47,115.08,117.09,117.18,117.46,118.65,118.99,79.0,79.99,84.0,84.98,85.0,85.0,85.0,86.9,88.0,88.98,89.0,90.0,90.0,90.0,92.0,93.16,94.9,95.0,95.0,96.0,99.88,99.88,99.99,99.99,100.0,100.0,100.0,105.0,107.89,109.9
2026-09-20 18:01:21,Pokemon Fusion Strike Booster Display (Eng),single,201,789.18,791.18,793.18,797.25,810.59,827.48,844.04,789.18,791.18,793.18,794.18,799.18,814.17,833.18,859.5,862.41,864.08,878.55,893.1,894.18,895.0,899.55,914.08,914.17,914.18,914.18,923.72,925.0,929.54,929.9,934.17,947.8,947.8,950.0,950.0,962.73,964.17,775.0,777.0,779.0,780.0,785.0,795.0,795.0,799.99,819.0,825.0,829.95,849.0,849.9,850.0,850.0,850.0,850.0,850.0,859.99,870.0,880.0,895.0,895.99,899.0,899.9,899.9,899.99,899.99,899.99,900.0
2026-09-20 18:01:21,Pokemon Astral Radiance Booster Display (Eng),single,280,351.19,352.19,357.18,351.12,353.12,366.48,370.81,351.19,352.19,357.18,357.19,360.48,362.19,366.19,369.55,379.5,379.55,382.5,384.55,385.49,386.37,388.1,392.75,395.47,396.47,402.19,407.19,407.19,408.55,412.72,417.19,422.19,422.98,432.19,437.18,443.72,451.63,344.0,345.0,348.99,349.99,350.0,350.0,350.0,350.0,354.99,355.0,359.0,359.9,359.95,360.0,360.0,362.99,365.0,369.0,370.0,379.99,389.0,395.0,399.98,400.0,400.0,410.0,415.0,425.0,429.99,444.44
2026-09-20 18:01:21,Pokemon Lost Origin ETB (Eng),single,284,189.55,192.19,197.18,185.25,186.32,201.49,202.15,189.55,192.19,197.18,197.42,197.55,202.08,202.09,202.5,206.19,206.89,207.18,207.19,207.19,208.55,208.55,208.99,211.47,211.5,212.19,212.41,214.89,216.18,217.19,217.19,217.5,217.5,218.39,219.5,219.54,221.69,170.0,178.0,180.0,180.0,184.99,185.0,185.0,189.0,189.0,189.0,189.99,190.0,194.89,194.9,194.99,195.0,195.0,199.0,199.0,199.0,199.95,199.99,199.99,199.99,199.99,200.0,200.0,205.0,205.0,208.99
2026-09-20 18:01:21,Pokemon Crown Zenith Galarian Articuno Tin US Version (Eng),single,24,151.63,154.5,157.19,154.8,184.36,170.36,200.61,151.63,154.5,157.19,161.47,167.19,172.5,173.99,176.19,177.18,177.18,178.09,207.18,207.19,304.96,442.75,,,,,,,,,,,,,,,,132.0,135.0,144.44,144.99,149.99,150.0,150.0,160.0,169.0,169.99,169.99,199.99,200.0,289.97,400.0,,,,,,,,,,,,,,,
2026-09-20 18:01:21,Pokemon Crown Zenith Galarian Zapdos Tin US Version (Eng),single,25,136.18,137.18,146.49,138.3,165.09,153.5,181.88,136.18,137.18,146.49,147.1,149.1,151.63,156.19,157.18,157.19,163.09,172.5,177.18,207.18,227.19,442.75,,,,,,,,,,,,,,,,114.0,116.0,123.99,128.99,129.99,129.99,144.44,149.0,149.99,150.0,150.0,169.99,199.99,220.0,400.0,,,,,,,,,,,,,,,
2026-09-20 18:01:21,Pokemon Crown Zenith Galarian Moltres Tin US Version (Eng),single,19,156.0,157.19,162.75,156.0,176.07,174.98,197.36,156.0,157.19,162.75,167.18,168.49,172.5,177.18,182.18,183.09,186.47,202.75,207.18,442.75,,,,,,,,,,,,,,,,,,120.0,145.99,148.0,149.99,150.0,150.0,159.99,160.0,160.0,169.99,174.99,199.99,400.0,,,,,,,,,,,,,,,,,
2026-09-20 18:01:21,Pokemon 151 Zapdos ex Collection (Eng),single,184,124.19,126.18,126.19,117.99,119.18,133.97,136.08,124.19,126.18,126.19,126.19,132.1,134.39,137.18,138.05,138.73,138.93,142.42,143.04,143.05,143.09,147.5,147.5,147.74,152.19,152.5,157.18,157.19,158.19,162.75,163.1,163.1,168.0,172.49,172.5,197.5,222.5,99.0,105.83,109.99,115.0,117.0,118.99,119.0,119.0,120.0,124.95,125.0,125.0,129.0,129.94,129.95,129.99,130.0,130.0,130.0,134.9,145.0,149.99,149.99,150.0,150.0,150.0,150.0,151.0,175.0,199.95
2026-09-20 18:01:21,Pokemon 151 UPC (Eng),single,397,685.68,694.94,714.94,712.5,715.33,732.46,736.24,685.68,694.94,714.94,715.68,730.68,735.67,735.68,735.68,745.68,745.68,755.68,760.63,760.68,760.68,765.68,765.68,784.55,789.55,789.68,795.68,800.0,804.55,804.85,809.55,813.68,814.68,814.68,819.55,820.19,825.0,670.0,679.99,699.99,700.0,700.0,715.0,719.99,720.0,720.0,725.0,730.0,730.0,735.0,740.0,744.95,745.0,745.0,749.0,750.0,750.0,755.0,760.0,770.0,774.0,775.0,775.0,780.0,780.0,780.0,780.0
2026-09-20 18:01:21,Pokemon 151 UPC (De),single,397,645.67,648.68,655.68,651.22,663.84,666.9,679.52,645.67,648.68,655.68,655.68,660.67,665.58,665.63,665.68,675.63,690.63,705.67,710.67,715.63,715.67,715.68,715.68,734.68,740.58,744.68,765.63,765.68,805.9,805.9,805.9,812.98,815.17,815.67,815.67,815.68,895.68,629.99,633.0,640.0,640.0,644.99,649.9,649.95,650.0,659.95,674.95,689.99,694.99,699.95,699.99,700.0,700.0,719.0,724.9,729.0,749.95,750.0,798.95,799.0,799.49,799.99,799.99,799.99,800.0,800.0,800.0
2026-09-20 18:01:21,Pokemon 151 Booster Display (Jpn),single,573,257.18,257.18,260.97,251.57,252.5,263.59,264.9,257.18,257.18,260.97,260.98,261.12,262.19,264.55,264.55,267.18,267.19,269.55,269.55,270.15,270.19,270.99,271.19,272.18,272.18,273.19,274.19,274.55,275.18,276.19,276.19,277.18,277.18,279.54,279.54,280.98,280.99,245.0,245.0,249.99,249.99,250.0,250.0,250.0,253.78,253.79,254.99,255.0,255.0,255.0,259.99,259.99,259.99,259.99,260.0,260.0,260.0,263.0,264.0,264.99,264.99,265.2,266.0,267.0,267.99,269.0,269.0
2026-09-20 18:01:21,Pokemon Paradigm Trigger Booster Display (Jpn),single,172,129.18,129.19,129.19,121.97,122.64,133.67,134.67,129.18,129.19,129.19,132.09,132.47,133.09,133.1,136.09,136.18,137.18,137.19,137.47,138.1,139.39,140.14,141.19,142.89,143.98,147.09,147.19,147.42,148.0,151.42,152.19,152.99,153.1,156.19,156.19,157.46,157.75,115.0,115.0,120.0,120.0,120.0,121.99,122.0,122.0,124.9,124.9,125.0,125.0,125.9,128.9,128.99,129.99,130.0,130.0,132.95,134.0,134.0,135.0,139.9,139.99,139.99,140.0,140.0,140.0,145.0,148.9
2026-09-20 18:01:21,Pokemon Star Birth Booster Display (Jpn),single,111,122.19,127.19,127.19,124.93,126.29,133.16,135.48,122.19,127.19,127.19,129.19,131.19,132.19,133.14,136.19,137.18,138.98,142.14,143.05,143.09,144.18,145.18,145.9,146.18,147.19,147.5,149.19,152.99,156.19,157.19,157.19,157.47,159.39,161.47,164.48,166.47,167.47,115.0,120.0,120.0,122.0,124.0,125.0,125.0,125.95,128.48,129.0,129.95,129.99,129.99,134.95,134.99,135.0,136.99,137.99,138.99,140.0,140.0,140.0,142.0,144.0,149.0,149.0,150.0,150.0,150.0,150.0
2026-09-20 18:01:21,Pokemon Violet ex Booster Display (Jpn),single,226,73.44,73.68,74.18,68.68,69.28,76.53,78.8,73.44,73.68,74.18,74.19,76.18,77.18,77.18,77.18,77.19,78.98,79.69,83.18,85.38,87.18,87.18,87.47,88.09,90.1,91.98,91.98,91.99,93.05,93.88,94.24,94.53,94.88,95.08,95.89,96.79,96.89,65.99,66.25,66.49,66.99,67.0,68.99,69.99,69.99,69.99,69.99,70.0,70.0,70.0,72.5,74.99,75.0,75.99,77.0,77.54,78.88,78.88,78.9,79.9,79.95,79.99,79.99,79.99,80.0,80.0,80.0
2026-09-20 18:01:21,Pokemon Brilliant Stars Booster Display (De),single,225,341.18,342.19,344.09,339.71,347.77,348.9,359.25,341.18,342.19,344.09,344.19,344.39,344.85,347.14,352.14,357.18,357.19,357.19,378.73,386.19,387.19,404.89,407.18,446.19,454.97,456.69,486.19,489.39,502.19,503.17,506.19,506.87,507.09,507.18,519.38,519.39,604.13,315.0,325.0,333.99,335.0,336.9,337.0,339.9,339.95,344.95,349.99,350.0,350.0,379.0,380.0,399.9,399.99,439.0,449.5,449.99,470.0,479.0,495.0,495.98,499.0,499.68,499.9,499.99,499.99,500.0,589.95
2026-09-20 18:01:21,Pokemon Lost Origin Booster Display (De),single,365,372.19,372.19,374.19,369.22,372.92,377.23,381.94,372.19,372.19,374.19,375.85,375.89,376.18,376.19,377.19,380.19,382.18,387.19,387.19,387.19,402.18,403.09,406.13,406.19,406.19,406.89,407.18,407.19,428.73,432.19,432.19,436.19,456.18,457.17,457.18,457.19,457.19,365.0,365.0,365.0,367.0,368.99,369.0,369.9,370.0,370.9,373.0,374.99,380.0,380.0,380.0,394.99,395.9,398.94,399.0,399.0,399.99,400.0,401.9,425.0,425.0,429.0,448.99,449.98,449.99,449.99,450.0
2026-09-20 18:01:21,Pokemon Twilight Masquerade Booster Display (De),single,266,267.19,272.08,272.14,277.9,336.19,285.77,344.51,267.19,272.08,272.14,276.19,277.19,279.34,287.07,287.09,302.13,304.98,306.87,306.87,307.18,407.18,1014.17,,,,,,,,,,,,,,,,259.95,260.0,264.89,264.95,269.0,270.0,279.88,279.9,294.94,299.68,299.68,299.99,299.99,399.99,999.99,,,,,,,,,,,,,,,
2026-09-20 18:01:21,Pokemon Prismatic Evolutions Mini Tin Display (Eng),single,321,264.55,267.99,269.44,247.91,250.15,273.81,275.54,264.55,267.99,269.44,270.47,270.91,272.5,275.8,276.45,277.19,277.75,279.55,281.0,282.18,282.5,284.85,286.18,286.19,286.5,286.68,287.18,289.54,292.19,292.74,297.17,297.19,297.45,299.5,301.44,302.5,303.97,235.0,235.0,244.0,244.44,245.0,249.89,249.99,249.99,250.0,250.0,254.9,259.99,260.0,260.0,264.0,269.99,270.0,274.99,278.99,279.0,279.49,279.9,279.9,279.95,279.99,280.0,285.0,289.0,289.95,289.98
2026-09-20 18:01:21,Pokemon Prismatic Evolutions Booster Bundle Display (Eng),case,198,1006.5,1056.5,1180.0,1088.75,1137.6,1166.17,1202.99,1006.5,1056.5,1180.0,1191.5,1236.7,1250.0,1265.58,1271.7,1285.68,1285.7,1285.7,1293.86,1296.86,1300.0,1310.73,1330.89,1346.8,1346.8,1350.0,1361.7,1361.7,1365.56,1386.7,1399.0,1400.0,1400.0,1400.0,1415.67,1415.68,1447.8,950.0,1000.0,1080.0,1125.0,1150.0,1189.0,1200.0,1200.0,1235.0,1247.0,1249.0,1249.0,1249.0,1249.0,1249.9,1250.0,1250.0,1270.0,1299.0,1300.0,1300.0,1300.0,1325.0,1325.0,1325.0,1349.88,1350.0,1350.0,1350.0,1350.0
2026-09-20 18:01:21,Pokemon Prismatic Evolutions ETB (De),single,2236,147.19,152.19,156.18,149.62,150.65,158.42,159.47,147.19,152.19,156.18,157.16,157.17,157.18,157.19,160.19,160.19,162.09,162.18,162.19,164.39,167.19,169.39,172.18,172.19,172.19,172.19,172.19,177.09,177.14,177.18,177.19,177.19,179.39,182.19,182.19,183.8,187.18,140.0,145.0,145.0,148.99,149.97,149.98,149.99,150.0,150.0,153.0,153.0,154.9,154.99,155.0,160.0,160.0,164.99,165.0,165.0,165.0,165.0,169.9,169.95,169.99,170.0,170.0,174.9,174.99,175.0,175.0
2026-09-20 18:01:21,Pokemon Prismatic Evolutions ETB (Eng),single,2236,169.69,171.06,174.0,160.0,161.73,176.23,176.9,169.69,171.06,174.0,174.19,174.55,175.19,177.19,177.19,178.0,179.55,179.55,179.55,180.18,181.5,182.05,182.13,182.19,184.55,184.85,184.97,187.41,187.42,188.5,189.39,189.5,189.55,189.55,189.55,189.55,189.55,154.99,155.0,155.0,160.0,160.0,160.0,160.0,160.0,162.5,162.5,165.0,167.0,167.0,168.0,168.95,169.0,169.99,170.0,170.0,170.0,170.0,170.0,170.0,170.0,170.0,170.0,170.0,172.99,174.94,174.99
2026-09-20 18:01:21,Prismatic Evolutions Super-Premium Collection (Eng),single,1570,280.98,282.89,283.93,268.73,270.23,285.53,286.34,280.98,282.89,283.93,284.24,284.54,284.55,284.77,286.77,287.64,287.77,288.69,288.69,289.5,289.62,290.55,294.55,294.55,294.55,294.67,294.76,294.77,295.94,298.5,298.55,298.77,301.9,303.69,304.05,305.99,308.54,264.99,265.0,265.0,267.0,268.0,269.0,269.85,269.95,270.0,271.0,274.0,274.9,274.9,274.94,274.99,274.99,275.0,275.0,275.0,275.0,275.55,278.95,279.0,279.0,279.95,280.0,280.0,284.5,285.0,288.99
2026-09-20 18:01:21,Prismatic Evolutions Super-Premium Collection (De),single,1570,207.64,207.69,207.69,199.75,200.06,209.19,210.02,207.64,207.69,207.69,208.69,208.69,208.69,208.69,209.69,210.69,210.69,211.64,211.69,211.9,212.69,213.57,213.58,213.69,213.69,214.69,215.68,215.69,216.98,217.68,217.69,217.69,218.64,218.64,218.69,218.69,218.69,190.0,198.95,199.0,199.0,199.0,200.0,200.0,200.0,200.0,201.0,202.0,202.0,202.95,203.0,204.0,204.88,204.89,205.0,205.0,206.0,206.99,207.0,208.99,209.0,209.0,209.95,209.95,210.0,210.0,210.0
2026-09-20 18:01:21,Pokemon Black Bolt & White Flare Unova Mini Tin Display (Eng),single,109,237.19,240.19,242.09,234.99,237.65,247.32,250.77,237.19,240.19,242.09,242.19,243.19,247.09,248.5,251.48,251.98,252.05,256.19,257.19,258.5,266.36,267.42,269.54,269.94,271.89,286.99,287.18,294.55,298.33,299.5,302.14,306.87,307.17,312.7,407.19,614.17,1014.17,224.0,230.0,232.5,233.0,234.0,234.6,234.9,235.0,236.0,239.89,239.9,245.99,245.99,249.0,249.99,249.99,250.0,250.0,259.99,269.95,275.0,279.8,279.95,279.99,294.95,299.68,299.98,400.0,599.99,999.99
2026-09-20 18:01:21,Pokemon Lost Abyss Booster Display (Jpn),single,124,217.47,225.18,227.18,224.75,227.13,238.53,241.0,217.47,225.18,227.18,232.19,234.55,237.18,241.19,242.19,244.39,249.38,249.55,250.0,252.19,255.19,257.14,257.18,264.55,272.19,283.73,289.19,297.18,306.19,307.17,307.18,307.18,307.19,313.73,318.1,319.38,352.19,200.0,215.0,217.99,219.99,220.0,225.0,225.0,229.99,229.99,230.0,234.0,235.0,235.0,245.0,245.0,248.0,249.95,249.99,250.0,265.0,280.0,282.0,289.0,289.99,289.99,293.9,299.0,299.0,299.98,299.99
2026-09-20 18:01:21,Pokemon Terastal Festival ex Booster Display (Jpn),single,967,107.18,107.19,107.9,97.23,97.12,112.71,113.41,107.18,107.19,107.9,109.19,112.19,112.98,113.05,114.37,115.99,115.99,116.45,116.99,116.99,117.18,117.47,117.5,121.18,121.39,122.19,122.5,122.99,122.99,122.99,123.0,123.09,123.1,123.18,124.18,125.19,126.19,89.0,89.99,94.0,95.0,95.0,96.9,98.98,99.0,99.0,99.95,99.99,99.99,100.0,100.0,100.0,100.0,100.0,100.0,102.0,102.0,105.0,105.0,105.0,105.0,105.0,109.99,110.0,113.99,114.99,115.0
2026-09-21 06:01:33,Pokemon Destined Rivals Booster Display (Eng),single,1331,349.55,359.5,359.55,347.86,346.63,368.14,368.05,349.55,359.5,359.55,367.18,367.19,367.4,369.55,369.55,372.19,372.5,372.9,372.9,373.0,373.9,373.9,373.9,374.55,374.55,375.19,375.39,376.19,376.47,378.9,379.51,379.99,380.5,381.49,381.5,382.19,382.42,330.0,336.5,340.0,344.9,349.0,349.0,350.0,350.0,350.0,350.0,350.0,350.0,350.0,350.0,350.0,350.0,355.0,355.0,355.0,359.0,359.96,359.99,359.99,359.99,360.0,360.0,360.0,360.0,360.0,360.0
2026-09-21 06:01:33,Pokemon Destined Rivals Booster Display Case (Eng),case,179,2050.0,2241.45,2250.73,2179.25,2199.5,2270.29,2279.13,2050.0,2241.45,2250.73,2289.99,2299.0,2300.0,2310.22,2331.45,2350.0,2368.48,2386.8,2392.45,2399.98,2400.0,2400.0,2400.0,2417.48,2421.73,2474.89,2500.0,2518.47,2553.4,2553.4,2561.17,2597.8,2599.89,2602.4,2641.45,2642.45,2692.45,1950.0,2129.0,2189.99,2199.0,2199.0,2200.0,2250.0,2289.0,2289.0,2300.0,2300.0,2300.0,2300.0,2300.0,2300.0,2350.0,2350.0,2399.0,2400.0,2450.0,2450.0,2465.0,2499.0,2499.89,2499.99,2500.0,2500.0,2599.0,2600.0,2645.0
2026-09-21 06:01:33,Pokemon Black Bolt ETB (Eng),single,552,131.09,132.09,132.19,124.54,125.61,136.99,138.14,131.09,132.09,132.19,132.6,136.19,137.16,137.18,139.19,140.19,141.19,141.5,142.18,142.19,143.55,143.6,146.07,146.5,147.09,147.09,147.09,147.09,147.99,148.0,148.09,148.55,148.59,149.29,149.39,149.42,149.9,119.0,120.0,120.0,123.9,124.9,124.99,125.0,125.0,125.0,127.5,129.0,129.9,129.95,129.97,129.99,129.99,130.0,130.0,130.0,130.0,132.0,132.0,133.0,134.0,134.0,134.49,134.95,134.99,134.99,135.0
2026-09-21 06:01:33,Pokemon Ascended Heroes ETB (Eng),single,1854,167.42,167.42,168.42,150.34,151.34,170.52,171.51,167.42,167.42,168.42,169.19,170.18,170.5,170.99,171.19,171.5,172.19,172.42,172.5,176.07,176.19,176.42,176.46,176.99,177.0,177.19,177.5,177.9,177.9,179.55,179.55,179.55,179.55,179.89,180.0,180.17,180.47,145.0,145.0,148.0,149.99,150.0,150.0,150.0,150.0,151.0,153.7,154.0,154.9,155.0,156.0,157.5,158.0,159.0,159.0,159.99,160.0,160.0,160.0,160.0,160.0,160.0,160.0,160.0,160.0,160.0,160.0
2026-09-21 06:01:33,Pokemon Ascended Heroes ETB Case (Eng),case,159,1650.0,1650.0,1667.45,1616.24,1640.39,1683.67,1706.35,1650.0,1650.0,1667.45,1706.12,1711.12,1717.45,1732.45,1741.45,1742.45,1745.0,1758.25,1782.45,1792.45,1792.45,1811.17,1819.0,1842.45,1842.45,1845.0,1847.7,1861.16,1883.25,1892.45,1900.0,1947.8,1968.48,1992.44,1994.89,1996.8,2000.0,1550.0,1550.0,1625.0,1644.95,1645.0,1649.95,1675.0,1675.0,1690.0,1699.0,1700.0,1719.0,1740.0,1745.0,1749.9,1750.0,1750.0,1750.0,1799.99,1800.0,1800.0,1800.0,1800.0,1850.0,1850.0,1899.0,1900.0,1900.0,1949.99,1949.99
2026-09-21 06:01:33,Pokemon 30th Celebration ETB (Eng),single,1758,161.06,161.5,163.59,145.47,145.51,165.73,167.04,161.06,161.5,163.59,164.31,164.37,164.5,167.14,167.19,167.32,167.42,167.98,171.5,172.0,172.75,173.0,173.0,173.0,173.5,173.54,174.0,174.46,174.46,174.5,174.55,175.42,175.89,176.42,176.42,176.47,177.0,130.0,140.0,142.99,143.0,144.9,144.98,144.99,146.95,147.99,147.99,149.0,149.9,149.99,150.0,150.0,150.0,150.0,150.0,150.0,151.0,153.95,153.99,154.0,154.9,154.95,155.0,155.0,155.0,158.0,158.0
2026-09-21 06:01:33,Pokemon 30th Celebration Booster Bundle (Eng),single,530,96.99,97.17,97.19,94.33,94.83,103.76,106.77,96.99,97.17,97.19,100.9,102.4,104.73,104.98,105.45,106.47,107.99,108.05,108.9,109.98,117.17,133.19,,,,,,,,,,,,,,,,79.99,89.99,89.99,90.0,93.28,94.95,94.99,96.0,97.5,97.94,97.95,99.95,99.98,99.99,99.99,,,,,,,,,,,,,,,
2026-09-21 06:01:33,Pokemon 30th Celebration Mini Tin Display (Eng),single,73,299.99,304.98,308.9,319.35,331.69,332.32,345.43,299.99,304.98,308.9,310.99,312.42,319.5,328.9,335.94,362.0,379.9,388.19,389.98,396.9,397.4,,,,,,,,,,,,,,,,,279.99,295.0,299.95,299.95,299.98,299.99,319.95,324.95,350.0,360.0,374.0,379.98,379.99,380.0,,,,,,,,,,,,,,,,
2026-09-21 06:01:33,Pokemon Destined Rivals Booster Display (De),single,1331,249.39,267.19,268.0,265.74,264.66,275.43,275.57,249.39,267.19,268.0,272.19,275.09,276.18,276.19,277.19,277.39,281.19,282.18,282.18,282.19,282.19,284.85,285.19,286.68,287.09,287.19,287.39,288.38,291.18,292.09,292.17,292.18,296.19,297.18,297.19,297.19,297.19,230.0,245.0,258.0,260.0,265.0,267.9,268.0,268.99,268.99,269.0,270.0,274.0,274.99,274.99,275.0,275.0,278.0,279.49,279.9,279.9,280.0,283.99,284.9,284.98,284.99,289.0,289.99,290.0,290.0,290.0
2026-09-21 06:01:33,Pokemon Ascended Heroes Mini Tin Display (Eng),single,187,288.67,296.19,307.19,290.99,294.6,315.13,315.35,288.67,296.19,307.19,311.0,311.47,311.5,317.19,319.88,321.38,321.45,321.47,324.49,324.8,326.36,327.18,328.55,329.55,336.19,337.14,337.18,337.42,338.0,345.99,352.19,359.55,366.45,366.9,368.55,369.55,369.55,268.0,280.0,280.0,285.0,287.0,289.0,292.0,295.0,299.89,299.99,300.0,309.0,310.0,310.0,314.19,314.99,314.99,318.0,319.99,320.0,325.0,329.0,329.95,329.99,340.0,344.99,345.0,349.0,350.0,350.0
2026-09-21 06:01:33,Pokemon Ascended Heroes Booster Bundle Display (Eng),case,262,1000.0,1000.0,1011.7,959.98,983.99,1043.35,1071.83,1000.0,1000.0,1011.7,1075.0,1086.7,1089.9,1090.0,1100.0,1125.0,1139.99,1145.0,1149.95,1150.0,1150.0,1186.6,1186.7,1197.8,1199.0,1200.0,1200.0,1200.0,1236.7,1240.99,1284.89,1299.0,1300.0,1300.0,1300.0,1300.0,1320.0,900.0,900.0,975.0,975.0,989.9,990.0,1000.0,1025.0,1039.99,1045.0,1049.95,1050.0,1050.0,1050.0,1099.0,1100.0,1100.0,1100.0,1100.0,1149.9,1150.0,1198.99,1199.0,1200.0,1200.0,1200.0,1200.0,1200.0,1220.0,1249.0
2026-09-21 06:01:33,Pokemon Ascended Heroes Pokemon Center ETB (Eng),single,296,325.39,335.39,341.75,361.62,368.73,391.75,396.68,325.39,335.39,341.75,380.39,386.19,386.5,406.18,406.19,413.1,413.73,423.73,425.39,427.19,439.54,439.54,439.55,450.85,451.19,451.19,451.19,455.38,457.18,461.5,463.72,467.42,467.69,469.53,472.19,472.5,476.47,299.0,300.0,310.0,350.0,355.0,360.0,365.0,375.0,379.0,398.99,399.0,399.99,400.0,419.99,419.99,420.0,420.0,429.99,440.0,444.0,444.0,444.0,445.9,449.95,449.98,449.99,450.0,450.0,450.0,465.0
2026-09-21 06:01:33,Pokemon Ascended Heroes Pokemon Center ETB (De),single,296,172.19,172.19,173.1,163.23,163.72,175.8,177.24,172.19,172.19,173.1,173.99,175.18,176.18,176.19,177.19,177.19,177.39,178.9,182.19,182.19,182.19,182.38,183.98,187.18,187.19,187.19,192.69,196.18,196.48,197.14,197.18,197.18,197.19,197.19,197.19,197.19,203.1,140.0,149.99,154.9,155.0,159.99,165.0,165.0,167.99,168.99,169.0,170.0,170.0,170.0,175.0,175.0,175.0,179.99,179.99,180.0,180.0,185.5,189.95,189.99,189.99,189.99,189.99,190.0,190.0,190.0,190.0
2026-09-21 06:01:33,Pokemon Ascended Heroes ETB (De),single,1854,111.19,112.09,112.19,108.23,108.32,115.43,115.51,111.19,112.09,112.19,113.14,115.18,116.14,116.19,116.19,117.18,117.19,117.19,117.19,117.19,117.19,117.19,117.19,118.19,121.04,121.09,121.19,121.19,122.14,122.14,122.18,122.19,122.19,122.19,122.19,122.19,122.19,104.0,104.9,105.0,105.95,107.99,108.95,109.0,109.0,109.99,110.0,110.0,110.0,110.0,110.0,110.0,110.0,111.0,113.85,113.9,114.0,114.0,114.95,114.95,114.99,115.0,115.0,115.0,115.0,115.0,115.0
2026-09-21 06:01:33,Pokemon Silver Tempest Booster Display (Eng),single,337,382.19,402.09,402.19,395.11,394.86,409.7,411.22,382.19,402.09,402.19,406.19,406.19,407.17,412.09,412.19,412.19,419.42,419.54,419.55,422.09,422.19,423.0,423.39,426.18,427.09,427.09,427.09,427.09,427.18,427.18,433.0,434.55,438.99,439.55,442.19,442.75,444.55,375.0,385.0,385.0,390.0,394.9,395.0,398.0,399.0,399.0,399.98,399.99,400.0,400.0,400.0,402.0,404.9,405.0,405.0,410.0,414.9,415.0,415.0,418.99,419.9,419.9,419.9,419.9,419.99,419.99,419.99
2026-09-21 06:01:33,Pokemon Lost Origin Booster Display (Eng),single,361,613.68,614.16,624.18,612.31,613.69,636.47,642.62,613.68,614.16,624.18,629.18,629.85,634.16,634.18,641.1,644.55,654.55,663.18,664.08,664.13,664.17,664.17,664.55,678.55,678.55,680.18,689.84,694.07,694.08,694.55,699.0,703.55,704.08,704.18,713.18,713.18,718.12,598.0,599.0,599.5,599.98,610.0,615.0,615.0,619.0,619.98,619.99,620.0,620.0,620.0,624.9,625.0,625.0,635.0,649.0,649.0,649.0,649.9,649.95,649.99,649.99,650.0,650.0,665.0,666.0,674.0,675.66
2026-09-21 06:01:33,Pokemon Chilling Reign Booster Display (Eng),single,187,394.39,397.18,406.19,409.11,412.44,425.56,428.29,394.39,397.18,406.19,417.5,422.5,425.39,427.09,431.5,437.09,437.18,444.55,444.55,444.85,447.19,447.19,447.45,449.55,457.19,459.54,464.55,466.42,469.55,469.55,469.55,469.55,471.85,497.19,503.72,507.14,507.19,369.0,389.99,395.0,399.0,400.0,400.0,409.0,419.9,424.95,425.0,425.0,429.9,429.99,430.0,439.9,439.99,439.99,440.0,440.0,445.0,449.0,450.0,450.0,450.0,450.0,450.0,450.0,490.0,499.0,499.0
2026-09-21 06:01:33,Pokemon Crown Zenith ETB (Eng),single,351,297.19,299.55,306.19,290.73,291.98,311.63,312.5,297.19,299.55,306.19,307.19,307.41,310.39,313.99,314.55,314.94,318.39,319.46,319.53,319.55,319.55,319.55,322.49,322.5,322.5,322.74,326.19,326.98,327.14,327.19,327.5,327.75,329.05,329.41,329.54,332.18,332.19,274.94,280.0,285.0,285.0,288.88,289.99,290.0,292.99,295.0,299.0,299.0,299.98,299.99,299.99,300.0,300.0,300.0,300.0,300.0,300.0,300.0,305.0,305.0,309.5,309.99,315.0,315.0,319.0,319.0,319.95
2026-09-21 06:01:33,Pokemon VSTAR Universe Booster Display (Jpn),single,718,167.18,167.9,173.69,163.19,163.5,175.47,175.17,167.18,167.9,173.69,174.18,174.19,174.69,176.19,176.68,177.09,177.09,177.19,177.19,177.19,178.19,178.98,179.55,179.55,182.14,182.18,182.19,182.19,182.19,183.8,184.55,185.19,187.19,187.19,188.55,189.5,192.09,150.0,155.0,159.99,160.0,160.0,160.0,165.0,166.5,166.99,167.0,167.0,167.5,169.0,169.0,169.49,169.9,169.9,169.99,170.0,170.0,170.0,170.0,171.0,174.95,174.99,174.99,175.0,175.0,175.0,175.0
2026-09-21 06:01:33,Pokemon Flareon VMAX Premium Collection EU Version (Eng),single,85,264.39,304.48,307.14,299.37,295.52,308.51,309.86,264.39,304.48,307.14,307.18,307.19,307.19,307.19,307.19,307.5,317.5,319.55,319.55,322.19,322.5,327.09,327.19,327.19,337.74,347.41,363.73,368.55,375.72,382.45,413.72,419.54,506.19,507.18,507.18,507.18,507.18,245.0,285.0,295.0,299.95,299.99,299.99,300.0,300.0,300.0,300.0,300.0,300.0,300.0,300.0,307.8,315.0,319.9,320.0,320.0,329.99,349.0,349.99,350.0,359.95,399.99,499.0,499.99,499.99,499.99,499.99
2026-09-21 06:01:33,Pokemon Jolteon VMAX Premium Collection EU Version (Eng),single,79,293.98,294.99,297.17,295.82,296.97,304.33,307.52,293.98,294.99,297.17,302.09,302.19,304.48,307.14,307.18,307.19,307.19,309.39,317.09,318.39,322.19,322.19,327.09,347.41,363.73,367.73,368.55,373.73,375.72,382.45,413.72,419.54,506.19,507.18,507.18,519.39,647.79,287.99,289.98,290.0,290.0,294.9,295.0,297.7,299.0,299.95,299.99,299.99,300.0,300.0,300.0,310.0,315.0,315.0,319.9,329.99,349.0,349.99,349.99,350.0,359.95,399.99,499.0,499.99,499.99,500.0,549.99
2026-09-21 06:01:33,Pokemon Vaporeon VMAX Premium Collection EU Version (Eng),single,68,322.19,327.14,327.18,322.83,329.77,332.95,344.37,322.19,327.14,327.18,327.19,327.19,328.39,337.19,337.19,337.19,342.09,357.18,357.19,367.09,383.73,387.41,406.19,413.72,418.55,419.54,422.45,425.72,457.18,506.19,507.18,519.39,647.79,850.0,950.0,954.55,982.94,309.0,315.0,319.95,319.99,320.0,320.0,320.0,322.7,330.0,330.0,330.0,349.99,349.99,350.0,359.9,369.99,399.0,399.0,399.95,399.99,400.0,449.99,499.0,499.99,500.0,549.99,750.0,850.0,890.0,925.0
2026-09-21 06:01:33,Pokemon Celebrations ETB (De),single,381,319.39,321.19,322.19,318.5,320.8,328.19,331.67,319.39,321.19,322.19,326.19,327.19,327.19,327.19,327.19,332.18,336.18,337.18,337.19,339.39,347.18,348.1,356.19,357.18,357.19,357.19,360.69,365.19,367.18,376.49,377.19,379.34,393.69,394.39,402.19,406.88,407.19,300.0,310.0,314.0,315.0,319.0,320.0,320.0,320.0,320.0,320.0,324.99,328.99,329.99,330.0,339.99,349.0,349.99,350.0,350.0,353.5,358.0,359.95,359.99,370.0,371.5,375.0,386.5,395.0,399.69,400.0
2026-09-21 06:01:33,Pokemon Champions Path ETB (Eng),single,176,146.19,147.17,147.19,146.24,146.59,153.43,154.3,146.19,147.17,147.19,152.19,152.19,154.09,155.18,155.19,155.19,156.19,157.18,157.18,157.19,157.19,164.99,166.19,166.98,167.19,167.19,169.38,172.19,174.24,176.19,177.19,177.19,179.55,182.5,183.1,184.97,186.19,139.0,139.98,140.0,145.0,145.0,146.9,147.99,148.0,148.0,149.0,149.99,149.99,149.99,150.0,150.0,150.0,159.0,159.0,159.99,160.0,160.0,160.0,160.0,164.75,165.0,169.0,169.0,169.95,170.0,170.0
2026-09-21 06:01:33,Pokemon Tag Team Pikachu & Zekrom GX Premium Collection (Eng),single,38,282.18,285.98,287.19,293.11,299.32,307.05,313.62,282.18,285.98,287.19,292.19,297.14,309.55,314.54,316.37,317.19,322.19,325.55,326.42,337.5,342.74,347.5,357.19,371.49,377.19,406.74,422.19,425.47,425.72,454.48,506.19,506.19,523.0,650.0,700.0,1014.18,,274.99,279.99,280.0,285.0,289.9,289.95,290.0,294.99,306.0,309.0,310.0,315.0,315.0,325.0,325.0,349.99,350.0,370.0,399.0,399.99,400.0,415.0,449.99,499.0,499.0,500.0,550.0,600.0,1000.0,
2026-09-21 06:01:33,Pokemon Tag Team Reshiram & Charizard GX Premium Collection (Eng),single,27,297.18,297.19,319.39,313.12,321.19,326.15,335.11,297.18,297.19,319.39,323.17,324.16,325.19,326.19,326.19,329.54,335.39,341.47,344.55,369.39,371.48,396.19,404.48,406.19,407.19,417.74,494.98,650.0,773.0,2214.13,,,,,,,,289.99,290.0,300.0,309.99,310.0,315.0,315.98,316.97,318.0,319.0,319.0,325.0,349.98,350.0,389.0,399.0,399.99,400.0,400.0,479.99,550.0,750.0,2199.95,,,,,,,
2026-09-21 06:01:33,Pokemon VMAX Climax Booster Display (Jpn),single,186,162.19,164.19,167.18,160.0,160.82,168.31,169.72,162.19,164.19,167.18,167.19,167.19,167.19,167.19,167.19,171.17,172.19,172.19,173.19,175.18,176.19,176.19,177.19,177.99,180.89,182.49,183.05,184.55,185.7,187.18,187.19,187.47,187.5,189.39,191.46,192.74,194.39,155.0,157.0,159.99,159.99,160.0,160.0,160.0,160.0,160.0,160.0,162.9,163.5,163.98,164.99,165.0,165.0,165.0,165.0,165.0,166.0,167.99,169.0,169.0,169.9,169.99,170.0,170.0,170.0,170.0,175.0
2026-09-21 06:01:33,Pokemon Battle Region Booster Display (Jpn),single,90,78.48,79.09,80.18,73.1,74.11,83.88,86.24,78.48,79.09,80.18,82.14,82.18,83.1,84.19,85.99,86.18,87.08,90.5,92.47,92.47,93.05,96.47,96.99,97.46,103.1,104.29,105.82,106.47,106.99,107.18,107.19,108.1,109.29,111.87,113.09,113.1,113.47,68.0,69.0,70.0,70.0,71.9,72.99,74.95,74.99,74.99,75.0,75.0,77.0,78.99,79.0,79.89,79.95,79.99,79.99,80.0,80.0,84.9,89.0,89.34,89.9,90.0,95.0,96.0,99.0,99.98,99.99
2026-09-21 06:01:33,Pokemon Clay Burst Booster Display (Jpn),single,293,92.17,92.19,92.19,85.98,86.52,95.17,97.42,92.17,92.19,92.19,93.09,93.97,94.09,95.19,96.47,97.19,99.19,100.99,101.99,102.19,103.98,106.47,106.48,107.19,109.25,110.35,112.37,112.98,112.98,113.1,113.47,115.08,117.09,117.18,117.46,118.65,118.99,79.0,79.99,84.0,84.98,85.0,85.0,85.0,86.9,88.0,88.98,89.0,90.0,90.0,90.0,92.0,93.16,94.9,95.0,95.0,96.0,99.88,99.88,99.99,99.99,100.0,100.0,100.0,105.0,107.89,109.9
2026-09-21 06:01:33,Pokemon Fusion Strike Booster Display (Eng),single,203,791.18,793.18,794.18,810.49,819.26,846.95,857.06,791.18,793.18,794.18,814.17,833.18,859.5,862.41,864.08,869.55,878.55,893.1,894.18,895.0,899.55,914.08,914.17,914.18,914.18,923.72,925.0,929.54,929.9,934.17,947.8,947.8,950.0,950.0,962.73,964.17,982.85,777.0,779.0,780.0,795.0,795.0,799.99,819.0,825.0,829.95,840.0,849.0,849.9,850.0,850.0,850.0,850.0,850.0,859.99,870.0,880.0,895.0,895.99,899.0,899.9,899.9,899.99,899.99,899.99,900.0,900.0
2026-09-21 06:01:33,Pokemon Astral Radiance Booster Display (Eng),single,279,351.19,352.19,357.18,352.25,353.99,369.64,373.19,351.19,352.19,357.18,360.48,362.19,366.19,369.55,379.5,379.55,382.5,384.55,385.49,386.37,388.1,392.75,395.47,402.19,407.19,407.19,408.55,412.72,417.19,422.19,422.98,432.19,437.18,443.72,451.63,457.17,457.18,344.0,345.0,348.99,349.99,350.0,350.0,350.0,354.99,355.0,359.0,359.9,359.95,360.0,360.0,362.99,365.0,369.0,379.99,389.0,395.0,399.98,400.0,400.0,410.0,415.0,425.0,429.99,444.44,449.88,449.88
2026-09-21 06:01:33,Pokemon Lost Origin ETB (Eng),single,302,189.55,192.19,197.18,185.25,185.98,201.49,202.15,189.55,192.19,197.18,197.42,197.55,202.08,202.09,202.5,206.19,206.89,207.18,207.19,207.19,208.55,208.55,208.99,209.55,211.47,211.5,212.19,212.41,214.89,216.18,217.19,217.19,217.5,217.5,218.39,219.5,219.54,170.0,178.0,180.0,180.0,184.99,185.0,185.0,189.0,189.0,189.0,189.99,190.0,190.0,194.89,194.9,194.99,195.0,195.0,199.0,199.0,199.0,199.95,199.99,199.99,199.99,199.99,200.0,200.0,205.0,205.0
2026-09-21 06:01:33,Pokemon Crown Zenith Galarian Articuno Tin US Version (Eng),single,24,151.63,154.5,157.19,154.8,184.36,170.36,200.61,151.63,154.5,157.19,161.47,167.19,172.5,173.99,176.19,177.18,177.18,178.09,207.18,207.19,304.96,442.75,,,,,,,,,,,,,,,,132.0,135.0,144.44,144.99,149.99,150.0,150.0,160.0,169.0,169.99,169.99,199.99,200.0,289.97,400.0,,,,,,,,,,,,,,,
2026-09-21 06:01:33,Pokemon Crown Zenith Galarian Zapdos Tin US Version (Eng),single,25,136.18,137.18,146.49,138.3,165.09,153.5,181.88,136.18,137.18,146.49,147.1,149.1,151.63,156.19,157.18,157.19,163.09,172.5,177.18,207.18,227.19,442.75,,,,,,,,,,,,,,,,114.0,116.0,123.99,128.99,129.99,129.99,144.44,149.0,149.99,150.0,150.0,169.99,199.99,220.0,400.0,,,,,,,,,,,,,,,
2026-09-21 06:01:33,Pokemon Crown Zenith Galarian Moltres Tin US Version (Eng),single,19,156.0,157.19,162.75,156.0,176.07,174.98,197.36,156.0,157.19,162.75,167.18,168.49,172.5,177.18,182.18,183.09,186.47,202.75,207.18,442.75,,,,,,,,,,,,,,,,,,120.0,145.99,148.0,149.99,150.0,150.0,159.99,160.0,160.0,169.99,174.99,199.99,400.0,,,,,,,,,,,,,,,,,
2026-09-21 06:01:33,Pokemon 151 Zapdos ex Collection (Eng),single,189,124.19,126.18,126.19,117.99,119.18,133.97,136.08,124.19,126.18,126.19,126.19,132.1,134.39,137.18,138.05,138.73,138.93,142.42,143.04,143.05,143.09,147.5,147.5,147.74,152.19,152.5,157.18,157.19,158.19,162.75,163.1,163.1,168.0,172.49,172.5,197.5,222.5,99.0,105.83,109.99,115.0,117.0,118.99,119.0,119.0,120.0,124.95,125.0,125.0,129.0,129.94,129.95,129.99,130.0,130.0,130.0,134.9,145.0,149.99,149.99,150.0,150.0,150.0,150.0,151.0,175.0,199.95
2026-09-21 06:01:33,Pokemon 151 UPC (Eng),single,398,694.94,714.94,715.68,720.0,723.33,737.55,741.58,694.94,714.94,715.68,730.68,735.67,735.68,735.68,745.68,745.68,755.68,760.63,760.68,760.68,765.68,765.68,784.55,789.55,789.68,795.68,804.55,804.85,809.55,813.68,814.68,814.68,819.55,820.19,825.0,825.68,829.55,679.99,699.99,700.0,715.0,719.99,720.0,720.0,725.0,730.0,730.0,735.0,740.0,744.95,745.0,745.0,749.0,750.0,750.0,755.0,760.0,770.0,774.0,775.0,775.0,780.0,780.0,780.0,780.0,785.0,787.0
2026-09-21 06:01:33,Pokemon 151 UPC (De),single,398,645.67,648.68,655.68,651.22,663.84,666.9,679.52,645.67,648.68,655.68,655.68,660.67,665.58,665.63,665.68,675.63,690.63,705.67,710.67,715.63,715.67,715.68,715.68,734.68,740.58,744.68,765.63,765.68,805.9,805.9,805.9,812.98,815.17,815.67,815.67,815.68,895.68,629.99,633.0,640.0,640.0,644.99,649.9,649.95,650.0,659.95,674.95,689.99,694.99,699.95,699.99,700.0,700.0,719.0,724.9,729.0,749.95,750.0,798.95,799.0,799.49,799.99,799.99,799.99,800.0,800.0,800.0
2026-09-21 06:01:33,Pokemon 151 Booster Display (Jpn),single,568,247.18,257.17,257.18,249.22,250.58,262.97,263.45,247.18,257.17,257.18,260.98,261.12,262.19,264.55,264.55,265.99,267.17,267.18,267.19,269.55,269.55,270.15,270.19,270.99,271.19,272.18,273.19,274.19,274.55,275.18,276.19,276.19,277.18,277.18,279.54,279.54,280.98,239.99,245.0,245.0,245.0,249.98,249.99,250.0,250.0,250.0,253.79,254.99,255.0,255.0,255.0,259.98,259.99,259.99,259.99,259.99,260.0,260.0,263.0,264.0,264.99,265.2,266.0,267.0,267.99,269.0,269.0
2026-09-21 06:01:33,Pokemon Paradigm Trigger Booster Display (Jpn),single,172,129.18,129.19,129.19,121.97,122.64,133.67,134.67,129.18,129.19,129.19,132.09,132.47,133.09,133.1,136.09,136.18,137.18,137.19,137.47,138.1,139.39,140.14,141.19,142.89,143.98,147.09,147.19,147.42,148.0,151.42,152.19,152.99,153.1,156.19,156.19,157.46,157.75,115.0,115.0,120.0,120.0,120.0,121.99,122.0,122.0,124.9,124.9,125.0,125.0,125.9,128.9,128.99,129.99,130.0,130.0,132.95,134.0,134.0,135.0,139.9,139.99,139.99,140.0,140.0,140.0,145.0,148.9
2026-09-21 06:01:33,Pokemon Star Birth Booster Display (Jpn),single,111,122.19,127.19,127.19,124.43,125.62,132.31,134.62,122.19,127.19,127.19,129.19,131.19,132.18,132.19,133.14,136.19,137.18,138.98,142.14,143.05,143.09,144.18,145.18,145.9,146.18,147.19,147.5,149.19,152.99,156.19,157.19,157.19,157.47,159.39,161.47,164.48,166.47,115.0,120.0,120.0,122.0,124.0,124.99,125.0,125.0,125.95,128.48,129.0,129.95,129.99,129.99,134.95,134.99,135.0,136.99,137.99,138.99,140.0,140.0,140.0,142.0,144.0,149.0,149.0,150.0,150.0,150.0
2026-09-21 06:01:33,Pokemon Violet ex Booster Display (Jpn),single,225,73.44,73.68,74.18,68.68,69.28,76.53,78.8,73.44,73.68,74.18,74.19,76.18,77.18,77.18,77.18,77.19,78.98,79.69,83.18,85.38,87.18,87.18,87.47,88.09,90.1,91.98,91.98,91.99,93.05,93.88,94.24,94.53,94.88,95.08,95.89,96.79,96.89,65.99,66.25,66.49,66.99,67.0,68.99,69.99,69.99,69.99,69.99,70.0,70.0,70.0,72.5,74.99,75.0,75.99,77.0,77.54,78.88,78.88,78.9,79.9,79.95,79.99,79.99,79.99,80.0,80.0,80.0
2026-09-21 06:01:33,Pokemon Brilliant Stars Booster Display (De),single,227,341.18,342.19,344.09,339.71,347.77,348.9,359.25,341.18,342.19,344.09,344.19,344.39,344.85,347.14,352.14,357.18,357.19,357.19,378.73,386.19,387.19,404.89,407.18,446.19,454.97,456.69,486.19,489.39,502.19,503.17,506.19,506.87,507.09,507.18,519.38,519.39,604.13,315.0,325.0,333.99,335.0,336.9,337.0,339.9,339.95,344.95,349.99,350.0,350.0,379.0,380.0,399.9,399.99,439.0,449.5,449.99,470.0,479.0,495.0,495.98,499.0,499.68,499.9,499.99,499.99,500.0,589.95
2026-09-21 06:01:33,Pokemon Lost Origin Booster Display (De),single,361,372.19,372.19,374.19,369.22,372.92,377.23,381.94,372.19,372.19,374.19,375.85,375.89,376.18,376.19,377.19,380.19,382.18,387.19,387.19,387.19,402.18,403.09,406.13,406.19,406.19,406.89,407.18,407.19,428.73,432.19,432.19,436.19,456.18,457.17,457.18,457.19,457.19,365.0,365.0,365.0,367.0,368.99,369.0,369.9,370.0,370.9,373.0,374.99,380.0,380.0,380.0,394.99,395.9,398.94,399.0,399.0,399.99,400.0,401.9,425.0,425.0,429.0,448.99,449.98,449.99,449.99,450.0
2026-09-21 06:01:33,Pokemon Twilight Masquerade Booster Display (De),single,266,267.19,272.08,272.14,277.9,336.19,285.77,344.51,267.19,272.08,272.14,276.19,277.19,279.34,287.07,287.09,302.13,304.98,306.87,306.87,307.18,407.18,1014.17,,,,,,,,,,,,,,,,259.95,260.0,264.89,264.95,269.0,270.0,279.88,279.9,294.94,299.68,299.68,299.99,299.99,399.99,999.99,,,,,,,,,,,,,,,
2026-09-21 06:01:33,Pokemon Prismatic Evolutions Mini Tin Display (Eng),single,321,264.55,267.99,269.44,247.91,250.15,273.81,275.54,264.55,267.99,269.44,270.47,270.91,272.5,275.8,276.45,277.19,277.75,279.55,281.0,282.18,282.5,284.85,286.18,286.19,286.5,286.68,287.18,289.54,292.19,292.74,297.17,297.19,297.45,299.5,301.44,302.5,303.97,235.0,235.0,244.0,244.44,245.0,249.89,249.99,249.99,250.0,250.0,254.9,259.99,260.0,260.0,264.0,269.99,270.0,274.99,278.99,279.0,279.49,279.9,279.9,279.95,279.99,280.0,285.0,289.0,289.95,289.98
2026-09-21 06:01:33,Pokemon Prismatic Evolutions Booster Bundle Display (Eng),case,198,1006.5,1056.5,1138.0,1076.25,1122.9,1141.5,1188.22,1006.5,1056.5,1138.0,1180.0,1191.5,1236.7,1250.0,1265.58,1271.7,1285.68,1285.7,1285.7,1293.86,1296.86,1300.0,1310.73,1330.89,1346.8,1346.8,1350.0,1361.7,1365.56,1386.7,1400.0,1400.0,1400.0,1415.67,1415.68,1447.8,1447.8,950.0,1000.0,1080.0,1100.0,1125.0,1150.0,1189.0,1200.0,1200.0,1235.0,1247.0,1249.0,1249.0,1249.0,1249.0,1249.9,1250.0,1250.0,1270.0,1300.0,1300.0,1300.0,1325.0,1325.0,1349.88,1350.0,1350.0,1350.0,1350.0,1399.99
2026-09-21 06:01:33,Pokemon Prismatic Evolutions ETB (De),single,2236,152.19,154.19,156.18,149.24,150.45,158.08,159.27,152.19,154.19,156.18,157.16,157.17,157.18,157.19,159.39,160.19,160.19,162.09,162.18,162.19,164.39,167.19,172.18,172.19,172.19,172.19,172.19,177.09,177.14,177.18,177.19,177.19,179.39,182.19,182.19,183.8,187.18,140.0,145.0,145.0,147.0,148.99,149.97,149.98,149.99,150.0,153.0,153.0,154.9,154.99,155.0,160.0,160.0,164.99,165.0,165.0,165.0,165.0,169.9,169.95,169.99,170.0,170.0,174.9,174.99,175.0,175.0
2026-09-21 06:01:33,Pokemon Prismatic Evolutions ETB (Eng),single,2236,163.6,171.06,172.05,158.09,159.21,175.05,175.54,163.6,171.06,172.05,172.19,174.0,174.55,175.19,177.19,177.19,178.0,179.24,179.55,179.55,179.55,180.18,181.5,182.13,182.19,184.55,184.85,184.97,187.41,187.42,187.5,188.5,188.5,189.39,189.5,189.55,189.55,150.0,152.5,154.99,155.0,155.0,159.69,160.0,160.0,160.0,160.0,160.0,165.0,165.0,165.0,166.0,167.0,168.0,168.95,169.99,170.0,170.0,170.0,170.0,170.0,170.0,170.0,170.0,170.0,172.99,174.94
2026-09-21 06:01:33,Prismatic Evolutions Super-Premium Collection (Eng),single,1570,280.98,282.89,283.93,269.98,270.97,286.05,287.01,280.98,282.89,283.93,284.24,284.55,284.77,286.77,287.64,287.77,288.69,288.69,289.5,289.62,290.55,294.55,294.55,294.55,294.67,294.76,294.77,295.94,298.5,298.55,298.77,302.9,303.69,304.05,305.99,308.54,308.68,265.0,265.0,267.0,268.0,269.85,269.95,270.0,270.0,271.0,274.0,274.9,274.9,274.94,274.99,274.99,275.0,275.0,275.0,275.0,275.55,278.95,279.0,279.0,279.95,280.0,280.0,284.5,285.0,288.99,289.9
2026-09-21 06:01:33,Prismatic Evolutions Super-Premium Collection (De),single,1570,207.69,207.69,207.69,200.49,201.58,209.68,210.67,207.69,207.69,207.69,208.69,208.69,208.69,209.69,210.69,211.64,211.69,212.69,213.57,213.58,213.69,213.69,214.69,215.68,215.69,216.98,217.69,217.69,218.64,218.64,218.69,218.69,218.69,218.69,218.69,220.9,223.69,199.0,199.0,199.0,199.0,200.0,200.0,200.0,201.0,202.0,202.95,203.0,204.0,204.88,204.89,205.0,205.0,206.0,206.99,207.0,209.0,209.0,209.95,209.95,210.0,210.0,210.0,210.0,210.0,210.49,215.0
2026-09-21 06:01:33,Pokemon Black Bolt & White Flare Unova Mini Tin Display (Eng),single,109,237.19,240.19,242.09,234.99,237.65,247.32,250.77,237.19,240.19,242.09,242.19,243.19,247.09,248.5,251.48,251.98,252.05,256.19,257.19,258.5,266.36,267.42,269.54,269.94,271.89,286.99,287.18,294.55,298.33,299.5,302.14,306.87,307.17,312.7,407.19,614.17,1014.17,224.0,230.0,232.5,233.0,234.0,234.6,234.9,235.0,236.0,239.89,239.9,245.99,245.99,249.0,249.99,249.99,250.0,250.0,259.99,269.95,275.0,279.8,279.95,279.99,294.95,299.68,299.98,400.0,599.99,999.99
2026-09-21 06:01:33,Pokemon Lost Abyss Booster Display (Jpn),single,124,217.47,222.18,225.18,224.12,226.8,238.28,240.66,217.47,222.18,225.18,232.19,234.55,237.18,241.19,242.19,244.39,249.38,249.55,250.0,252.19,255.19,257.14,257.18,264.55,272.19,283.73,289.19,297.18,306.19,307.17,307.18,307.18,307.19,313.73,318.1,319.38,352.19,200.0,214.99,215.0,217.99,220.0,225.0,225.0,229.99,229.99,230.0,234.0,235.0,235.0,245.0,245.0,248.0,249.95,249.99,250.0,265.0,280.0,282.0,289.0,289.99,289.99,293.9,299.0,299.0,299.98,299.99
2026-09-21 06:01:33,Pokemon Terastal Festival ex Booster Display (Jpn),single,967,107.18,107.19,107.9,97.23,97.12,112.71,113.41,107.18,107.19,107.9,109.19,112.19,112.98,113.05,114.37,115.99,115.99,116.45,116.99,116.99,117.18,117.47,117.5,121.18,121.39,122.19,122.5,122.99,122.99,122.99,123.0,123.09,123.1,123.18,124.18,125.19,126.19,89.0,89.99,94.0,95.0,95.0,96.9,98.98,99.0,99.0,99.95,99.99,99.99,100.0,100.0,100.0,100.0,100.0,100.0,102.0,102.0,105.0,105.0,105.0,105.0,105.0,109.99,110.0,113.99,114.99,115.0
2026-09-21 18:01:38,Pokemon Destined Rivals Booster Display (Eng),single,1331,343.55,359.5,359.55,347.86,346.56,368.99,368.37,343.55,359.5,359.55,367.18,367.19,367.4,372.19,372.5,372.9,373.0,373.9,373.9,373.9,374.39,374.55,374.55,375.19,375.39,376.19,376.47,378.9,379.51,379.99,380.5,381.5,382.19,382.42,382.49,383.0,383.5,324.0,336.5,340.0,344.9,349.0,349.0,350.0,350.0,350.0,350.0,350.0,350.0,350.0,350.0,355.0,355.0,355.0,359.0,359.96,359.99,359.99,360.0,360.0,360.0,360.0,360.0,360.0,360.0,360.0,361.0
2026-09-21 18:01:38,Pokemon Destined Rivals Booster Display Case (Eng),case,179,2050.0,2241.45,2250.73,2179.25,2199.5,2270.29,2279.13,2050.0,2241.45,2250.73,2289.99,2299.0,2300.0,2310.22,2331.45,2350.0,2368.48,2386.8,2392.45,2399.98,2400.0,2400.0,2400.0,2417.48,2421.73,2474.89,2500.0,2517.48,2518.47,2553.4,2553.4,2561.17,2597.8,2599.89,2602.4,2641.45,2642.45,1950.0,2129.0,2189.99,2199.0,2199.0,2200.0,2250.0,2289.0,2289.0,2300.0,2300.0,2300.0,2300.0,2300.0,2300.0,2350.0,2350.0,2399.0,2400.0,2450.0,2450.0,2465.0,2499.0,2499.0,2499.89,2499.99,2500.0,2500.0,2599.0,2600.0
2026-09-21 18:01:38,Pokemon Black Bolt ETB (Eng),single,552,131.09,132.19,132.6,125.05,125.82,138.78,140.49,131.09,132.19,132.6,136.19,137.18,139.19,140.19,141.19,141.5,142.19,146.07,146.5,147.09,147.09,147.09,147.09,147.99,148.0,148.09,148.55,148.59,149.29,149.39,149.41,149.9,151.39,151.42,151.5,152.14,152.18,119.0,120.0,120.0,123.9,124.99,125.0,125.0,125.0,127.5,129.0,129.0,129.0,129.9,129.99,130.0,130.0,130.0,131.99,132.0,133.0,134.0,134.0,134.49,134.95,134.99,135.0,135.0,139.0,139.9,139.9
2026-09-21 18:01:38,Pokemon Ascended Heroes ETB (Eng),single,1824,166.42,167.42,167.42,149.37,150.51,169.92,171.0,166.42,167.42,167.42,167.5,168.42,170.18,170.99,171.19,171.5,172.19,172.42,172.5,174.55,176.07,176.19,176.42,176.46,176.5,176.55,177.0,177.19,177.9,177.9,179.5,179.55,179.55,179.55,179.55,179.89,180.0,145.0,145.0,145.0,149.0,149.99,150.0,150.0,150.0,150.0,151.0,153.7,154.0,154.9,155.0,155.0,155.0,157.0,157.5,158.0,159.0,159.95,159.99,160.0,160.0,160.0,160.0,160.0,160.0,160.0,160.0
2026-09-21 18:01:38,Pokemon Ascended Heroes ETB Case (Eng),case,158,1650.0,1650.0,1667.45,1616.24,1640.39,1683.67,1706.35,1650.0,1650.0,1667.45,1706.12,1711.12,1717.45,1732.45,1741.45,1742.45,1745.0,1758.25,1782.45,1792.45,1792.45,1811.17,1819.0,1842.45,1842.45,1845.0,1847.7,1861.16,1883.25,1892.45,1900.0,1947.8,1968.48,1992.44,1994.89,1996.8,2000.0,1550.0,1550.0,1625.0,1644.95,1645.0,1649.95,1675.0,1675.0,1690.0,1699.0,1700.0,1719.0,1740.0,1745.0,1749.9,1750.0,1750.0,1750.0,1799.99,1800.0,1800.0,1800.0,1800.0,1850.0,1850.0,1899.0,1900.0,1900.0,1949.99,1949.99
2026-09-21 18:01:38,Pokemon 30th Celebration ETB (Eng),single,1758,161.06,161.07,163.0,143.98,144.65,165.25,165.99,161.06,161.07,163.0,163.59,163.6,164.31,166.18,166.98,166.99,167.32,167.42,167.89,168.98,169.49,171.9,172.05,172.99,173.0,173.0,173.0,173.0,173.54,174.55,174.55,175.3,175.42,175.98,176.42,176.42,176.47,134.99,139.0,140.0,143.98,143.99,144.0,144.9,144.99,145.0,145.0,145.98,147.99,149.9,149.99,149.99,150.0,150.0,150.0,150.0,150.0,150.0,150.0,152.5,153.99,154.9,154.95,154.99,155.0,155.0,155.0
2026-09-21 18:01:38,Pokemon 30th Celebration Booster Bundle (Eng),single,530,96.99,97.17,97.19,94.71,95.17,103.88,109.08,96.99,97.17,97.19,100.9,102.4,104.73,104.98,105.45,106.47,108.9,109.98,117.17,122.5,128.19,133.19,,,,,,,,,,,,,,,,79.99,89.99,89.99,90.0,93.28,94.99,96.0,97.5,97.94,97.95,99.95,99.98,99.99,99.99,100.0,,,,,,,,,,,,,,,
2026-09-21 18:01:38,Pokemon 30th Celebration Mini Tin Display (Eng),single,73,299.99,304.98,310.99,328.6,334.14,342.23,348.24,299.99,304.98,310.99,312.42,319.5,328.9,335.94,362.0,379.9,388.19,389.98,396.9,397.4,,,,,,,,,,,,,,,,,,279.99,295.0,299.95,299.98,299.99,319.95,324.95,350.0,360.0,374.0,379.98,379.99,380.0,,,,,,,,,,,,,,,,,
2026-09-21 18:01:38,Pokemon Destined Rivals Booster Display (De),single,1331,249.39,266.19,267.19,263.36,262.59,272.4,273.33,249.39,266.19,267.19,267.19,268.0,272.19,275.09,276.18,276.19,277.19,277.39,281.19,282.18,282.18,282.19,282.19,284.85,285.19,286.68,287.09,287.19,287.39,288.38,291.18,292.09,292.17,292.18,296.19,297.18,297.19,230.0,245.0,258.0,259.0,260.0,260.0,265.0,267.9,268.0,268.99,268.99,269.0,270.0,274.0,274.99,274.99,275.0,275.0,278.0,279.49,279.9,279.9,280.0,283.99,284.9,284.98,284.99,289.0,289.99,290.0
2026-09-21 18:01:38,Pokemon Ascended Heroes Mini Tin Display (Eng),single,189,288.67,296.19,307.19,290.99,294.6,315.13,315.35,288.67,296.19,307.19,311.0,311.47,311.5,317.19,319.88,321.38,321.45,321.47,324.49,324.8,326.36,327.18,328.55,329.55,336.19,337.14,337.18,337.42,338.0,345.99,352.19,359.55,366.45,366.9,368.55,369.55,369.55,268.0,280.0,280.0,285.0,287.0,289.0,292.0,295.0,299.89,299.99,300.0,309.0,310.0,310.0,314.19,314.99,314.99,318.0,319.99,320.0,325.0,329.0,329.95,329.99,340.0,344.99,345.0,349.0,350.0,350.0
2026-09-21 18:01:38,Pokemon Ascended Heroes Booster Bundle Display (Eng),case,271,1000.0,1011.7,1050.0,972.48,989.99,1056.65,1083.66,1000.0,1011.7,1050.0,1075.0,1089.9,1090.0,1100.0,1125.0,1145.0,1149.95,1150.0,1150.0,1186.6,1186.7,1186.7,1197.8,1199.0,1200.0,1200.0,1200.0,1236.7,1240.99,1284.89,1299.0,1300.0,1300.0,1300.0,1300.0,1320.0,1336.7,900.0,950.0,975.0,975.0,989.9,990.0,1000.0,1025.0,1045.0,1049.95,1050.0,1050.0,1099.0,1100.0,1100.0,1100.0,1100.0,1149.9,1150.0,1150.0,1198.99,1199.0,1200.0,1200.0,1200.0,1200.0,1200.0,1220.0,1249.0,1250.0
2026-09-21 18:01:38,Pokemon Ascended Heroes Pokemon Center ETB (Eng),single,288,325.39,341.75,380.39,372.75,376.06,402.0,403.62,325.39,341.75,380.39,386.19,386.5,406.18,406.19,413.1,413.73,423.73,425.39,427.19,439.54,439.54,439.55,450.85,451.19,451.19,451.19,455.38,457.18,461.5,463.72,467.42,467.69,469.53,472.19,472.5,476.47,497.19,299.0,300.0,350.0,355.0,360.0,365.0,375.0,379.0,398.99,399.0,399.99,400.0,419.99,419.99,420.0,420.0,429.99,440.0,444.0,444.0,444.0,445.9,449.95,449.98,449.99,450.0,450.0,450.0,465.0,480.0
2026-09-21 18:01:38,Pokemon Ascended Heroes Pokemon Center ETB (De),single,288,167.19,172.19,172.19,161.61,162.06,174.53,175.56,167.19,172.19,172.19,172.19,173.1,173.99,175.18,176.18,176.19,177.19,177.19,177.39,178.9,182.19,182.19,182.19,182.38,183.98,187.18,187.19,187.19,192.69,196.18,196.48,197.14,197.18,197.18,197.19,197.19,197.19,140.0,149.99,154.9,155.0,159.99,160.0,165.0,165.0,165.0,167.99,168.99,169.0,170.0,170.0,170.0,175.0,175.0,175.0,179.99,179.99,180.0,180.0,185.5,189.95,189.99,189.99,189.99,189.99,190.0,190.0
2026-09-21 18:01:38,Pokemon Ascended Heroes ETB (De),single,1824,107.19,111.19,111.19,107.11,107.37,114.29,114.56,107.19,111.19,111.19,112.14,113.14,114.19,115.18,116.14,116.19,116.19,117.08,117.09,117.18,117.18,117.19,117.19,117.19,117.19,117.19,117.19,118.19,121.04,121.09,121.19,121.19,122.14,122.14,122.18,122.18,122.19,100.0,104.0,104.0,104.95,105.95,107.0,107.99,108.95,109.0,109.0,109.89,109.9,109.99,109.99,110.0,110.0,110.0,110.0,110.0,110.0,111.0,113.85,113.9,114.0,114.0,114.95,114.95,114.99,114.99,115.0
2026-09-21 18:01:38,Pokemon Silver Tempest Booster Display (Eng),single,337,392.19,397.17,402.19,393.87,394.86,409.08,411.23,392.19,397.17,402.19,402.19,406.19,406.19,412.09,412.19,412.19,419.42,419.54,419.55,422.09,422.19,423.0,423.39,426.18,427.09,427.09,427.09,427.09,427.18,427.18,433.0,434.55,438.99,439.55,442.19,442.75,444.55,385.0,385.0,385.0,389.98,390.0,395.0,395.0,398.0,399.0,399.0,399.99,400.0,400.0,400.0,402.0,404.9,405.0,405.0,410.0,414.9,415.0,415.0,418.99,419.9,419.9,419.9,419.9,419.99,419.99,419.99
2026-09-21 18:01:38,Pokemon Lost Origin Booster Display (Eng),single,361,609.18,613.68,624.18,612.19,613.69,640.09,644.22,609.18,613.68,624.18,629.18,629.85,634.18,641.1,644.55,654.55,663.16,663.18,664.08,664.13,664.17,664.17,664.55,678.55,678.55,680.18,689.84,694.07,694.08,694.55,699.0,703.55,704.08,704.18,708.76,713.18,713.18,595.0,598.0,599.0,599.5,610.0,615.0,615.0,619.0,619.99,620.0,620.0,620.0,624.9,625.0,625.0,635.0,648.98,649.0,649.0,649.0,649.9,649.95,649.99,649.99,650.0,650.0,665.0,666.0,674.0,675.0
2026-09-21 18:01:38,Pokemon Chilling Reign Booster Display (Eng),single,187,394.39,397.18,406.19,409.11,412.44,425.56,428.29,394.39,397.18,406.19,417.5,422.5,425.39,427.09,431.5,437.09,437.18,444.55,444.55,444.85,447.19,447.19,447.45,449.55,457.19,459.54,464.55,466.42,469.55,469.55,469.55,469.55,469.55,471.85,503.72,507.19,507.19,369.0,389.99,395.0,399.0,400.0,400.0,409.0,419.9,424.95,425.0,425.0,429.9,429.99,430.0,439.9,439.99,439.99,440.0,440.0,445.0,449.0,450.0,450.0,450.0,450.0,450.0,450.0,450.0,499.0,499.0
2026-09-21 18:01:38,Pokemon Crown Zenith ETB (Eng),single,351,299.55,307.41,310.39,292.48,293.65,316.94,317.08,299.55,307.41,310.39,313.99,314.55,318.39,319.53,319.55,319.55,319.55,322.49,322.5,322.5,322.74,323.46,324.99,326.19,326.98,327.14,327.19,327.5,327.75,329.05,329.41,329.54,332.18,332.19,332.19,334.55,334.55,280.0,284.99,285.0,285.0,288.88,289.99,295.0,296.99,299.0,299.98,299.99,299.99,300.0,300.0,300.0,300.0,300.0,300.0,305.0,305.0,309.5,309.99,315.0,315.0,319.0,319.0,319.95,320.0,320.0,320.0
2026-09-21 18:01:38,Pokemon VSTAR Universe Booster Display (Jpn),single,718,167.18,171.18,173.69,163.68,163.93,175.11,175.07,167.18,171.18,173.69,174.18,174.18,174.19,174.69,176.19,176.68,177.09,177.09,177.19,177.19,177.19,178.19,178.98,179.55,179.55,182.14,182.18,182.19,182.19,182.19,183.8,184.55,185.19,187.19,187.19,188.55,189.5,150.0,159.99,160.0,160.0,160.0,163.99,165.0,166.5,166.99,166.99,167.0,167.0,167.5,169.0,169.0,169.49,169.9,169.9,169.99,170.0,170.0,170.0,170.0,171.0,174.95,174.99,174.99,175.0,175.0,175.0
2026-09-21 18:01:38,Pokemon Flareon VMAX Premium Collection EU Version (Eng),single,85,264.39,304.48,307.14,299.37,295.0,308.51,309.35,264.39,304.48,307.14,307.18,307.19,307.19,307.19,307.19,307.5,317.5,319.55,319.55,319.55,322.19,322.5,327.09,327.19,327.19,337.74,347.41,363.73,368.55,375.72,382.45,413.72,419.54,506.19,507.18,507.18,507.18,245.0,285.0,295.0,299.95,299.99,299.99,300.0,300.0,300.0,300.0,300.0,300.0,300.0,300.0,300.0,307.8,315.0,319.9,320.0,320.0,329.99,349.0,349.99,350.0,359.95,399.99,499.0,499.99,499.99,499.99
2026-09-21 18:01:38,Pokemon Jolteon VMAX Premium Collection EU Version (Eng),single,79,293.98,294.99,297.17,295.82,296.97,304.33,307.52,293.98,294.99,297.17,302.09,302.19,304.48,307.14,307.18,307.19,307.19,309.39,317.09,318.39,322.19,322.19,327.09,339.55,347.41,363.73,367.73,368.55,373.73,375.72,382.45,413.72,419.54,506.19,507.18,507.18,519.39,287.99,289.98,290.0,290.0,294.9,295.0,297.7,299.0,299.95,299.99,299.99,300.0,300.0,300.0,310.0,315.0,315.0,319.9,320.0,329.99,349.0,349.99,349.99,350.0,359.95,399.99,499.0,499.99,499.99,500.0
2026-09-21 18:01:38,Pokemon Vaporeon VMAX Premium Collection EU Version (Eng),single,68,322.19,327.14,327.18,322.83,329.11,332.95,343.18,322.19,327.14,327.18,327.19,327.19,328.39,337.19,337.19,337.19,342.09,357.18,357.19,367.09,369.55,383.73,387.41,406.19,413.72,418.55,419.54,422.45,425.72,457.18,506.19,507.18,519.39,647.79,850.0,950.0,954.55,309.0,315.0,319.95,319.99,320.0,320.0,320.0,322.7,330.0,330.0,330.0,349.99,349.99,350.0,350.0,359.9,369.99,399.0,399.0,399.95,399.99,400.0,449.99,499.0,499.99,500.0,549.99,750.0,850.0,890.0
2026-09-21 18:01:38,Pokemon Celebrations ETB (De),single,381,305.19,307.19,307.19,312.25,313.4,322.22,323.0,305.19,307.19,307.19,319.39,321.19,322.19,326.19,327.19,327.19,327.19,327.19,327.19,332.18,332.18,336.18,337.18,337.18,337.19,339.39,348.1,356.19,357.18,357.19,357.19,360.69,365.19,367.18,376.49,377.19,379.34,298.0,300.0,300.0,300.0,310.0,314.0,315.0,319.0,320.0,320.0,320.0,320.0,320.0,320.0,324.99,324.99,328.99,329.99,329.99,330.0,349.0,349.99,350.0,350.0,353.5,358.0,359.95,359.99,370.0,371.5
2026-09-21 18:01:38,Pokemon Champions Path ETB (Eng),single,176,146.19,147.17,147.19,146.62,146.8,153.81,155.11,146.19,147.17,147.19,152.19,152.19,155.18,155.19,155.19,156.19,157.18,157.18,157.19,157.19,164.99,166.19,166.98,167.19,167.19,169.38,172.19,174.24,176.19,177.19,177.19,179.55,182.5,183.1,184.97,186.19,188.55,139.0,139.98,140.0,145.0,145.0,147.99,148.0,148.0,149.0,149.99,149.99,149.99,150.0,150.0,150.0,159.0,159.0,159.99,160.0,160.0,160.0,160.0,164.75,165.0,169.0,169.0,169.95,170.0,170.0,174.95
2026-09-21 18:01:38,Pokemon Tag Team Pikachu & Zekrom GX Premium Collection (Eng),single,38,282.18,285.98,287.19,293.11,299.32,307.05,313.62,282.18,285.98,287.19,292.19,297.14,309.55,314.54,316.37,317.19,322.19,325.55,326.42,337.5,342.74,347.5,357.19,371.49,377.19,406.74,422.19,425.47,425.72,454.48,506.19,506.19,523.0,650.0,700.0,1014.18,,274.99,279.99,280.0,285.0,289.9,289.95,290.0,294.99,306.0,309.0,310.0,315.0,315.0,325.0,325.0,349.99,350.0,370.0,399.0,399.99,400.0,415.0,449.99,499.0,499.0,500.0,550.0,600.0,1000.0,
2026-09-21 18:01:38,Pokemon Tag Team Reshiram & Charizard GX Premium Collection (Eng),single,27,297.18,297.19,319.39,313.12,321.19,326.15,335.11,297.18,297.19,319.39,323.17,324.16,325.19,326.19,326.19,329.54,335.39,341.47,344.55,369.39,371.48,396.19,404.48,406.19,407.19,417.74,494.98,650.0,773.0,2214.13,,,,,,,,289.99,290.0,300.0,309.99,310.0,315.0,315.98,316.97,318.0,319.0,319.0,325.0,349.98,350.0,389.0,399.0,399.99,400.0,400.0,479.99,550.0,750.0,2199.95,,,,,,,
2026-09-21 18:01:38,Pokemon VMAX Climax Booster Display (Jpn),single,186,162.19,164.19,167.19,160.36,161.16,168.94,170.39,162.19,164.19,167.19,167.19,167.19,167.19,167.19,171.17,172.19,172.19,173.19,175.18,176.19,176.19,177.19,177.99,180.89,182.49,183.05,184.55,185.7,187.18,187.19,187.47,187.5,188.0,189.39,191.46,192.74,194.39,155.0,157.0,159.99,160.0,160.0,160.0,160.0,160.0,160.0,162.9,163.5,163.98,164.99,165.0,165.0,165.0,165.0,165.0,165.0,166.0,167.99,169.0,169.0,169.9,169.99,170.0,170.0,170.0,170.0,175.0
2026-09-21 18:01:38,Pokemon Battle Region Booster Display (Jpn),single,90,78.48,79.09,80.18,73.11,74.25,84.55,87.03,78.48,79.09,80.18,82.18,83.1,84.19,85.99,86.18,87.08,87.5,92.47,92.47,93.05,96.47,96.99,97.46,103.1,104.29,105.82,106.47,106.99,107.18,107.19,108.1,109.29,111.87,113.09,113.1,113.47,117.46,65.0,69.0,70.0,70.0,71.9,72.99,74.99,74.99,75.0,75.0,77.0,78.99,79.0,79.89,79.95,79.99,79.99,80.0,80.0,84.9,89.0,89.34,89.9,90.0,95.0,96.0,99.0,99.98,99.99,99.99
2026-09-21 18:01:38,Pokemon Clay Burst Booster Display (Jpn),single,293,92.17,92.19,92.19,85.98,86.52,95.17,97.42,92.17,92.19,92.19,93.09,93.97,94.09,95.19,96.47,97.19,99.19,100.99,101.99,102.19,103.98,106.47,106.48,107.19,109.25,110.35,112.37,112.98,112.98,113.1,113.47,115.08,117.09,117.18,117.46,118.65,118.99,79.0,79.99,84.0,84.98,85.0,85.0,85.0,86.9,88.0,88.98,89.0,90.0,90.0,90.0,92.0,93.16,94.9,95.0,95.0,96.0,99.88,99.88,99.99,99.99,100.0,100.0,100.0,105.0,107.89,109.9
2026-09-21 18:01:38,Pokemon Fusion Strike Booster Display (Eng),single,203,791.18,793.18,794.18,805.37,815.86,840.7,851.36,791.18,793.18,794.18,814.17,828.55,833.18,859.5,862.41,864.08,869.55,878.55,893.1,894.18,895.0,899.55,914.08,914.17,914.18,914.18,923.72,925.0,929.54,929.9,934.17,947.8,947.8,950.0,950.0,962.73,964.17,777.0,779.0,780.0,795.0,795.0,799.0,799.99,819.0,825.0,829.95,840.0,849.0,849.9,850.0,850.0,850.0,850.0,850.0,859.99,870.0,880.0,895.0,895.99,899.0,899.9,899.9,899.99,899.99,899.99,900.0
2026-09-21 18:01:38,Pokemon Astral Radiance Booster Display (Eng),single,279,351.19,352.19,352.19,349.87,352.12,365.33,369.63,351.19,352.19,352.19,357.18,360.48,362.19,366.19,369.55,375.39,379.5,379.55,382.5,384.55,385.49,386.37,388.1,392.75,395.47,402.19,407.19,407.19,408.55,412.72,417.19,422.19,422.98,432.19,437.18,443.72,451.63,344.0,345.0,345.0,348.99,349.99,350.0,350.0,350.0,350.0,354.99,355.0,359.0,359.9,359.95,360.0,360.0,362.99,365.0,369.0,379.99,389.0,395.0,399.98,400.0,400.0,410.0,415.0,425.0,429.99,444.44
2026-09-21 18:01:38,Pokemon Lost Origin ETB (Eng),single,302,189.55,192.19,197.18,186.62,187.72,202.07,202.78,189.55,192.19,197.18,197.42,197.55,202.08,202.09,206.19,206.89,207.18,207.19,207.19,208.55,208.99,211.47,211.5,212.19,212.41,214.89,216.18,217.19,217.19,217.5,217.5,218.39,219.5,219.54,221.69,222.14,223.0,170.0,178.0,180.0,184.99,185.0,185.0,189.0,189.0,189.99,190.0,194.89,194.9,194.99,195.0,195.0,199.0,199.0,199.0,199.95,199.99,199.99,199.99,199.99,200.0,200.0,205.0,205.0,208.99,209.9,209.9
2026-09-21 18:01:38,Pokemon Crown Zenith Galarian Articuno Tin US Version (Eng),single,24,151.63,154.5,157.19,154.8,184.36,170.36,200.61,151.63,154.5,157.19,161.47,167.19,172.5,173.99,176.19,177.18,177.18,178.09,207.18,207.19,304.96,442.75,,,,,,,,,,,,,,,,132.0,135.0,144.44,144.99,149.99,150.0,150.0,160.0,169.0,169.99,169.99,199.99,200.0,289.97,400.0,,,,,,,,,,,,,,,
2026-09-21 18:01:38,Pokemon Crown Zenith Galarian Zapdos Tin US Version (Eng),single,25,136.18,137.18,146.49,138.3,165.09,153.5,181.88,136.18,137.18,146.49,147.1,149.1,151.63,156.19,157.18,157.19,163.09,172.5,177.18,207.18,227.19,442.75,,,,,,,,,,,,,,,,114.0,116.0,123.99,128.99,129.99,129.99,144.44,149.0,149.99,150.0,150.0,169.99,199.99,220.0,400.0,,,,,,,,,,,,,,,
2026-09-21 18:01:38,Pokemon Crown Zenith Galarian Moltres Tin US Version (Eng),single,19,155.0,157.19,162.75,155.87,176.0,174.98,197.29,155.0,157.19,162.75,167.18,168.49,172.5,177.18,182.18,183.09,186.47,202.75,207.18,442.75,,,,,,,,,,,,,,,,,,120.0,145.99,147.0,149.99,150.0,150.0,159.99,160.0,160.0,169.99,174.99,199.99,400.0,,,,,,,,,,,,,,,,,
2026-09-21 18:01:38,Pokemon 151 Zapdos ex Collection (Eng),single,189,124.19,126.18,126.19,117.99,119.18,133.97,136.08,124.19,126.18,126.19,126.19,132.1,134.39,137.18,138.05,138.73,138.93,142.42,143.04,143.05,143.09,147.5,147.5,147.74,152.19,152.5,157.18,157.19,162.75,163.1,163.1,168.0,172.49,172.5,197.5,222.5,233.05,99.0,105.83,109.99,115.0,117.0,118.99,119.0,119.0,120.0,124.95,125.0,125.0,129.0,129.94,129.95,129.99,130.0,130.0,130.0,134.9,145.0,149.99,149.99,150.0,150.0,150.0,150.0,175.0,199.95,200.0
2026-09-21 18:01:38,Pokemon 151 UPC (Eng),single,398,665.68,685.68,694.94,706.87,709.0,722.37,726.58,665.68,685.68,694.94,714.94,715.68,715.68,730.68,735.67,735.68,735.68,745.68,745.68,755.68,760.63,760.68,760.68,765.68,765.68,784.55,789.55,789.68,795.68,804.55,804.85,809.55,813.68,814.68,814.68,819.55,820.19,650.0,670.0,679.99,699.99,700.0,700.0,715.0,719.99,720.0,720.0,725.0,730.0,730.0,735.0,740.0,744.95,745.0,745.0,749.0,750.0,750.0,755.0,760.0,770.0,774.0,775.0,775.0,780.0,780.0,780.0
2026-09-21 18:01:38,Pokemon 151 UPC (De),single,398,645.67,648.68,655.68,651.22,663.84,666.9,679.52,645.67,648.68,655.68,655.68,660.67,665.58,665.63,665.68,675.63,690.63,705.67,710.67,715.63,715.67,715.68,715.68,734.68,740.58,744.68,765.63,805.9,805.9,805.9,812.98,815.17,815.67,815.67,815.68,895.68,898.95,629.99,633.0,640.0,640.0,644.99,649.9,649.95,650.0,659.95,674.95,689.99,694.99,699.95,699.99,700.0,700.0,719.0,724.9,729.0,749.95,798.95,799.0,799.49,799.99,799.99,799.99,800.0,800.0,800.0,800.0
2026-09-21 18:01:38,Pokemon 151 Booster Display (Jpn),single,568,243.19,247.18,247.18,246.87,247.98,259.84,260.65,243.19,247.18,247.18,257.17,257.18,260.98,261.12,264.55,264.55,265.99,267.17,267.18,267.19,269.55,269.55,270.15,270.19,270.99,271.19,272.18,273.19,274.19,274.55,275.18,276.19,276.19,277.18,277.18,279.54,279.54,236.0,239.99,239.99,245.0,245.0,245.0,249.98,249.99,250.0,250.0,250.0,253.79,254.99,255.0,255.0,259.98,259.99,259.99,259.99,259.99,260.0,260.0,263.0,264.0,264.99,265.0,265.2,266.0,267.0,267.99
2026-09-21 18:01:38,Pokemon Paradigm Trigger Booster Display (Jpn),single,172,127.09,129.18,129.19,120.74,121.64,133.19,134.27,127.09,129.18,129.19,129.19,132.09,132.47,133.1,136.09,136.18,137.18,137.19,137.47,138.1,139.39,140.14,141.19,142.89,143.0,143.98,147.09,147.19,147.42,148.0,151.42,152.19,152.99,153.1,156.19,156.19,157.46,115.0,115.0,119.9,120.0,120.0,120.0,120.0,121.99,122.0,122.0,124.9,124.9,125.0,125.0,128.9,128.99,129.99,130.0,130.0,132.95,134.0,134.0,135.0,139.9,139.99,139.99,140.0,140.0,140.0,145.0
2026-09-21 18:01:38,Pokemon Star Birth Booster Display (Jpn),single,111,122.19,127.19,127.19,124.43,125.62,132.31,134.62,122.19,127.19,127.19,129.19,131.19,132.18,132.19,133.14,136.19,137.18,138.98,142.14,143.05,143.09,144.18,145.18,145.9,146.18,146.19,147.19,147.5,149.19,152.99,156.19,157.19,157.19,157.47,159.39,161.47,164.48,115.0,120.0,120.0,122.0,124.0,124.99,125.0,125.0,125.95,128.48,129.0,129.95,129.99,129.99,134.95,134.99,135.0,136.99,137.99,138.99,139.0,140.0,140.0,140.0,142.0,144.0,149.0,149.0,150.0,150.0
2026-09-21 18:01:38,Pokemon Violet ex Booster Display (Jpn),single,225,73.68,74.18,74.19,69.12,69.86,77.22,79.73,73.68,74.18,74.19,76.18,77.18,77.18,77.18,77.19,78.98,79.69,83.18,85.38,87.18,87.18,87.47,88.09,90.1,91.98,91.98,91.99,93.05,93.88,94.24,94.53,94.88,95.08,95.89,96.79,96.89,97.19,65.99,66.49,66.99,67.0,68.99,69.99,69.99,69.99,69.99,70.0,70.0,70.0,72.5,74.99,75.0,75.99,77.0,77.54,78.88,78.88,78.9,79.9,79.95,79.99,79.99,79.99,80.0,80.0,80.0,87.89
2026-09-21 18:01:38,Pokemon Brilliant Stars Booster Display (De),single,227,342.19,344.09,344.19,341.71,352.17,350.53,363.65,342.19,344.09,344.19,344.39,344.85,347.14,352.14,357.18,357.19,357.19,378.73,386.19,387.19,404.89,407.18,446.19,454.97,456.69,486.19,489.39,502.19,503.17,506.19,506.87,507.09,507.18,519.38,519.39,604.13,1014.17,315.0,325.0,335.0,336.9,337.0,339.9,339.95,344.95,349.99,350.0,350.0,379.0,380.0,399.9,399.99,439.0,449.5,449.99,470.0,479.0,495.0,495.98,499.0,499.68,499.9,499.99,499.99,500.0,589.95,999.99
2026-09-21 18:01:38,Pokemon Lost Origin Booster Display (De),single,361,372.19,374.19,375.85,370.47,374.64,378.23,383.87,372.19,374.19,375.85,375.89,376.18,376.19,377.19,380.19,382.18,382.19,387.19,387.19,402.18,403.09,406.13,406.19,406.19,406.89,407.18,407.19,428.73,432.19,432.19,436.19,456.18,457.17,457.18,457.19,457.19,462.89,365.0,365.0,367.0,368.99,369.0,369.9,370.0,370.9,373.0,374.99,375.0,380.0,380.0,394.99,395.9,398.94,399.0,399.0,399.99,400.0,401.9,425.0,425.0,429.0,448.99,449.98,449.99,449.99,450.0,450.0
2026-09-21 18:01:38,Pokemon Twilight Masquerade Booster Display (De),single,267,267.19,270.09,272.08,273.31,287.05,281.65,294.91,267.19,270.09,272.08,272.14,276.19,277.19,279.34,287.07,287.09,302.13,304.98,306.87,306.87,307.18,407.18,1014.17,,,,,,,,,,,,,,,259.95,260.0,262.9,264.89,264.95,269.0,270.0,279.88,279.9,294.94,299.68,299.68,299.99,299.99,399.99,999.99,,,,,,,,,,,,,,
2026-09-21 18:01:38,Pokemon Prismatic Evolutions Mini Tin Display (Eng),single,321,263.69,264.55,267.99,247.91,249.65,272.59,274.13,263.69,264.55,267.99,269.44,270.47,270.91,272.5,275.8,276.45,277.19,277.75,279.55,281.0,282.18,282.5,284.85,286.18,286.19,286.5,286.68,287.18,287.19,289.54,292.19,292.74,297.17,297.19,297.45,299.5,301.44,235.0,235.0,244.0,244.44,245.0,249.89,249.99,249.99,250.0,250.0,254.9,256.5,259.99,260.0,260.0,264.0,269.99,270.0,274.99,278.99,279.0,279.49,279.9,279.9,279.95,279.99,280.0,280.0,285.0,289.0
2026-09-21 18:01:38,Pokemon Prismatic Evolutions Booster Bundle Display (Eng),case,198,1006.5,1056.5,1138.0,1093.75,1139.6,1155.67,1196.79,1006.5,1056.5,1138.0,1191.5,1236.7,1250.0,1265.58,1265.68,1271.7,1285.7,1285.7,1293.86,1296.86,1300.0,1310.73,1330.89,1346.8,1346.8,1350.0,1361.7,1365.56,1386.7,1400.0,1400.0,1400.0,1415.67,1415.68,1447.8,1447.8,1450.0,950.0,1000.0,1100.0,1125.0,1150.0,1189.0,1200.0,1200.0,1235.0,1247.0,1249.0,1249.0,1249.0,1249.0,1249.9,1250.0,1250.0,1250.0,1300.0,1300.0,1300.0,1325.0,1325.0,1349.88,1350.0,1350.0,1350.0,1350.0,1399.99,1400.0
2026-09-21 18:01:38,Pokemon Prismatic Evolutions ETB (De),single,2236,149.69,156.18,157.17,152.48,154.82,160.7,163.16,149.69,156.18,157.17,157.19,160.19,160.19,162.09,162.18,162.19,164.39,167.19,172.18,172.19,172.19,172.19,177.09,177.14,177.18,177.19,177.19,179.39,182.19,182.19,183.8,187.18,187.18,187.19,187.19,187.19,187.19,142.5,145.0,148.99,149.98,150.0,153.0,153.0,154.9,154.99,155.0,160.0,160.0,164.99,165.0,165.0,165.0,169.9,169.95,169.99,170.0,170.0,174.9,174.99,175.0,175.0,175.0,179.99,179.99,180.0,180.0
2026-09-21 18:01:38,Pokemon Prismatic Evolutions ETB (Eng),single,2236,171.06,172.19,174.0,161.12,162.6,176.9,178.07,171.06,172.19,174.0,174.55,175.19,177.19,177.19,178.0,179.55,179.55,181.5,182.13,182.19,182.19,184.55,184.85,184.97,186.5,187.41,187.42,188.5,188.5,189.39,189.5,189.55,189.55,189.55,189.55,189.55,192.19,154.99,155.0,155.0,160.0,160.0,160.0,160.0,164.0,165.0,165.0,166.0,167.0,168.0,168.95,169.99,170.0,170.0,170.0,170.0,170.0,170.0,170.0,170.0,170.0,170.0,170.0,174.94,174.99,174.99,175.0
2026-09-21 18:01:38,Prismatic Evolutions Super-Premium Collection (Eng),single,1570,280.98,282.89,283.93,268.73,270.04,285.55,286.33,280.98,282.89,283.93,284.24,284.55,284.72,284.77,286.77,287.64,287.77,288.69,288.69,289.5,289.67,290.1,290.55,294.5,294.55,294.55,294.55,294.76,294.77,295.94,297.5,298.55,298.77,302.9,303.69,304.05,305.99,264.95,265.0,265.0,267.0,268.0,269.9,269.95,270.0,270.0,270.0,271.0,274.9,274.94,274.99,274.99,275.0,275.0,275.0,275.0,275.0,275.55,278.95,279.0,279.0,279.9,279.95,280.0,280.0,280.0,284.5
2026-09-21 18:01:38,Prismatic Evolutions Super-Premium Collection (De),single,1570,208.69,208.69,208.69,201.49,201.91,211.19,212.02,208.69,208.69,208.69,209.69,210.69,211.64,211.68,211.69,211.9,213.57,213.58,213.69,214.69,215.68,215.69,216.98,217.69,217.69,218.44,218.64,218.64,218.69,218.69,218.69,218.69,220.9,223.69,228.57,228.59,228.68,190.0,199.0,200.0,200.0,200.0,201.0,202.0,202.95,202.99,203.0,204.88,204.89,205.0,206.0,206.99,207.0,209.0,209.0,209.75,209.95,209.95,210.0,210.0,210.0,210.0,210.0,210.49,215.0,219.88,219.9
2026-09-21 18:01:38,Pokemon Black Bolt & White Flare Unova Mini Tin Display (Eng),single,109,237.19,240.19,242.09,237.41,239.88,247.84,252.7,237.19,240.19,242.09,242.19,243.19,247.09,248.5,251.48,251.98,256.19,257.19,266.36,267.42,269.54,269.94,271.89,286.99,287.18,294.55,298.33,299.5,302.14,306.87,307.17,312.7,407.19,614.17,1014.17,,,224.0,230.0,233.0,234.6,234.9,235.0,236.0,239.89,239.9,245.99,245.99,249.0,249.99,249.99,250.0,250.0,259.99,269.95,275.0,279.8,279.95,279.99,294.95,299.68,299.98,400.0,599.99,999.99,,
2026-09-21 18:01:38,Pokemon Lost Abyss Booster Display (Jpn),single,124,217.47,222.18,225.18,222.87,225.13,237.48,239.72,217.47,222.18,225.18,232.19,234.55,237.18,241.19,242.19,243.0,244.39,249.38,249.55,250.0,252.19,255.19,257.14,257.18,264.55,272.19,283.73,289.19,297.18,306.19,307.17,307.18,307.18,307.19,313.73,318.1,319.38,200.0,214.99,215.0,217.99,220.0,220.0,225.0,225.0,229.99,229.99,230.0,234.0,235.0,235.0,245.0,245.0,248.0,249.95,249.99,250.0,265.0,280.0,282.0,289.0,289.99,289.99,293.9,299.0,299.0,299.98
2026-09-21 18:01:38,Pokemon Terastal Festival ex Booster Display (Jpn),single,967,107.18,107.19,109.19,97.85,97.45,113.28,113.71,107.18,107.19,109.19,112.19,112.45,112.98,113.05,114.37,115.99,115.99,116.45,116.99,116.99,117.18,117.47,117.5,121.18,121.39,122.19,122.5,122.99,122.99,122.99,123.0,123.09,123.1,123.18,124.18,125.19,126.19,89.0,89.99,94.0,95.0,96.9,98.98,99.0,99.0,99.95,99.99,99.99,100.0,100.0,100.0,100.0,100.0,100.0,102.0,102.0,105.0,105.0,105.0,105.0,105.0,105.26,109.99,110.0,113.99,114.99,115.0
2026-09-22 06:01:18,Pokemon Destined Rivals Booster Display (Eng),single,1331,339.55,359.5,359.55,347.74,345.89,368.56,367.67,339.55,359.5,359.55,367.18,367.19,367.4,369.55,372.19,372.5,372.9,372.9,373.0,373.9,373.9,373.9,374.39,374.55,374.55,375.19,375.39,376.19,376.47,378.9,379.51,379.99,380.5,381.5,382.19,382.42,382.49,320.0,336.5,340.0,344.9,349.0,349.0,349.0,350.0,350.0,350.0,350.0,350.0,350.0,350.0,350.0,350.0,355.0,355.0,355.0,359.0,359.96,359.99,359.99,360.0,360.0,360.0,360.0,360.0,360.0,360.0
2026-09-22 06:01:18,Pokemon Destined Rivals Booster Display Case (Eng),case,179,2050.0,2241.45,2250.73,2179.25,2199.5,2270.29,2280.96,2050.0,2241.45,2250.73,2289.99,2299.0,2300.0,2310.22,2331.45,2350.0,2386.8,2392.45,2399.98,2400.0,2400.0,2400.0,2421.73,2474.89,2500.0,2517.48,2518.47,2553.4,2553.4,2561.17,2597.8,2599.89,2602.4,2641.45,2642.45,2692.45,2761.16,1950.0,2129.0,2189.99,2199.0,2199.0,2200.0,2250.0,2289.0,2289.0,2300.0,2300.0,2300.0,2300.0,2300.0,2300.0,2350.0,2400.0,2450.0,2450.0,2465.0,2499.0,2499.0,2499.89,2499.99,2500.0,2500.0,2599.0,2600.0,2645.0,2650.0
2026-09-22 06:01:18,Pokemon Black Bolt ETB (Eng),single,552,132.09,132.19,132.6,124.05,125.22,137.58,139.35,132.09,132.19,132.6,132.6,136.19,137.18,139.19,140.19,141.19,141.5,142.19,143.55,146.07,146.5,147.09,147.09,147.09,147.09,147.99,148.0,148.09,148.55,148.59,149.29,149.39,149.41,149.9,149.99,151.39,151.42,119.0,119.0,120.0,120.0,124.9,124.99,125.0,125.0,125.0,127.5,129.0,129.0,129.9,129.95,129.99,130.0,130.0,130.0,131.99,132.0,133.0,134.0,134.0,134.49,134.95,134.99,135.0,135.0,139.0,139.9
2026-09-22 06:01:18,Pokemon Ascended Heroes ETB (Eng),single,1824,163.6,166.39,166.42,149.37,150.44,169.32,170.6,163.6,166.39,166.42,167.42,167.42,168.42,170.18,170.99,171.5,172.19,172.42,174.55,175.19,176.07,176.19,176.42,176.46,176.5,176.55,176.99,177.0,177.19,177.9,177.9,179.5,179.54,179.55,179.55,179.55,179.55,144.0,145.0,145.0,149.0,149.99,150.0,150.0,150.0,150.0,151.0,153.7,154.0,154.9,155.0,155.0,155.0,157.0,159.0,159.95,159.99,159.99,160.0,160.0,160.0,160.0,160.0,160.0,160.0,160.0,160.0
2026-09-22 06:01:18,Pokemon Ascended Heroes ETB Case (Eng),case,158,1650.0,1650.0,1667.45,1616.24,1642.89,1683.67,1710.43,1650.0,1650.0,1667.45,1706.12,1711.12,1732.45,1741.45,1742.45,1745.0,1758.25,1782.45,1792.45,1792.45,1811.17,1819.0,1842.45,1842.45,1845.0,1847.7,1861.16,1883.25,1892.45,1900.0,1947.8,1968.48,1968.48,1992.44,1994.89,1996.8,2000.0,1550.0,1550.0,1625.0,1644.95,1645.0,1649.95,1675.0,1690.0,1699.0,1700.0,1719.0,1740.0,1745.0,1749.9,1750.0,1750.0,1750.0,1799.99,1800.0,1800.0,1800.0,1800.0,1850.0,1850.0,1899.0,1900.0,1900.0,1949.99,1949.99,1950.0
2026-09-22 06:01:18,Pokemon 30th Celebration ETB (Eng),single,1758,157.9,159.5,160.06,137.05,137.02,162.4,162.87,157.9,159.5,160.06,161.06,161.9,162.99,163.0,163.0,163.6,163.6,164.31,164.5,164.98,166.18,166.47,166.99,167.22,167.32,167.42,167.42,167.42,167.75,167.89,167.98,169.49,169.9,170.4,171.49,172.0,172.75,125.0,125.0,130.0,134.99,137.0,137.5,138.0,138.9,139.99,140.0,140.0,140.0,141.98,143.0,143.99,143.99,144.9,144.98,144.99,147.99,147.99,147.99,149.0,149.8,149.9,149.99,149.99,150.0,150.0,150.0
2026-09-22 06:01:18,Pokemon 30th Celebration Booster Bundle (Eng),single,530,97.17,101.73,104.98,96.38,95.92,110.43,111.98,97.17,101.73,104.98,105.45,106.47,107.99,108.9,109.98,117.17,122.5,128.19,133.19,,,,,,,,,,,,,,,,,,,89.99,89.99,89.99,93.28,94.94,94.99,97.95,99.95,99.98,99.99,99.99,100.0,,,,,,,,,,,,,,,,,,
2026-09-22 06:01:18,Pokemon 30th Celebration Mini Tin Display (Eng),single,73,299.99,304.98,305.99,319.35,331.34,331.69,345.07,299.99,304.98,305.99,308.9,312.42,319.5,328.9,335.94,362.0,379.9,388.19,389.98,396.9,397.4,,,,,,,,,,,,,,,,,274.99,295.0,299.95,299.95,299.98,299.99,319.95,324.95,350.0,360.0,374.0,379.98,379.99,380.0,,,,,,,,,,,,,,,,
2026-09-22 06:01:18,Pokemon Destined Rivals Booster Display (De),single,1331,249.39,267.19,268.0,265.74,264.26,274.8,275.0,249.39,267.19,268.0,272.19,275.09,276.18,276.19,276.19,277.19,277.39,281.19,282.18,282.18,282.19,282.19,284.85,285.19,286.68,287.09,287.19,287.39,288.38,291.18,292.09,292.17,292.18,296.19,297.18,297.19,297.19,230.0,245.0,258.0,260.0,265.0,267.9,268.0,268.99,268.99,269.0,269.0,270.0,274.0,274.99,274.99,275.0,275.0,278.0,279.49,279.9,279.9,280.0,283.99,284.9,284.98,284.99,289.0,289.99,290.0,290.0
2026-09-22 06:01:18,Pokemon Ascended Heroes Mini Tin Display (Eng),single,189,288.67,296.19,307.19,290.99,294.6,315.13,315.35,288.67,296.19,307.19,311.0,311.47,311.5,317.19,319.88,321.38,321.45,321.47,324.49,324.8,326.36,327.18,328.55,329.55,336.19,337.14,337.18,337.42,338.0,345.99,352.19,359.55,366.45,366.9,368.55,369.55,369.55,268.0,280.0,280.0,285.0,287.0,289.0,292.0,295.0,299.89,299.99,300.0,309.0,310.0,310.0,314.19,314.99,314.99,318.0,319.99,320.0,325.0,329.0,329.95,329.99,340.0,344.99,345.0,349.0,350.0,350.0
2026-09-22 06:01:18,Pokemon Ascended Heroes Booster Bundle Display (Eng),case,271,1000.0,1011.7,1050.0,972.48,988.99,1056.65,1082.66,1000.0,1011.7,1050.0,1075.0,1089.9,1090.0,1100.0,1125.0,1139.99,1145.0,1149.95,1150.0,1150.0,1186.6,1186.7,1186.7,1197.8,1199.0,1200.0,1200.0,1200.0,1236.7,1240.99,1265.68,1284.89,1299.0,1300.0,1300.0,1300.0,1300.0,900.0,950.0,975.0,975.0,989.9,990.0,1000.0,1025.0,1039.99,1045.0,1049.95,1050.0,1050.0,1099.0,1100.0,1100.0,1100.0,1100.0,1149.9,1150.0,1150.0,1198.99,1199.0,1200.0,1200.0,1200.0,1200.0,1200.0,1220.0,1249.0
2026-09-22 06:01:18,Pokemon Ascended Heroes Pokemon Center ETB (Eng),single,288,325.39,335.39,341.75,359.12,367.4,386.63,393.95,325.39,335.39,341.75,372.75,380.39,386.19,386.5,406.18,406.19,413.1,423.73,425.39,427.19,439.54,439.54,439.55,450.85,451.19,451.19,451.19,455.38,457.18,461.5,463.72,467.42,467.69,469.53,472.19,472.5,476.47,299.0,300.0,310.0,330.0,355.0,360.0,365.0,375.0,379.0,398.99,399.0,399.99,400.0,419.99,419.99,420.0,420.0,429.99,440.0,444.0,444.0,444.0,445.9,449.95,449.98,449.99,450.0,450.0,450.0,465.0
2026-09-22 06:01:18,Pokemon Ascended Heroes Pokemon Center ETB (De),single,288,172.19,172.19,172.19,162.73,163.06,175.15,176.56,172.19,172.19,172.19,173.1,173.99,175.18,176.18,176.19,177.19,177.19,177.39,178.9,182.19,182.19,182.19,182.38,183.98,187.18,187.19,187.19,192.69,196.18,196.48,197.14,197.18,197.18,197.19,197.19,197.19,197.19,140.0,149.99,154.9,155.0,159.99,165.0,165.0,165.0,167.99,168.99,169.0,170.0,170.0,170.0,175.0,175.0,175.0,179.99,179.99,180.0,180.0,185.5,189.95,189.99,189.99,189.99,189.99,190.0,190.0,190.0
2026-09-22 06:01:18,Pokemon Ascended Heroes ETB (De),single,1824,111.19,112.14,113.14,108.83,108.64,116.02,115.83,111.19,112.14,113.14,115.18,116.14,116.19,116.19,117.08,117.09,117.18,117.18,117.19,117.19,117.19,117.19,117.19,117.19,118.19,121.04,121.09,121.19,121.19,122.14,122.14,122.18,122.18,122.19,122.19,122.19,122.19,104.0,104.95,105.95,107.99,108.95,109.0,109.0,109.89,109.9,109.99,109.99,110.0,110.0,110.0,110.0,110.0,110.0,111.0,113.85,113.9,114.0,114.0,114.95,114.95,114.99,114.99,115.0,115.0,115.0,115.0
2026-09-22 06:01:18,Pokemon Silver Tempest Booster Display (Eng),single,337,397.17,402.19,402.19,395.75,396.19,411.25,413.31,397.17,402.19,402.19,406.19,406.19,412.09,412.19,412.19,419.42,419.54,419.55,422.09,422.19,423.0,423.39,426.18,427.09,427.09,427.09,427.09,427.18,427.18,433.0,434.55,438.99,439.55,442.19,442.75,444.55,444.55,385.0,385.0,389.98,390.0,395.0,395.0,398.0,399.0,399.0,399.99,400.0,400.0,400.0,402.0,404.9,405.0,405.0,410.0,414.9,415.0,415.0,418.99,419.9,419.9,419.9,419.9,419.99,419.99,419.99,420.0
2026-09-22 06:01:18,Pokemon Lost Origin Booster Display (Eng),single,361,609.18,613.68,624.18,612.19,613.69,640.09,644.22,609.18,613.68,624.18,629.18,629.85,634.18,641.1,644.55,654.55,663.16,663.18,664.08,664.13,664.17,664.17,664.55,678.55,678.55,680.18,689.84,694.07,694.08,694.55,699.0,703.55,704.08,704.18,708.76,713.18,713.18,595.0,598.0,599.0,599.5,610.0,615.0,615.0,619.0,619.99,620.0,620.0,620.0,624.9,625.0,625.0,635.0,648.98,649.0,649.0,649.0,649.9,649.95,649.99,649.99,650.0,650.0,665.0,666.0,674.0,675.0
2026-09-22 06:01:18,Pokemon Chilling Reign Booster Display (Eng),single,188,394.39,397.18,406.19,405.98,409.78,421.81,425.62,394.39,397.18,406.19,407.19,417.5,422.5,425.39,427.09,431.5,437.09,437.18,444.55,444.55,444.85,447.19,447.19,447.45,449.55,457.19,459.54,464.55,466.42,469.55,469.55,469.55,469.55,469.55,471.85,503.72,507.19,369.0,389.99,395.0,399.0,400.0,400.0,400.0,409.0,419.9,424.95,425.0,425.0,429.9,429.99,430.0,439.9,439.99,439.99,440.0,440.0,445.0,449.0,450.0,450.0,450.0,450.0,450.0,450.0,450.0,499.0
2026-09-22 06:01:18,Pokemon Crown Zenith ETB (Eng),single,351,299.55,306.19,307.19,292.36,293.59,313.88,314.89,299.55,306.19,307.19,307.41,310.39,313.99,314.55,318.39,319.53,319.55,319.55,319.55,322.49,322.5,322.5,322.74,323.46,324.99,326.19,326.98,327.14,327.19,327.5,327.75,329.05,329.41,329.54,332.18,332.19,332.19,280.0,284.99,285.0,285.0,288.88,289.99,295.0,296.99,299.0,299.0,299.98,299.99,299.99,300.0,300.0,300.0,300.0,300.0,300.0,300.0,305.0,305.0,309.5,309.99,315.0,315.0,319.0,319.0,319.95,320.0
2026-09-22 06:01:18,Pokemon VSTAR Universe Booster Display (Jpn),single,825,167.9,171.18,173.69,163.68,163.76,175.11,175.12,167.9,171.18,173.69,174.18,174.18,174.19,174.69,176.19,176.68,177.09,177.09,177.19,177.19,177.19,178.19,178.98,179.55,179.55,182.14,182.18,182.19,182.19,182.19,183.8,184.55,185.19,187.19,187.19,188.55,192.09,150.0,155.0,160.0,160.0,160.0,163.99,165.0,166.5,166.99,166.99,167.0,167.5,169.0,169.0,169.49,169.9,169.9,169.99,170.0,170.0,170.0,170.0,171.0,174.95,174.99,174.99,175.0,175.0,175.0,175.0
2026-09-22 06:01:18,Pokemon Flareon VMAX Premium Collection EU Version (Eng),single,87,264.39,302.19,304.48,298.74,294.66,308.17,309.02,264.39,302.19,304.48,307.14,307.18,307.19,307.19,307.19,307.5,317.5,319.55,319.55,319.55,322.19,322.5,327.09,327.19,327.19,337.74,347.41,363.73,368.55,375.72,382.45,413.72,419.54,506.19,507.18,507.18,507.18,245.0,285.0,295.0,295.0,299.95,299.99,299.99,300.0,300.0,300.0,300.0,300.0,300.0,300.0,300.0,307.8,315.0,319.9,320.0,320.0,329.99,349.0,349.99,350.0,359.95,399.99,499.0,499.99,499.99,499.99
2026-09-22 06:01:18,Pokemon Jolteon VMAX Premium Collection EU Version (Eng),single,79,292.19,293.98,294.99,294.57,295.97,302.8,306.52,292.19,293.98,294.99,297.17,302.09,302.19,304.48,307.14,307.18,307.19,309.39,317.09,318.39,322.19,322.19,327.09,339.55,347.41,363.73,367.73,368.55,373.73,375.72,382.45,413.72,419.54,506.19,507.18,507.18,519.39,285.0,287.99,289.98,290.0,290.0,294.9,295.0,297.7,299.0,299.95,299.99,299.99,300.0,300.0,310.0,315.0,315.0,319.9,320.0,329.99,349.0,349.99,349.99,350.0,359.95,399.99,499.0,499.99,499.99,500.0
2026-09-22 06:01:18,Pokemon Vaporeon VMAX Premium Collection EU Version (Eng),single,71,319.19,322.19,327.14,320.95,327.91,331.7,341.98,319.19,322.19,327.14,327.18,327.19,327.19,328.39,337.19,337.19,342.09,357.18,357.19,367.09,369.55,383.73,387.41,406.19,413.72,418.55,419.54,422.45,425.72,457.18,506.19,507.18,519.39,647.79,850.0,950.0,954.55,309.0,312.0,315.0,319.95,319.99,320.0,320.0,320.0,322.7,330.0,330.0,349.99,349.99,350.0,350.0,359.9,369.99,399.0,399.0,399.95,399.99,400.0,449.99,499.0,499.99,500.0,549.99,750.0,850.0,890.0
2026-09-22 06:01:18,Pokemon Celebrations ETB (De),single,377,305.19,307.19,319.39,314.75,315.07,324.72,325.0,305.19,307.19,319.39,321.19,322.19,326.19,327.19,327.19,327.19,327.19,327.19,332.18,332.18,336.18,337.18,337.18,337.19,339.39,348.1,356.19,357.18,357.19,357.19,360.69,365.19,367.18,376.49,377.19,379.34,393.69,298.0,300.0,300.0,310.0,314.0,315.0,319.0,320.0,320.0,320.0,320.0,320.0,320.0,324.99,324.99,328.99,329.99,329.99,330.0,349.0,349.99,350.0,350.0,353.5,358.0,359.95,359.99,370.0,371.5,375.0
2026-09-22 06:01:18,Pokemon Champions Path ETB (Eng),single,176,147.17,147.19,152.19,147.87,148.13,155.06,156.49,147.17,147.19,152.19,152.19,155.18,155.19,155.19,156.19,157.18,157.18,157.19,157.19,164.99,166.19,166.98,167.19,167.19,169.38,172.19,174.24,176.19,177.19,177.19,179.55,182.5,183.1,184.97,186.19,188.55,189.5,139.98,140.0,145.0,145.0,147.99,148.0,148.0,149.0,149.99,149.99,149.99,150.0,150.0,150.0,159.0,159.0,159.99,160.0,160.0,160.0,160.0,164.75,165.0,169.0,169.0,169.95,170.0,170.0,174.95,174.95
2026-09-22 06:01:18,Pokemon Tag Team Pikachu & Zekrom GX Premium Collection (Eng),single,38,282.18,285.98,287.19,293.11,299.32,307.05,313.62,282.18,285.98,287.19,292.19,297.14,309.55,314.54,316.37,317.19,322.19,325.55,326.42,337.5,342.74,347.5,357.19,371.49,377.19,406.74,422.19,425.47,425.72,454.48,506.19,506.19,523.0,650.0,700.0,1014.18,,274.99,279.99,280.0,285.0,289.9,289.95,290.0,294.99,306.0,309.0,310.0,315.0,315.0,325.0,325.0,349.99,350.0,370.0,399.0,399.99,400.0,415.0,449.99,499.0,499.0,500.0,550.0,600.0,1000.0,
2026-09-22 06:01:18,Pokemon Tag Team Reshiram & Charizard GX Premium Collection (Eng),single,27,297.18,297.19,319.39,313.12,321.19,326.15,335.11,297.18,297.19,319.39,323.17,324.16,325.19,326.19,326.19,329.54,335.39,341.47,344.55,369.39,371.48,396.19,404.48,406.19,407.19,417.74,494.98,650.0,773.0,2214.13,,,,,,,,289.99,290.0,300.0,309.99,310.0,315.0,315.98,316.97,318.0,319.0,319.0,325.0,349.98,350.0,389.0,399.0,399.99,400.0,400.0,479.99,550.0,750.0,2199.95,,,,,,,
2026-09-22 06:01:18,Pokemon VMAX Climax Booster Display (Jpn),single,182,162.19,164.19,167.19,160.86,161.59,169.69,171.11,162.19,164.19,167.19,167.19,167.19,167.19,171.17,172.19,172.19,173.19,175.18,176.19,176.19,177.19,177.99,180.89,182.49,184.55,185.7,187.18,187.19,187.47,187.5,188.0,189.39,191.46,192.74,194.39,194.97,197.09,155.0,157.0,159.99,160.0,160.0,160.0,160.0,160.0,162.9,163.98,164.99,165.0,165.0,165.0,165.0,165.0,165.0,166.0,167.99,169.0,169.0,169.9,169.99,170.0,170.0,170.0,170.0,175.0,175.0,179.99
2026-09-22 06:01:18,Pokemon Battle Region Booster Display (Jpn),single,90,78.48,79.09,80.18,73.11,74.25,84.55,87.03,78.48,79.09,80.18,82.18,83.1,84.19,85.99,86.18,87.08,87.5,92.47,92.47,93.05,96.47,96.99,103.1,104.29,105.82,106.47,106.99,107.18,107.19,108.1,109.29,111.87,113.09,113.1,113.47,117.46,117.47,65.0,69.0,70.0,70.0,71.9,72.99,74.99,74.99,75.0,75.0,77.0,78.99,79.0,79.89,79.95,79.99,80.0,80.0,84.9,89.0,89.34,89.9,90.0,95.0,96.0,99.0,99.98,99.99,99.99,100.0
2026-09-22 06:01:18,Pokemon Clay Burst Booster Display (Jpn),single,293,91.19,92.17,92.19,85.36,85.99,94.3,96.41,91.19,92.17,92.19,92.19,93.09,93.97,94.09,95.19,96.47,97.19,99.19,100.99,101.99,102.19,103.98,106.47,106.48,107.19,109.25,110.35,112.37,112.98,112.98,113.1,113.47,115.08,117.09,117.18,117.46,118.65,79.0,79.99,84.0,84.0,84.98,85.0,85.0,85.0,86.9,88.0,88.98,89.0,90.0,90.0,90.0,92.0,93.16,94.9,95.0,95.0,96.0,99.88,99.88,99.99,99.99,100.0,100.0,100.0,105.0,107.89
2026-09-22 06:01:18,Pokemon Fusion Strike Booster Display (Eng),single,203,791.18,793.18,794.18,805.37,815.86,840.7,851.36,791.18,793.18,794.18,814.17,828.55,833.18,859.5,862.41,864.08,869.55,878.55,893.1,894.18,895.0,899.55,914.08,914.17,914.18,914.18,923.72,925.0,929.54,929.9,934.17,947.8,947.8,950.0,950.0,962.73,964.17,777.0,779.0,780.0,795.0,795.0,799.0,799.99,819.0,825.0,829.95,840.0,849.0,849.9,850.0,850.0,850.0,850.0,850.0,859.99,870.0,880.0,895.0,895.99,899.0,899.9,899.9,899.99,899.99,899.99,900.0
2026-09-22 06:01:18,Pokemon Astral Radiance Booster Display (Eng),single,277,351.19,352.19,352.19,349.87,352.12,365.33,369.63,351.19,352.19,352.19,357.18,360.48,362.19,366.19,369.55,375.39,379.5,379.55,382.5,384.55,385.49,386.37,388.1,392.75,395.47,402.19,407.19,407.19,408.55,412.72,417.19,422.19,422.98,432.19,437.18,443.72,451.63,344.0,345.0,345.0,348.99,349.99,350.0,350.0,350.0,350.0,354.99,355.0,359.0,359.9,359.95,360.0,360.0,362.99,365.0,369.0,379.99,389.0,395.0,399.98,400.0,400.0,410.0,415.0,425.0,429.99,444.44
2026-09-22 06:01:18,Pokemon Lost Origin ETB (Eng),single,302,189.55,192.19,197.18,185.25,185.98,201.49,202.15,189.55,192.19,197.18,197.42,197.55,202.08,202.09,202.5,206.19,206.89,207.18,207.19,207.19,208.55,208.55,208.99,209.55,211.47,211.5,212.19,212.41,214.89,216.18,217.19,217.19,217.5,217.5,218.39,219.5,219.54,170.0,178.0,180.0,180.0,184.99,185.0,185.0,189.0,189.0,189.0,189.99,190.0,190.0,194.89,194.9,194.99,195.0,195.0,199.0,199.0,199.0,199.95,199.99,199.99,199.99,199.99,200.0,200.0,205.0,205.0
2026-09-22 06:01:18,Pokemon Crown Zenith Galarian Articuno Tin US Version (Eng),single,25,143.1,151.63,154.5,150.43,166.36,167.53,180.64,143.1,151.63,154.5,157.19,161.47,167.19,172.5,173.99,176.19,177.18,177.18,178.09,207.18,207.19,304.96,442.75,,,,,,,,,,,,,,,130.0,132.0,135.0,144.44,144.99,149.99,150.0,150.0,160.0,169.0,169.99,169.99,199.99,200.0,289.97,400.0,,,,,,,,,,,,,,
2026-09-22 06:01:18,Pokemon Crown Zenith Galarian Zapdos Tin US Version (Eng),single,27,133.1,136.18,137.18,134.55,146.42,150.26,161.23,133.1,136.18,137.18,146.49,147.1,149.1,151.63,156.19,157.18,157.19,163.09,172.5,177.18,207.18,227.19,442.75,,,,,,,,,,,,,,,114.0,116.0,120.0,123.99,128.99,129.99,129.99,144.44,149.0,149.99,150.0,150.0,169.99,199.99,220.0,400.0,,,,,,,,,,,,,,
2026-09-22 06:01:18,Pokemon Crown Zenith Galarian Moltres Tin US Version (Eng),single,19,155.0,157.19,159.1,152.87,173.85,171.56,194.56,155.0,157.19,159.1,162.75,167.18,168.49,172.5,177.18,182.18,183.09,186.47,202.75,207.18,442.75,,,,,,,,,,,,,,,,,120.0,145.99,146.0,147.0,149.99,150.0,150.0,159.99,160.0,160.0,169.99,174.99,199.99,400.0,,,,,,,,,,,,,,,,
2026-09-22 06:01:18,Pokemon 151 Zapdos ex Collection (Eng),single,189,124.18,124.19,126.19,117.74,119.04,133.97,135.95,124.18,124.19,126.19,126.19,132.1,134.39,137.18,138.05,138.73,138.93,142.42,143.04,143.05,143.09,147.5,147.5,147.74,152.19,152.5,157.18,157.19,162.75,163.1,163.1,168.0,172.49,172.5,197.5,222.5,233.05,99.0,105.83,109.99,115.0,116.99,117.0,119.0,119.0,120.0,124.95,125.0,125.0,129.0,129.94,129.95,129.99,130.0,130.0,130.0,134.9,145.0,149.99,149.99,150.0,150.0,150.0,150.0,175.0,199.95,200.0
2026-09-22 06:01:18,Pokemon 151 UPC (Eng),single,398,665.68,685.68,694.94,706.87,707.66,722.37,724.91,665.68,685.68,694.94,714.94,715.68,715.68,730.68,735.67,735.68,735.68,735.68,745.68,745.68,755.68,760.63,760.68,760.68,765.68,784.55,789.55,789.68,795.68,804.55,804.85,809.55,813.68,814.68,814.68,819.55,820.19,650.0,670.0,679.99,699.99,700.0,700.0,715.0,719.99,720.0,720.0,720.0,725.0,730.0,730.0,735.0,740.0,744.95,745.0,745.0,749.0,750.0,755.0,760.0,770.0,774.0,775.0,775.0,780.0,780.0,780.0
2026-09-22 06:01:18,Pokemon 151 UPC (De),single,398,645.67,648.68,655.68,651.22,663.84,666.9,679.52,645.67,648.68,655.68,655.68,660.67,665.58,665.63,665.68,675.63,690.63,705.67,710.67,715.63,715.67,715.68,715.68,734.68,740.58,744.68,765.63,805.9,805.9,805.9,812.98,815.17,815.67,815.67,815.68,895.68,898.95,629.99,633.0,640.0,640.0,644.99,649.9,649.95,650.0,659.95,674.95,689.99,694.99,699.95,699.99,700.0,700.0,719.0,724.9,729.0,749.95,798.95,799.0,799.49,799.99,799.99,799.99,800.0,800.0,800.0,800.0
2026-09-22 06:01:18,Pokemon 151 Booster Display (Jpn),single,568,247.18,247.18,257.17,248.12,249.58,262.34,262.45,247.18,247.18,257.17,257.18,260.98,261.12,264.55,264.55,265.99,267.17,267.18,267.19,269.55,269.55,270.15,270.19,270.99,271.19,272.18,273.19,274.19,274.55,275.18,276.19,276.19,277.18,277.18,279.54,279.54,280.98,239.99,239.99,245.0,245.0,245.0,249.98,249.99,250.0,250.0,250.0,253.79,254.99,255.0,255.0,259.98,259.99,259.99,259.99,259.99,260.0,260.0,263.0,264.0,264.99,265.0,265.2,266.0,267.0,267.99,269.0
2026-09-22 06:01:18,Pokemon Paradigm Trigger Booster Display (Jpn),single,179,127.09,129.14,129.18,120.73,121.18,132.19,133.54,127.09,129.14,129.18,129.19,129.19,132.09,132.47,133.1,136.09,136.18,137.18,137.19,137.47,138.1,139.39,140.14,141.19,142.89,143.0,143.98,147.09,147.19,147.42,148.0,151.42,152.19,152.99,153.1,156.19,156.19,115.0,115.0,119.9,120.0,120.0,120.0,120.0,121.95,121.99,122.0,122.0,124.9,124.9,125.0,125.0,128.9,128.99,129.99,130.0,130.0,132.95,134.0,134.0,135.0,139.9,139.99,139.99,140.0,140.0,140.0
2026-09-22 06:01:18,Pokemon Star Birth Booster Display (Jpn),single,115,122.19,127.19,127.19,124.43,125.62,132.31,134.62,122.19,127.19,127.19,129.19,131.19,132.18,132.19,133.14,136.19,137.18,138.98,142.14,143.05,143.09,144.18,145.18,145.9,146.18,146.19,147.19,147.5,149.19,152.99,156.19,157.19,157.19,157.47,159.39,161.47,164.48,115.0,120.0,120.0,122.0,124.0,124.99,125.0,125.0,125.95,128.48,129.0,129.95,129.99,129.99,134.95,134.99,135.0,136.99,137.99,138.99,139.0,140.0,140.0,140.0,142.0,144.0,149.0,149.0,150.0,150.0
2026-09-22 06:01:18,Pokemon Violet ex Booster Display (Jpn),single,225,73.19,73.68,74.18,68.68,69.26,76.53,78.78,73.19,73.68,74.18,74.19,76.18,77.18,77.18,77.18,77.19,78.98,79.69,83.18,85.38,87.18,87.18,87.47,88.09,90.1,91.98,91.98,91.99,93.05,93.88,94.24,94.53,94.88,95.08,95.89,96.79,96.89,65.99,66.0,66.49,66.99,67.0,68.99,69.99,69.99,69.99,69.99,70.0,70.0,70.0,72.5,74.99,75.0,75.99,77.0,77.54,78.88,78.88,78.9,79.9,79.95,79.99,79.99,79.99,80.0,80.0,80.0
2026-09-22 06:01:18,Pokemon Brilliant Stars Booster Display (De),single,227,342.19,344.09,344.19,341.71,352.17,350.53,363.65,342.19,344.09,344.19,344.39,344.85,347.14,352.14,357.18,357.19,357.19,378.73,386.19,387.19,404.89,407.18,446.19,454.97,456.69,486.19,489.39,502.19,503.17,506.19,506.87,507.09,507.18,519.38,519.39,604.13,1014.17,315.0,325.0,335.0,336.9,337.0,339.9,339.95,344.95,349.99,350.0,350.0,379.0,380.0,399.9,399.99,439.0,449.5,449.99,470.0,479.0,495.0,495.98,499.0,499.68,499.9,499.99,499.99,500.0,589.95,999.99
2026-09-22 06:01:18,Pokemon Lost Origin Booster Display (De),single,361,372.19,374.19,375.85,371.22,376.64,379.61,385.87,372.19,374.19,375.85,375.89,376.18,377.19,380.19,382.18,382.19,387.19,387.19,402.18,403.09,406.13,406.19,406.19,406.89,407.18,407.19,428.73,432.19,436.19,456.18,457.17,457.18,457.19,457.19,462.89,487.14,489.39,365.0,365.0,367.0,368.99,369.9,370.0,370.9,373.0,374.99,375.0,380.0,380.0,394.99,395.9,398.94,399.0,399.0,399.99,400.0,401.9,425.0,429.0,448.99,449.98,449.99,449.99,450.0,450.0,470.0,475.0
2026-09-22 06:01:18,Pokemon Twilight Masquerade Booster Display (De),single,267,266.29,267.19,270.09,268.94,277.71,277.65,285.51,266.29,267.19,270.09,272.08,272.14,276.19,277.19,279.34,287.07,287.09,302.13,304.98,306.87,306.87,307.18,407.18,1014.17,,,,,,,,,,,,,,259.9,259.95,260.0,262.9,264.89,264.95,269.0,270.0,279.88,279.9,294.94,299.68,299.68,299.99,299.99,399.99,999.99,,,,,,,,,,,,,
2026-09-22 06:01:18,Pokemon Prismatic Evolutions Mini Tin Display (Eng),single,321,263.69,264.55,267.99,247.91,249.65,272.59,274.13,263.69,264.55,267.99,269.44,270.47,270.91,272.5,275.8,276.45,277.19,277.75,279.55,281.0,282.18,282.5,284.85,286.18,286.19,286.5,286.68,287.18,287.19,289.54,292.19,292.74,297.17,297.19,297.45,299.5,301.44,235.0,235.0,244.0,244.44,245.0,249.89,249.99,249.99,250.0,250.0,254.9,256.5,259.99,260.0,260.0,264.0,269.99,270.0,274.99,278.99,279.0,279.49,279.9,279.9,279.95,279.99,280.0,280.0,285.0,289.0
2026-09-22 06:01:18,Pokemon Prismatic Evolutions Booster Bundle Display (Eng),case,198,1006.5,1056.5,1138.0,1093.75,1139.6,1155.67,1196.79,1006.5,1056.5,1138.0,1191.5,1236.7,1250.0,1265.58,1265.68,1271.7,1285.7,1285.7,1293.86,1296.86,1300.0,1310.73,1330.89,1346.8,1346.8,1350.0,1361.7,1365.56,1386.7,1400.0,1400.0,1400.0,1415.67,1415.68,1447.8,1447.8,1450.0,950.0,1000.0,1100.0,1125.0,1150.0,1189.0,1200.0,1200.0,1235.0,1247.0,1249.0,1249.0,1249.0,1249.0,1249.9,1250.0,1250.0,1250.0,1300.0,1300.0,1300.0,1325.0,1325.0,1349.88,1350.0,1350.0,1350.0,1350.0,1399.99,1400.0
2026-09-22 06:01:18,Pokemon Prismatic Evolutions ETB (De),single,2236,149.69,154.19,156.18,151.48,153.62,159.67,161.96,149.69,154.19,156.18,157.17,157.19,160.19,160.19,162.09,162.18,162.19,164.39,167.19,172.18,172.19,172.19,172.19,177.09,177.14,177.18,177.19,177.19,179.39,182.19,182.19,183.8,187.18,187.18,187.19,187.19,187.19,142.5,145.0,147.0,148.99,149.98,150.0,153.0,153.0,154.9,154.99,155.0,160.0,160.0,164.99,165.0,165.0,165.0,169.9,169.95,169.99,170.0,170.0,174.9,174.99,175.0,175.0,175.0,179.99,179.99,180.0
2026-09-22 06:01:18,Pokemon Prismatic Evolutions ETB (Eng),single,2236,163.6,171.06,172.05,158.12,158.77,174.94,175.36,163.6,171.06,172.05,172.19,174.0,174.55,175.19,177.19,177.19,177.19,178.0,179.54,179.55,179.55,179.55,179.55,180.19,181.5,182.13,182.19,184.55,184.85,184.97,186.5,187.41,187.42,188.5,188.5,189.39,189.5,150.0,152.5,154.99,155.0,155.0,159.99,160.0,160.0,160.0,160.0,160.0,160.0,164.0,165.0,165.0,166.0,167.0,168.0,168.95,169.99,170.0,170.0,170.0,170.0,170.0,170.0,170.0,170.0,170.0,170.0
2026-09-22 06:01:18,Prismatic Evolutions Super-Premium Collection (Eng),single,1570,280.98,283.93,284.24,268.72,269.71,286.14,286.84,280.98,283.93,284.24,284.55,284.72,284.77,286.77,287.64,287.77,288.69,288.69,289.5,289.67,290.1,290.55,294.33,294.5,294.55,294.55,294.55,294.76,294.77,295.94,298.55,298.77,302.5,302.9,303.69,304.05,305.99,264.95,265.0,265.0,267.0,268.0,269.9,269.9,269.95,270.0,270.0,270.0,271.0,274.94,274.99,274.99,275.0,275.0,275.0,275.0,275.55,278.95,279.0,279.0,279.9,279.95,280.0,280.0,280.0,280.0,284.5
2026-09-22 06:01:18,Prismatic Evolutions Super-Premium Collection (De),single,1570,207.69,207.69,208.64,199.87,200.48,209.55,210.45,207.69,207.69,208.64,208.69,208.69,208.69,208.69,209.69,211.64,211.68,211.9,212.18,213.57,213.58,213.69,214.69,215.68,215.69,217.69,217.69,218.44,218.64,218.64,218.69,218.69,218.69,218.69,218.69,220.9,223.69,190.0,199.0,199.0,199.0,199.95,200.0,200.0,200.0,200.0,201.0,202.95,202.99,203.49,204.88,204.89,205.0,206.0,206.99,207.0,209.0,209.0,209.75,209.95,209.95,210.0,210.0,210.0,210.0,210.0,210.0
2026-09-22 06:01:18,Pokemon Black Bolt & White Flare Unova Mini Tin Display (Eng),single,109,237.19,240.19,242.09,237.41,239.88,247.84,252.7,237.19,240.19,242.09,242.19,243.19,247.09,248.5,251.48,251.98,256.19,257.19,266.36,267.42,269.54,269.94,271.89,286.99,287.18,294.55,298.33,299.5,302.14,306.87,307.17,312.7,407.19,507.19,614.17,1014.17,,224.0,230.0,233.0,234.6,234.9,235.0,236.0,239.89,239.9,245.99,245.99,249.0,249.99,249.99,250.0,250.0,259.99,269.95,275.0,279.8,279.95,279.99,294.95,299.68,299.98,400.0,500.0,599.99,999.99,
2026-09-22 06:01:18,Pokemon Lost Abyss Booster Display (Jpn),single,124,217.18,217.47,222.18,222.5,224.6,237.11,239.19,217.18,217.47,222.18,232.19,234.55,237.18,241.19,242.19,243.0,244.39,249.38,249.55,250.0,252.19,255.19,257.14,257.18,264.55,272.19,283.73,289.19,297.18,306.19,307.17,307.18,307.18,307.19,313.73,318.1,319.38,200.0,209.99,214.99,215.0,220.0,220.0,225.0,225.0,229.99,229.99,230.0,234.0,235.0,235.0,245.0,245.0,248.0,249.95,249.99,250.0,265.0,280.0,282.0,289.0,289.99,289.99,293.9,299.0,299.0,299.98
2026-09-22 06:01:18,Pokemon Terastal Festival ex Booster Display (Jpn),single,967,107.18,107.9,109.19,97.23,97.12,113.28,113.76,107.18,107.9,109.19,112.19,112.45,112.98,113.05,114.37,115.99,115.99,116.45,116.99,116.99,117.18,117.47,117.5,121.18,121.39,122.19,122.5,122.99,122.99,122.99,123.0,123.09,123.1,123.18,124.18,125.19,126.19,89.0,89.99,94.0,95.0,95.0,96.9,98.98,99.0,99.0,99.95,99.99,99.99,100.0,100.0,100.0,100.0,100.0,102.0,102.0,105.0,105.0,105.0,105.0,105.0,105.26,109.99,110.0,113.99,114.99,115.0
2026-09-22 18:01:28,Pokemon Destined Rivals Booster Display (Eng),single,1298,359.5,367.14,367.4,349.1,348.61,371.5,371.29,359.5,367.14,367.4,369.55,372.19,372.19,372.3,372.5,372.9,373.0,373.9,373.9,373.9,374.39,374.55,374.55,375.19,375.39,376.19,376.47,378.9,379.99,380.5,381.5,382.19,382.42,382.49,383.0,383.1,383.5,336.5,344.9,345.0,349.0,349.0,349.8,350.0,350.0,350.0,350.0,350.0,350.0,350.0,350.0,355.0,355.0,355.0,359.0,359.95,359.99,360.0,360.0,360.0,360.0,360.0,360.0,360.0,361.0,364.0,364.97
2026-09-22 18:01:28,Pokemon Destined Rivals Booster Display Case (Eng),case,187,2050.0,2241.45,2250.73,2179.25,2200.6,2270.29,2284.67,2050.0,2241.45,2250.73,2289.99,2299.0,2300.0,2310.22,2350.0,2368.48,2386.8,2392.45,2399.98,2400.0,2400.0,2417.48,2421.73,2474.89,2500.0,2500.0,2517.48,2518.47,2553.4,2553.4,2561.17,2597.8,2599.89,2602.4,2641.45,2642.45,2692.45,1950.0,2129.0,2189.99,2199.0,2199.0,2200.0,2250.0,2289.0,2300.0,2300.0,2300.0,2300.0,2300.0,2350.0,2350.0,2399.0,2400.0,2400.0,2450.0,2450.0,2465.0,2499.0,2499.0,2499.89,2499.99,2500.0,2500.0,2599.0,2600.0,2645.0
2026-09-22 18:01:28,Pokemon Black Bolt ETB (Eng),single,552,132.19,137.18,140.19,125.5,125.92,142.25,142.81,132.19,137.18,140.19,141.1,141.19,141.5,142.19,142.19,143.55,146.07,146.5,147.09,147.09,147.09,147.09,147.99,148.0,148.09,148.55,148.59,149.05,149.29,149.39,149.41,149.99,151.39,151.42,151.5,152.14,152.18,115.95,120.0,120.0,124.99,125.0,125.0,125.0,127.5,127.5,129.0,129.0,129.9,129.95,129.99,130.0,130.0,130.0,131.99,133.0,134.0,134.0,134.49,134.95,134.99,135.0,135.0,135.0,139.0,139.9,139.9
2026-09-22 18:01:28,Pokemon Ascended Heroes ETB (Eng),single,1824,166.39,166.42,167.42,148.62,149.64,169.08,170.11,166.39,166.42,167.42,167.42,167.5,168.42,169.19,170.18,170.99,171.5,172.19,172.42,172.5,174.5,174.55,175.19,176.07,176.19,176.42,176.46,176.5,176.55,176.99,177.0,177.19,177.9,177.9,178.47,179.54,179.55,144.0,145.0,145.0,145.0,149.0,149.99,150.0,150.0,150.0,150.0,151.0,152.0,153.7,154.9,154.95,155.0,155.0,155.0,157.0,157.5,158.99,159.0,159.99,159.99,160.0,160.0,160.0,160.0,160.0,160.0
2026-09-22 18:01:28,Pokemon Ascended Heroes ETB Case (Eng),case,158,1650.0,1650.0,1706.12,1622.47,1652.29,1699.92,1721.93,1650.0,1650.0,1706.12,1711.12,1732.45,1741.45,1742.45,1745.0,1758.25,1782.45,1792.45,1792.45,1811.17,1819.0,1842.45,1842.45,1845.0,1847.7,1861.16,1883.25,1892.45,1900.0,1947.8,1968.48,1992.44,1994.89,1996.8,2000.0,2000.0,2005.48,1550.0,1550.0,1644.95,1645.0,1649.95,1675.0,1690.0,1699.0,1700.0,1719.0,1740.0,1745.0,1749.9,1750.0,1750.0,1750.0,1799.99,1800.0,1800.0,1800.0,1800.0,1850.0,1850.0,1899.0,1900.0,1900.0,1949.99,1949.99,1950.0,1950.0
2026-09-22 18:01:28,Pokemon 30th Celebration ETB (Eng),single,2052,156.07,160.06,160.06,137.29,138.08,163.06,163.74,156.07,160.06,160.06,161.89,161.9,162.9,163.0,164.31,164.98,165.4,166.19,167.22,167.32,167.42,167.42,167.9,168.47,168.47,169.47,170.47,170.47,170.9,171.46,171.5,171.5,172.75,172.99,173.0,173.0,173.0,130.0,130.0,132.5,135.0,135.0,138.0,138.89,138.9,140.0,140.0,141.98,142.0,142.0,143.0,143.99,143.99,144.0,144.0,144.9,144.99,149.8,149.9,149.99,150.0,150.0,150.0,150.0,150.0,150.0,150.0
2026-09-22 18:01:28,Pokemon 30th Celebration Booster Bundle (Eng),single,489,97.19,101.73,105.45,95.16,96.25,110.18,112.63,97.19,101.73,105.45,106.47,107.99,108.9,109.98,110.5,114.98,117.17,122.5,128.19,133.19,,,,,,,,,,,,,,,,,,89.99,89.99,89.99,90.0,93.51,94.94,94.99,97.95,99.95,99.98,99.99,100.0,109.99,,,,,,,,,,,,,,,,,
2026-09-22 18:01:28,Pokemon 30th Celebration Mini Tin Display (Eng),single,90,299.99,305.99,308.9,323.1,333.48,335.32,347.21,299.99,305.99,308.9,312.42,319.5,328.9,334.98,335.94,362.0,379.9,388.19,389.98,396.9,397.4,,,,,,,,,,,,,,,,,274.99,295.0,299.95,299.95,299.98,319.95,324.95,329.99,350.0,360.0,374.0,379.98,379.99,380.0,,,,,,,,,,,,,,,,
2026-09-22 18:01:28,Pokemon Destined Rivals Booster Display (De),single,1298,249.39,262.19,267.19,262.86,261.93,272.28,272.66,249.39,262.19,267.19,267.19,268.0,272.19,275.09,276.18,276.19,276.19,277.19,277.39,281.19,282.18,282.18,282.19,282.19,284.85,285.19,286.68,287.09,287.18,287.19,287.39,288.38,291.18,292.09,292.17,292.18,296.19,230.0,245.0,255.0,258.0,260.0,260.0,265.0,267.9,268.0,268.99,268.99,269.0,269.0,270.0,274.0,274.99,274.99,275.0,275.0,278.0,279.49,279.9,279.9,279.99,280.0,283.99,284.9,284.98,284.99,289.0
2026-09-22 18:01:28,Pokemon Ascended Heroes Mini Tin Display (Eng),single,189,288.67,296.19,307.19,290.99,294.6,315.13,315.35,288.67,296.19,307.19,311.0,311.47,311.5,317.19,319.88,321.38,321.45,321.47,324.49,324.8,326.36,327.18,328.55,329.55,336.19,337.14,337.18,337.42,338.0,345.99,352.19,359.55,366.45,366.9,368.55,369.55,369.55,268.0,280.0,280.0,285.0,287.0,289.0,292.0,295.0,299.89,299.99,300.0,309.0,310.0,310.0,314.19,314.99,314.99,318.0,319.99,320.0,325.0,329.0,329.95,329.99,340.0,344.99,345.0,349.0,350.0,350.0
2026-09-22 18:01:28,Pokemon Ascended Heroes Booster Bundle Display (Eng),case,271,1000.0,1011.7,1049.0,962.25,985.88,1046.42,1079.56,1000.0,1011.7,1049.0,1050.0,1075.0,1089.9,1100.0,1125.0,1145.0,1149.95,1150.0,1150.0,1186.6,1186.7,1186.7,1197.8,1199.0,1200.0,1200.0,1200.0,1236.7,1240.99,1284.89,1299.0,1300.0,1300.0,1300.0,1300.0,1320.0,1336.7,900.0,949.0,950.0,975.0,975.0,989.9,1000.0,1025.0,1045.0,1049.95,1050.0,1050.0,1099.0,1100.0,1100.0,1100.0,1100.0,1149.9,1150.0,1150.0,1198.99,1199.0,1200.0,1200.0,1200.0,1200.0,1200.0,1220.0,1249.0,1250.0
2026-09-22 18:01:28,Pokemon Ascended Heroes Pokemon Center ETB (Eng),single,288,300.39,341.75,372.75,370.5,382.67,404.86,409.81,300.39,341.75,372.75,380.39,386.19,386.5,413.1,423.73,425.39,450.85,451.19,451.19,451.19,455.38,457.18,461.5,463.72,467.42,467.69,472.19,472.5,476.47,497.19,507.19,518.1,522.0,522.0,531.9,531.9,538.1,275.0,299.0,330.0,355.0,360.0,365.0,375.0,379.0,399.99,400.0,429.99,440.0,444.0,444.0,444.0,445.9,449.95,449.99,450.0,450.0,450.0,465.0,480.0,490.0,495.0,499.0,499.0,499.0,499.0,499.94
2026-09-22 18:01:28,Pokemon Ascended Heroes Pokemon Center ETB (De),single,288,172.19,172.19,172.19,162.73,163.06,175.15,176.56,172.19,172.19,172.19,173.1,173.99,175.18,176.18,176.19,177.19,177.19,177.39,178.9,182.19,182.19,182.19,182.38,183.98,187.18,187.19,187.19,192.69,196.18,196.48,197.14,197.18,197.18,197.19,197.19,197.19,197.19,140.0,149.99,154.9,155.0,159.99,165.0,165.0,165.0,167.99,168.99,169.0,170.0,170.0,170.0,175.0,175.0,175.0,179.99,179.99,180.0,180.0,185.5,189.95,189.99,189.99,189.99,189.99,190.0,190.0,190.0
2026-09-22 18:01:28,Pokemon Ascended Heroes ETB (De),single,1824,116.19,117.19,117.19,111.09,112.04,118.28,119.23,116.19,117.19,117.19,117.19,117.19,117.19,117.19,118.19,121.04,121.09,121.19,121.19,122.14,122.14,122.18,122.18,122.19,122.19,122.19,122.19,122.19,122.19,122.19,122.19,122.19,123.14,123.19,124.18,126.98,127.09,109.0,110.0,110.0,110.0,110.0,110.0,110.0,111.0,113.85,113.9,114.0,114.0,114.95,114.95,114.99,114.99,115.0,115.0,115.0,115.0,115.0,115.0,115.0,115.0,115.0,115.95,116.0,116.99,119.9,119.98
2026-09-22 18:01:28,Pokemon Silver Tempest Booster Display (Eng),single,337,392.19,396.19,397.17,392.12,393.87,404.94,408.94,392.19,396.19,397.17,401.19,402.19,402.19,406.19,406.19,412.19,412.19,419.42,419.55,422.09,422.19,423.0,424.08,424.08,424.08,424.08,426.18,427.18,427.18,433.0,434.55,438.99,439.39,439.55,442.19,442.75,444.55,385.0,385.0,385.0,389.0,389.98,390.0,394.0,395.0,395.0,399.0,399.0,400.0,400.0,400.0,402.0,405.0,405.0,410.0,414.9,415.0,415.0,416.89,416.89,416.89,416.89,418.99,419.99,419.99,419.99,420.0
2026-09-22 18:01:28,Pokemon Lost Origin Booster Display (Eng),single,361,609.18,613.68,614.18,609.69,612.03,633.91,640.22,609.18,613.68,614.18,624.18,629.18,629.85,634.18,641.1,644.55,654.08,654.55,663.16,663.18,664.13,664.17,664.17,664.55,678.55,678.55,680.18,684.07,689.84,694.07,694.08,694.55,699.0,703.55,704.18,708.76,713.18,595.0,598.0,599.0,599.5,600.0,610.0,615.0,615.0,619.0,619.99,620.0,620.0,620.0,624.9,625.0,625.0,635.0,639.9,640.0,648.98,649.0,649.0,649.0,649.95,649.99,649.99,650.0,650.0,665.0,666.0
2026-09-22 18:01:28,Pokemon Chilling Reign Booster Display (Eng),single,188,397.18,402.19,406.19,403.49,409.78,420.72,425.23,397.18,402.19,406.19,408.55,417.08,417.5,422.5,425.39,431.5,437.09,437.18,439.55,444.55,444.85,447.19,447.19,447.45,449.55,457.19,459.54,464.55,466.42,469.55,469.55,469.55,469.55,469.55,471.85,503.72,507.14,389.0,389.99,395.0,395.0,399.0,400.0,400.0,409.0,409.89,420.0,424.95,425.0,429.9,429.99,430.0,439.9,439.99,439.99,440.0,440.0,445.0,449.0,450.0,450.0,450.0,450.0,450.0,450.0,450.0,499.0
2026-09-22 18:01:28,Pokemon Crown Zenith ETB (Eng),single,351,296.19,299.55,305.71,289.61,291.72,309.08,311.0,296.19,299.55,305.71,306.19,307.19,307.19,307.41,310.39,313.99,314.55,318.39,319.53,319.55,319.55,319.55,322.49,322.5,322.5,322.74,324.99,326.19,326.98,327.14,327.19,327.5,327.5,327.75,329.05,329.41,329.54,279.99,280.0,284.99,285.0,285.0,288.88,289.0,289.99,295.0,299.0,299.0,299.98,299.99,299.99,300.0,300.0,300.0,300.0,300.0,300.0,300.0,300.0,305.0,305.0,305.0,309.5,309.99,315.0,315.0,319.0
2026-09-22 18:01:28,Pokemon VSTAR Universe Booster Display (Jpn),single,825,167.18,167.9,171.18,161.72,162.25,173.28,173.72,167.18,167.9,171.18,172.08,172.08,173.69,174.18,174.18,174.19,174.69,176.19,176.68,177.19,177.19,177.19,178.19,178.98,179.55,179.55,179.55,182.14,182.18,182.19,182.19,182.19,183.8,185.19,187.19,187.19,188.55,150.0,155.0,159.99,160.0,160.0,160.0,160.0,163.99,164.89,164.89,166.5,166.99,166.99,167.0,167.5,169.0,169.0,169.49,169.99,170.0,170.0,170.0,170.0,171.0,174.95,174.99,174.99,175.0,175.0,175.0
2026-09-22 18:01:28,Pokemon Flareon VMAX Premium Collection EU Version (Eng),single,87,264.39,302.19,304.48,298.74,294.66,308.12,308.66,264.39,302.19,304.48,307.14,307.18,307.19,307.19,307.19,307.5,317.08,317.5,319.55,319.55,319.55,322.19,322.5,327.19,327.19,337.74,347.41,363.73,368.55,375.72,382.45,413.72,419.54,506.19,507.18,507.18,507.18,245.0,285.0,295.0,295.0,299.95,299.99,299.99,300.0,300.0,300.0,300.0,300.0,300.0,300.0,300.0,307.8,309.89,315.0,320.0,320.0,329.99,349.0,349.99,350.0,359.95,399.99,499.0,499.99,499.99,499.99
2026-09-22 18:01:28,Pokemon Jolteon VMAX Premium Collection EU Version (Eng),single,79,292.19,293.98,294.99,294.57,295.96,302.8,306.18,292.19,293.98,294.99,297.17,302.09,302.19,304.48,307.14,307.18,307.19,309.39,317.08,317.09,318.39,322.19,322.19,339.55,347.41,363.73,367.73,368.55,373.73,375.72,382.45,413.72,419.54,506.19,507.18,519.39,750.0,285.0,287.99,289.98,290.0,290.0,294.9,295.0,297.7,299.0,299.95,299.99,299.99,300.0,300.0,309.89,310.0,315.0,315.0,320.0,329.99,349.0,349.99,349.99,350.0,359.95,399.99,499.0,499.99,500.0,650.0
2026-09-22 18:01:28,Pokemon Vaporeon VMAX Premium Collection EU Version (Eng),single,71,319.19,322.19,327.14,320.95,327.57,331.7,340.98,319.19,322.19,327.14,327.18,327.19,327.19,328.39,337.19,337.19,342.09,352.08,357.18,357.19,369.55,383.73,387.41,406.19,413.72,418.55,419.54,422.45,425.72,457.18,506.19,519.39,850.0,950.0,954.55,982.94,,309.0,312.0,315.0,319.95,319.99,320.0,320.0,320.0,322.7,330.0,330.0,344.89,349.99,349.99,350.0,350.0,369.99,399.0,399.0,399.95,399.99,400.0,449.99,499.0,500.0,750.0,850.0,890.0,925.0,
2026-09-22 18:01:28,Pokemon Celebrations ETB (De),single,377,297.19,302.19,307.18,309.75,310.87,319.71,320.2,297.19,302.19,307.18,307.19,319.39,321.19,322.19,326.19,327.19,327.19,327.19,327.19,327.19,332.18,332.18,336.18,337.18,337.18,337.19,339.39,348.1,356.19,357.18,357.19,357.19,360.69,365.19,367.18,376.49,377.19,290.0,295.0,299.99,300.0,300.0,310.0,314.0,315.0,319.0,320.0,320.0,320.0,320.0,320.0,320.0,324.99,324.99,328.99,329.99,329.99,330.0,349.0,349.99,350.0,350.0,353.5,358.0,359.95,359.99,370.0
2026-09-22 18:01:28,Pokemon Champions Path ETB (Eng),single,176,146.19,146.19,147.17,145.37,146.06,152.56,153.77,146.19,146.19,147.17,147.19,152.19,152.19,155.18,155.19,155.19,156.19,157.18,157.18,157.19,157.19,164.99,166.19,166.98,167.19,167.19,169.38,172.19,174.24,176.19,177.19,177.19,179.55,182.5,183.1,184.97,186.19,139.0,139.0,139.98,140.0,145.0,145.0,147.99,148.0,148.0,149.0,149.99,149.99,149.99,150.0,150.0,150.0,159.0,159.0,159.99,160.0,160.0,160.0,160.0,164.75,165.0,169.0,169.0,169.95,170.0,170.0
2026-09-22 18:01:28,Pokemon Tag Team Pikachu & Zekrom GX Premium Collection (Eng),single,38,282.18,285.98,287.19,293.11,299.32,307.05,313.62,282.18,285.98,287.19,292.19,297.14,309.55,314.54,316.37,317.19,322.19,325.55,326.42,337.5,342.74,347.5,357.19,371.49,377.19,406.74,422.19,425.47,425.72,454.48,506.19,506.19,523.0,650.0,700.0,1014.18,,274.99,279.99,280.0,285.0,289.9,289.95,290.0,294.99,306.0,309.0,310.0,315.0,315.0,325.0,325.0,349.99,350.0,370.0,399.0,399.99,400.0,415.0,449.99,499.0,499.0,500.0,550.0,600.0,1000.0,
2026-09-22 18:01:28,Pokemon Tag Team Reshiram & Charizard GX Premium Collection (Eng),single,27,297.18,297.19,319.39,313.12,321.19,326.15,335.11,297.18,297.19,319.39,323.17,324.16,325.19,326.19,326.19,329.54,335.39,341.47,344.55,369.39,371.48,396.19,404.48,406.19,407.19,417.74,494.98,650.0,773.0,2214.13,,,,,,,,289.99,290.0,300.0,309.99,310.0,315.0,315.98,316.97,318.0,319.0,319.0,325.0,349.98,350.0,389.0,399.0,399.99,400.0,400.0,479.99,550.0,750.0,2199.95,,,,,,,
2026-09-22 18:01:28,Pokemon VMAX Climax Booster Display (Jpn),single,182,162.19,162.19,167.19,160.36,161.02,168.94,170.25,162.19,162.19,167.19,167.19,167.19,167.19,167.19,171.17,172.19,172.19,173.19,175.18,176.19,176.19,177.19,177.99,180.89,182.49,183.05,184.55,185.7,187.18,187.19,187.47,187.5,188.0,189.39,192.74,194.39,194.97,155.0,155.0,159.99,160.0,160.0,160.0,160.0,160.0,160.0,162.9,163.5,163.98,165.0,165.0,165.0,165.0,165.0,165.0,166.0,167.99,169.0,169.0,169.9,169.99,170.0,170.0,170.0,170.0,175.0,175.0
2026-09-22 18:01:28,Pokemon Battle Region Booster Display (Jpn),single,90,78.48,79.09,80.18,73.11,74.25,84.55,87.03,78.48,79.09,80.18,82.18,83.1,84.19,85.99,86.18,87.08,87.5,92.47,92.47,93.05,96.47,96.99,103.1,104.29,105.82,106.47,106.99,107.18,107.19,108.1,109.29,111.87,113.09,113.1,113.47,117.46,117.47,65.0,69.0,70.0,70.0,71.9,72.99,74.99,74.99,75.0,75.0,77.0,78.99,79.0,79.89,79.95,79.99,80.0,80.0,84.9,89.0,89.34,89.9,90.0,95.0,96.0,99.0,99.98,99.99,99.99,100.0
2026-09-22 18:01:28,Pokemon Clay Burst Booster Display (Jpn),single,293,91.19,92.08,92.17,85.11,85.86,94.06,96.27,91.19,92.08,92.17,92.19,92.19,93.09,93.97,95.19,96.47,97.19,99.19,100.99,101.99,102.19,103.98,106.47,106.48,107.19,109.25,110.35,112.37,112.98,112.98,113.1,113.47,115.08,117.09,117.18,117.46,118.65,79.0,79.99,84.0,84.0,84.89,84.98,85.0,85.0,85.0,88.0,88.98,89.0,90.0,90.0,90.0,92.0,93.16,94.9,95.0,95.0,96.0,99.88,99.88,99.99,99.99,100.0,100.0,100.0,105.0,107.89
2026-09-22 18:01:28,Pokemon Fusion Strike Booster Display (Eng),single,203,791.18,793.18,794.18,801.62,812.52,835.7,846.69,791.18,793.18,794.18,814.17,828.55,829.55,833.18,859.5,862.41,864.08,869.55,878.55,893.1,894.18,895.0,899.55,914.08,914.17,914.18,914.18,914.18,923.72,925.0,929.54,929.9,947.8,947.8,950.0,950.0,962.73,777.0,779.0,780.0,795.0,795.0,799.0,799.99,800.0,819.0,825.0,829.95,840.0,849.0,849.9,850.0,850.0,850.0,850.0,850.0,859.99,870.0,880.0,895.0,895.99,899.0,899.9,899.9,899.99,899.99,899.99
2026-09-22 18:01:28,Pokemon Astral Radiance Booster Display (Eng),single,277,352.19,357.18,357.19,351.75,354.05,371.51,374.58,352.19,357.18,357.19,362.19,366.19,369.55,375.39,379.5,379.55,382.5,384.55,385.49,386.37,388.1,392.75,395.47,402.19,407.19,407.19,408.55,412.72,417.19,422.19,422.98,432.19,437.18,443.72,451.63,457.17,457.18,345.0,348.99,349.99,350.0,350.0,350.0,350.0,350.0,355.0,359.0,359.9,359.95,360.0,360.0,362.99,365.0,369.0,379.99,389.0,395.0,399.98,400.0,400.0,410.0,415.0,425.0,429.99,444.44,449.88,449.88
2026-09-22 18:01:28,Pokemon Lost Origin ETB (Eng),single,302,189.55,192.19,194.19,185.0,185.86,200.5,201.66,189.55,192.19,194.19,197.18,197.42,197.55,202.09,202.5,206.19,206.89,207.18,207.19,207.19,208.55,208.99,209.55,211.47,211.5,212.19,212.41,214.89,216.18,217.19,217.19,217.5,217.5,218.39,219.5,219.54,221.69,170.0,178.0,180.0,180.0,184.99,185.0,185.0,187.0,189.0,189.0,189.99,190.0,190.0,194.9,194.99,195.0,195.0,199.0,199.0,199.0,199.95,199.99,199.99,199.99,199.99,200.0,200.0,205.0,205.0,208.99
2026-09-22 18:01:28,Pokemon Crown Zenith Galarian Articuno Tin US Version (Eng),single,25,143.1,151.63,154.5,150.43,166.36,167.53,180.64,143.1,151.63,154.5,157.19,161.47,167.19,172.5,173.99,176.19,177.18,177.18,178.09,207.18,207.19,304.96,442.75,,,,,,,,,,,,,,,130.0,132.0,135.0,144.44,144.99,149.99,150.0,150.0,160.0,169.0,169.99,169.99,199.99,200.0,289.97,400.0,,,,,,,,,,,,,,
2026-09-22 18:01:28,Pokemon Crown Zenith Galarian Zapdos Tin US Version (Eng),single,27,133.1,136.18,137.18,134.55,146.42,150.26,161.23,133.1,136.18,137.18,146.49,147.1,149.1,151.63,156.19,157.18,157.19,163.09,172.5,177.18,207.18,227.19,442.75,,,,,,,,,,,,,,,114.0,116.0,120.0,123.99,128.99,129.99,129.99,144.44,149.0,149.99,150.0,150.0,169.99,199.99,220.0,400.0,,,,,,,,,,,,,,
2026-09-22 18:01:28,Pokemon Crown Zenith Galarian Moltres Tin US Version (Eng),single,21,155.0,157.19,159.1,152.87,173.85,171.56,194.56,155.0,157.19,159.1,162.75,167.18,168.49,172.5,177.18,182.18,183.09,186.47,202.75,207.18,442.75,,,,,,,,,,,,,,,,,120.0,145.99,146.0,147.0,149.99,150.0,150.0,159.99,160.0,160.0,169.99,174.99,199.99,400.0,,,,,,,,,,,,,,,,
2026-09-22 18:01:28,Pokemon 151 Zapdos ex Collection (Eng),single,211,124.18,124.19,126.19,117.74,119.04,133.97,135.95,124.18,124.19,126.19,126.19,132.1,134.39,137.18,138.05,138.73,138.93,142.42,143.04,143.05,143.09,147.5,147.5,147.74,152.19,152.5,157.18,157.19,162.75,163.1,163.1,168.0,172.49,172.5,197.5,222.5,233.05,99.0,105.83,109.99,115.0,116.99,117.0,119.0,119.0,120.0,124.95,125.0,125.0,129.0,129.94,129.95,129.99,130.0,130.0,130.0,134.9,145.0,149.99,149.99,150.0,150.0,150.0,150.0,175.0,199.95,200.0
2026-09-22 18:01:28,Pokemon 151 UPC (Eng),single,398,615.68,685.68,694.94,711.25,710.0,727.46,728.29,615.68,685.68,694.94,715.68,715.68,730.68,735.68,735.68,745.68,745.68,755.68,760.63,760.68,760.68,765.68,784.55,789.55,789.68,795.68,804.55,804.85,809.55,813.68,814.68,814.68,819.55,820.19,825.0,825.68,829.55,600.0,670.0,679.99,700.0,700.0,715.0,720.0,720.0,725.0,730.0,730.0,735.0,740.0,740.0,744.95,745.0,745.0,749.0,750.0,755.0,760.0,770.0,774.0,775.0,775.0,780.0,780.0,780.0,780.0,785.0
2026-09-22 18:01:28,Pokemon 151 UPC (De),single,398,645.67,648.68,655.68,651.22,663.84,666.9,679.52,645.67,648.68,655.68,655.68,660.67,665.58,665.63,665.68,675.63,690.63,705.67,710.67,715.63,715.67,715.68,715.68,734.68,740.58,744.68,765.63,805.9,805.9,805.9,812.98,815.17,815.67,815.67,815.68,895.68,898.95,629.99,633.0,640.0,640.0,644.99,649.9,649.95,650.0,659.95,674.95,689.99,694.99,699.95,699.99,700.0,700.0,719.0,724.9,729.0,749.95,798.95,799.0,799.49,799.99,799.99,799.99,800.0,800.0,800.0,800.0
2026-09-22 18:01:28,Pokemon 151 Booster Display (Jpn),single,574,247.18,247.18,257.18,246.87,248.92,261.39,261.78,247.18,247.18,257.18,257.19,259.55,260.98,261.12,264.55,264.55,265.99,267.17,267.18,267.19,269.55,270.15,270.99,271.19,272.18,273.19,274.19,274.55,275.18,276.19,276.19,277.18,277.18,279.54,280.98,281.19,282.07,239.99,239.99,240.0,245.0,245.0,245.0,249.99,250.0,250.0,250.0,253.79,254.99,255.0,255.0,259.98,259.99,259.99,259.99,260.0,260.0,264.0,264.99,265.0,265.0,265.2,266.0,267.0,267.99,269.0,269.0
2026-09-22 18:01:28,Pokemon Paradigm Trigger Booster Display (Jpn),single,179,127.09,129.14,129.18,120.73,121.18,132.19,133.54,127.09,129.14,129.18,129.19,129.19,132.09,132.47,133.1,136.09,136.18,137.18,137.19,137.47,138.1,139.39,140.14,141.19,142.89,143.0,143.98,147.09,147.19,147.42,148.0,151.42,152.19,152.99,153.1,156.19,156.19,115.0,115.0,119.9,120.0,120.0,120.0,120.0,121.95,121.99,122.0,122.0,124.9,124.9,125.0,125.0,128.9,128.99,129.99,130.0,130.0,132.95,134.0,134.0,135.0,139.9,139.99,139.99,140.0,140.0,140.0
2026-09-22 18:01:28,Pokemon Star Birth Booster Display (Jpn),single,115,122.19,127.19,127.19,124.43,125.62,132.31,134.62,122.19,127.19,127.19,129.19,131.19,132.18,132.19,133.14,136.19,137.18,138.98,142.14,143.05,143.09,144.18,145.18,145.9,146.18,146.19,147.19,147.5,149.19,152.99,156.19,157.19,157.19,157.47,159.39,161.47,164.48,115.0,120.0,120.0,122.0,124.0,124.99,125.0,125.0,125.95,128.48,129.0,129.95,129.99,129.99,134.95,134.99,135.0,136.99,137.99,138.99,139.0,140.0,140.0,140.0,142.0,144.0,149.0,149.0,150.0,150.0
2026-09-22 18:01:28,Pokemon Violet ex Booster Display (Jpn),single,226,73.68,74.18,74.19,69.12,69.86,77.22,79.73,73.68,74.18,74.19,76.18,77.18,77.18,77.18,77.19,78.98,79.69,83.18,85.38,87.18,87.18,87.47,88.09,90.1,91.98,91.98,91.99,93.05,93.88,94.24,94.53,94.88,95.08,95.89,96.79,96.89,97.19,65.99,66.49,66.99,67.0,68.99,69.99,69.99,69.99,69.99,70.0,70.0,70.0,72.5,74.99,75.0,75.99,77.0,77.54,78.88,78.88,78.9,79.9,79.95,79.99,79.99,79.99,80.0,80.0,80.0,87.89
2026-09-22 18:01:28,Pokemon Brilliant Stars Booster Display (De),single,227,342.19,344.09,344.19,341.71,348.84,350.53,360.32,342.19,344.09,344.19,344.39,344.85,347.14,352.14,357.18,357.19,357.19,357.19,378.73,386.19,387.19,404.89,407.18,446.19,454.97,456.69,486.19,489.39,502.19,503.17,506.19,506.87,507.18,519.38,519.39,704.13,1014.17,315.0,325.0,335.0,336.9,337.0,339.9,339.95,344.95,349.99,350.0,350.0,350.0,379.0,380.0,399.9,399.99,439.0,449.5,449.99,470.0,479.0,495.0,495.98,499.0,499.68,499.99,499.99,500.0,689.95,999.99
2026-09-22 18:01:28,Pokemon Lost Origin Booster Display (De),single,361,372.19,374.19,375.85,371.22,376.64,379.61,385.87,372.19,374.19,375.85,375.89,376.18,377.19,380.19,382.18,382.19,387.19,387.19,402.18,403.09,406.13,406.19,406.19,406.89,407.18,407.19,428.73,432.19,436.19,456.18,457.17,457.18,457.19,457.19,462.89,487.14,489.39,365.0,365.0,367.0,368.99,369.9,370.0,370.9,373.0,374.99,375.0,380.0,380.0,394.99,395.9,398.94,399.0,399.0,399.99,400.0,401.9,425.0,429.0,448.99,449.98,449.99,449.99,450.0,450.0,470.0,475.0
2026-09-22 18:01:28,Pokemon Twilight Masquerade Booster Display (De),single,267,267.19,269.34,270.09,273.31,286.38,280.5,294.24,267.19,269.34,270.09,272.08,272.14,276.19,277.19,287.07,287.09,302.13,304.98,306.87,306.87,307.18,407.18,1014.17,,,,,,,,,,,,,,,249.95,260.0,262.9,264.89,264.95,269.0,270.0,279.88,279.9,294.94,299.68,299.68,299.99,299.99,399.99,999.99,,,,,,,,,,,,,,
2026-09-22 18:01:28,Pokemon Prismatic Evolutions Mini Tin Display (Eng),single,333,263.69,264.55,267.99,249.28,250.98,273.5,275.09,263.69,264.55,267.99,269.44,270.91,272.5,275.8,276.45,277.19,277.75,279.55,281.0,282.18,282.5,284.85,286.18,286.19,286.5,286.68,287.18,287.19,289.54,292.19,292.74,297.17,297.19,297.45,299.5,301.44,302.5,235.0,235.0,244.44,245.0,249.89,249.99,249.99,250.0,250.0,254.9,256.5,259.99,260.0,260.0,264.0,269.99,270.0,274.99,278.99,279.0,279.49,279.9,279.9,279.95,279.99,280.0,280.0,285.0,289.0,289.95
2026-09-22 18:01:28,Pokemon Prismatic Evolutions Booster Bundle Display (Eng),case,197,1042.06,1056.5,1138.0,1093.75,1143.4,1155.67,1198.84,1042.06,1056.5,1138.0,1191.5,1236.7,1250.0,1250.68,1265.58,1271.7,1285.7,1285.7,1293.86,1295.89,1296.86,1300.0,1310.73,1346.8,1346.8,1350.0,1361.7,1365.56,1386.7,1400.0,1400.0,1400.0,1415.67,1415.68,1447.8,1447.8,1450.0,999.99,1000.0,1100.0,1125.0,1150.0,1189.0,1200.0,1200.0,1235.0,1235.0,1247.0,1249.0,1249.0,1249.0,1249.0,1249.9,1250.0,1250.0,1290.0,1300.0,1300.0,1300.0,1325.0,1349.88,1350.0,1350.0,1350.0,1350.0,1399.99,1400.0
2026-09-22 18:01:28,Pokemon Prismatic Evolutions ETB (De),single,2242,152.19,157.17,157.18,152.61,155.06,160.7,163.39,152.19,157.17,157.18,157.19,160.19,160.19,162.09,162.18,162.19,164.39,167.19,172.18,172.19,172.19,172.19,177.09,177.14,177.18,177.19,177.19,179.39,182.19,182.19,183.8,187.18,187.18,187.19,187.19,187.19,187.19,145.0,145.0,149.98,149.99,150.0,153.0,153.0,154.9,154.99,155.0,160.0,160.0,164.99,165.0,165.0,165.0,169.9,169.95,169.99,170.0,170.0,174.9,174.99,175.0,175.0,175.0,179.99,179.99,180.0,180.0
2026-09-22 18:01:28,Pokemon Prismatic Evolutions ETB (Eng),single,2242,171.06,172.19,174.0,160.0,161.66,176.19,176.74,171.06,172.19,174.0,174.55,175.19,176.19,177.19,177.19,177.19,178.0,179.54,179.55,179.55,179.55,180.19,181.5,182.13,182.19,184.55,184.85,187.41,187.42,188.5,188.5,189.39,189.5,189.55,189.55,189.55,189.55,154.99,155.0,155.0,159.99,160.0,160.0,160.0,160.0,160.0,165.0,165.0,166.0,167.0,168.0,168.95,169.0,169.99,170.0,170.0,170.0,170.0,170.0,170.0,170.0,170.0,170.0,170.0,170.0,173.0,174.94
2026-09-22 18:01:28,Prismatic Evolutions Super-Premium Collection (Eng),single,1604,280.98,283.93,284.55,268.71,269.04,286.6,286.97,280.98,283.93,284.55,284.72,284.77,286.77,287.64,287.77,287.89,288.69,288.69,289.5,289.5,289.55,289.67,290.1,290.55,294.33,294.5,294.55,294.55,294.55,294.76,294.77,295.94,298.55,298.77,302.5,302.9,303.59,264.95,265.0,265.0,267.0,268.0,269.9,269.9,269.95,269.95,270.0,270.0,270.0,270.0,271.0,274.94,274.99,274.99,275.0,275.0,275.0,275.0,278.95,279.0,279.0,279.9,279.9,279.95,280.0,280.0,280.0
2026-09-22 18:01:28,Prismatic Evolutions Super-Premium Collection (De),single,1604,208.68,208.69,211.64,203.4,203.8,213.37,213.92,208.68,208.69,211.64,211.9,212.18,213.57,213.58,213.68,214.69,215.68,215.69,216.0,216.69,217.69,218.44,218.64,218.64,218.68,218.69,218.69,218.69,218.69,218.69,220.9,223.69,228.57,228.59,228.68,228.69,228.69,190.0,199.0,199.99,200.0,202.95,203.49,204.88,204.89,204.99,206.0,206.99,207.0,208.0,209.0,209.75,209.95,209.95,209.99,210.0,210.0,210.0,210.0,210.0,210.0,210.0,215.0,219.88,219.9,219.99,219.99
2026-09-22 18:01:28,Pokemon Black Bolt & White Flare Unova Mini Tin Display (Eng),single,111,237.19,240.19,242.09,236.54,239.15,247.84,252.4,237.19,240.19,242.09,242.19,243.19,247.09,248.5,251.48,251.98,256.19,257.19,265.47,266.36,267.42,269.54,269.94,271.89,286.99,287.18,294.55,298.33,299.5,302.14,306.87,307.17,307.7,407.19,507.19,614.17,1014.17,224.0,230.0,233.0,234.6,234.9,235.0,236.0,239.0,239.89,239.9,245.99,245.99,249.0,249.99,249.99,250.0,250.0,259.99,264.95,275.0,279.8,279.95,279.99,294.95,299.68,299.98,400.0,500.0,599.99,999.99
2026-09-22 18:01:28,Pokemon Lost Abyss Booster Display (Jpn),single,124,217.18,217.47,222.18,222.5,224.6,237.11,239.19,217.18,217.47,222.18,232.19,234.55,237.18,241.19,242.19,243.0,244.39,249.38,249.55,250.0,252.19,255.19,257.14,257.18,264.55,272.19,283.73,289.19,297.18,306.19,307.17,307.18,307.18,307.19,313.73,318.1,319.38,200.0,209.99,214.99,215.0,220.0,220.0,225.0,225.0,229.99,229.99,230.0,234.0,235.0,235.0,245.0,245.0,248.0,249.95,249.99,250.0,265.0,280.0,282.0,289.0,289.99,289.99,293.9,299.0,299.0,299.98
2026-09-22 18:01:28,Pokemon Terastal Festival ex Booster Display (Jpn),single,1050,109.19,112.19,112.45,97.85,97.59,115.29,115.61,109.19,112.19,112.45,113.05,114.37,115.99,115.99,116.45,116.99,116.99,117.14,117.18,117.47,117.5,121.18,121.39,122.18,122.19,122.5,122.99,122.99,122.99,123.0,123.09,123.1,123.18,124.18,125.19,126.19,127.08,89.0,89.99,94.0,95.0,96.9,98.98,99.0,99.0,99.95,100.0,100.0,100.0,100.0,100.0,102.0,102.0,105.0,105.0,105.0,105.0,105.0,105.26,109.95,109.99,110.0,113.99,114.99,114.99,115.0,115.99
2026-09-23 06:01:39,Pokemon Destined Rivals Booster Display (Eng),single,1298,356.19,359.5,359.55,347.09,346.88,367.39,367.96,356.19,359.5,359.55,363.9,367.14,367.18,367.4,369.55,372.19,372.19,372.3,372.5,372.9,373.0,373.9,373.9,373.9,374.39,374.55,374.55,375.19,375.39,376.19,376.47,378.9,379.51,379.99,380.5,381.5,382.19,336.5,340.0,340.0,344.9,345.0,349.0,349.0,349.0,349.8,350.0,350.0,350.0,350.0,350.0,350.0,350.0,350.0,355.0,355.0,355.0,359.0,359.95,359.96,359.99,359.99,360.0,360.0,360.0,360.0,360.0
2026-09-23 06:01:39,Pokemon Destined Rivals Booster Display Case (Eng),case,187,2241.45,2250.73,2289.99,2197.0,2234.5,2284.93,2312.81,2241.45,2250.73,2289.99,2299.0,2300.0,2310.22,2331.45,2350.0,2368.48,2386.8,2392.45,2399.98,2400.0,2400.0,2417.48,2421.73,2474.89,2500.0,2500.0,2517.48,2518.47,2553.4,2553.4,2561.17,2597.8,2599.89,2602.4,2641.45,2642.45,2692.45,2129.0,2189.99,2199.0,2199.0,2200.0,2250.0,2289.0,2289.0,2300.0,2300.0,2300.0,2300.0,2300.0,2350.0,2350.0,2399.0,2400.0,2400.0,2450.0,2450.0,2465.0,2499.0,2499.0,2499.89,2499.99,2500.0,2500.0,2599.0,2600.0,2645.0
2026-09-23 06:01:39,Pokemon Black Bolt ETB (Eng),single,552,136.19,139.19,140.19,128.67,128.89,142.78,143.6,136.19,139.19,140.19,140.4,141.19,142.19,142.19,143.55,146.07,146.5,147.09,147.09,147.09,147.09,147.99,148.0,148.09,148.55,148.59,149.29,149.39,149.41,149.99,151.39,151.42,151.5,152.14,152.18,152.19,152.6,124.99,125.0,125.0,127.5,129.0,129.0,129.0,129.9,129.95,130.0,130.0,130.0,130.0,131.99,132.0,133.0,134.0,134.0,134.49,134.95,134.99,135.0,135.0,135.0,139.0,139.9,139.9,139.9,139.9,139.9
2026-09-23 06:01:39,Pokemon Ascended Heroes ETB (Eng),single,1824,162.42,166.39,167.42,148.37,149.97,170.0,170.53,162.42,166.39,167.42,167.5,169.19,170.18,170.99,171.07,171.5,172.19,172.42,172.5,174.5,174.55,175.19,176.19,176.42,176.46,176.5,176.55,177.0,177.19,177.9,177.9,178.47,179.54,179.55,179.55,179.55,179.55,144.0,145.0,145.0,145.0,145.0,149.99,150.0,150.0,150.0,152.0,153.7,154.9,154.95,155.0,155.0,155.0,155.0,157.0,157.5,158.99,159.0,159.99,159.99,160.0,160.0,160.0,160.0,160.0,160.0,160.0
2026-09-23 06:01:39,Pokemon Ascended Heroes ETB Case (Eng),case,158,1650.0,1650.0,1706.12,1629.97,1656.29,1699.92,1725.93,1650.0,1650.0,1706.12,1711.12,1732.45,1741.45,1742.45,1758.25,1782.45,1785.0,1792.45,1792.45,1811.17,1819.0,1819.99,1842.45,1842.45,1845.0,1847.7,1861.16,1883.25,1892.45,1900.0,1947.8,1968.48,1992.44,1994.89,1996.8,2000.0,2000.0,1550.0,1550.0,1644.95,1649.95,1675.0,1685.0,1690.0,1699.0,1700.0,1719.0,1719.99,1740.0,1745.0,1749.9,1750.0,1750.0,1750.0,1799.99,1800.0,1800.0,1800.0,1800.0,1850.0,1850.0,1899.0,1900.0,1900.0,1949.99,1949.99,1950.0
2026-09-23 06:01:39,Pokemon 30th Celebration ETB (Eng),single,2052,158.07,159.89,160.06,136.97,137.81,161.65,162.49,158.07,159.89,160.06,160.9,160.97,161.0,161.07,161.89,163.0,164.31,164.49,164.98,165.4,165.42,165.9,166.42,166.47,166.99,167.18,167.22,167.32,167.42,167.42,167.42,167.9,167.9,168.37,168.99,169.47,170.47,130.0,132.5,133.0,135.0,135.0,137.9,138.0,138.0,138.89,140.0,140.0,141.9,141.98,142.0,142.99,143.0,143.99,143.99,144.0,144.0,144.0,144.9,144.9,144.99,144.99,145.0,147.49,147.99,148.0,149.0
2026-09-23 06:01:39,Pokemon 30th Celebration Booster Bundle (Eng),single,489,96.99,97.17,97.19,92.09,93.3,104.96,108.48,96.99,97.17,97.19,101.73,101.95,105.45,106.47,107.99,108.9,109.98,110.5,114.98,117.17,122.5,128.19,133.09,133.19,,,,,,,,,,,,,,79.99,84.95,89.99,89.99,89.99,90.0,93.28,93.51,94.94,94.99,97.95,99.95,99.98,99.99,99.99,100.0,109.99,,,,,,,,,,,,,
2026-09-23 06:01:39,Pokemon 30th Celebration Mini Tin Display (Eng),single,90,299.99,305.99,312.42,332.35,336.06,345.23,350.16,299.99,305.99,312.42,319.5,328.9,334.98,335.94,362.0,379.9,388.19,389.98,396.9,397.4,,,,,,,,,,,,,,,,,,274.99,295.0,299.95,299.98,319.95,324.95,329.99,350.0,360.0,374.0,379.98,379.99,380.0,,,,,,,,,,,,,,,,,
2026-09-23 06:01:39,Pokemon Destined Rivals Booster Display (De),single,1298,249.39,261.19,262.19,260.99,260.59,270.53,271.26,249.39,261.19,262.19,267.19,267.19,268.0,272.19,275.09,276.18,276.19,276.19,277.19,277.39,281.19,282.18,282.18,282.19,282.19,284.85,285.19,286.68,287.09,287.18,287.19,287.39,288.38,291.18,292.09,292.17,292.18,230.0,245.0,254.0,255.0,258.0,260.0,260.0,265.0,267.9,268.0,268.99,268.99,269.0,269.0,270.0,274.0,274.99,274.99,275.0,275.0,278.0,279.49,279.9,279.9,279.99,280.0,283.99,284.9,284.98,284.99
2026-09-23 06:01:39,Pokemon Ascended Heroes Mini Tin Display (Eng),single,189,288.67,307.19,311.0,292.35,295.67,316.67,316.9,288.67,307.19,311.0,311.47,311.5,317.19,319.5,319.88,321.38,321.45,321.47,324.49,324.8,326.36,327.18,328.55,336.19,337.14,337.18,337.42,338.0,345.99,352.19,359.55,366.45,366.9,368.55,369.55,369.55,386.44,268.0,280.0,280.0,285.0,287.0,292.0,295.0,299.89,299.95,299.99,300.0,309.0,310.0,314.19,314.99,314.99,318.0,319.99,320.0,325.0,329.0,329.95,329.99,340.0,344.99,345.0,349.0,350.0,350.0,350.0
2026-09-23 06:01:39,Pokemon Ascended Heroes Booster Bundle Display (Eng),case,271,1000.0,1011.7,1049.0,962.25,985.88,1046.42,1079.56,1000.0,1011.7,1049.0,1050.0,1075.0,1089.9,1100.0,1125.0,1145.0,1149.95,1150.0,1150.0,1186.6,1186.7,1197.8,1199.0,1200.0,1200.0,1200.0,1236.7,1240.99,1284.89,1299.0,1300.0,1300.0,1300.0,1300.0,1320.0,1336.7,1336.7,900.0,949.0,950.0,975.0,975.0,989.9,1000.0,1025.0,1045.0,1049.95,1050.0,1050.0,1099.0,1100.0,1100.0,1100.0,1100.0,1149.9,1150.0,1198.99,1199.0,1200.0,1200.0,1200.0,1200.0,1200.0,1220.0,1249.0,1250.0,1250.0
2026-09-23 06:01:39,Pokemon Ascended Heroes Pokemon Center ETB (Eng),single,288,362.75,372.75,375.39,382.37,395.13,414.04,421.62,362.75,372.75,375.39,386.19,386.5,413.1,423.73,425.39,450.85,451.19,451.19,451.19,455.38,457.18,461.5,463.72,467.42,467.69,472.19,472.5,476.47,497.19,507.19,518.1,522.0,522.0,531.9,531.9,538.1,558.73,320.0,330.0,350.0,360.0,365.0,375.0,379.0,399.99,400.0,429.99,440.0,444.0,444.0,444.0,445.9,449.95,449.99,450.0,450.0,450.0,465.0,480.0,490.0,495.0,499.0,499.0,499.0,499.0,499.94,500.0
2026-09-23 06:01:39,Pokemon Ascended Heroes Pokemon Center ETB (De),single,288,172.19,172.19,173.1,163.23,163.72,175.8,177.24,172.19,172.19,173.1,173.99,175.18,176.18,176.19,177.19,177.19,177.39,178.9,182.19,182.19,182.19,182.38,183.98,187.19,187.19,192.69,196.18,196.48,197.14,197.18,197.18,197.19,197.19,197.19,197.19,197.19,203.1,140.0,149.99,154.9,155.0,159.99,165.0,165.0,167.99,168.99,169.0,170.0,170.0,170.0,175.0,175.0,175.0,179.99,180.0,180.0,185.5,189.95,189.99,189.99,189.99,189.99,190.0,190.0,190.0,190.0,190.0
2026-09-23 06:01:39,Pokemon Ascended Heroes ETB (De),single,1824,112.14,112.69,112.69,108.3,108.46,115.49,115.65,112.14,112.69,112.69,113.14,115.18,116.14,116.19,116.19,117.19,117.19,117.19,117.19,117.19,117.19,117.19,118.19,118.19,119.18,121.04,121.09,121.19,121.19,122.14,122.14,122.18,122.19,122.19,122.19,122.19,122.19,104.95,105.5,105.5,105.95,107.99,108.95,109.0,109.0,110.0,110.0,110.0,110.0,110.0,110.0,110.0,111.0,111.0,111.99,113.85,113.9,114.0,114.0,114.95,114.95,114.99,115.0,115.0,115.0,115.0,115.0
2026-09-23 06:01:39,Pokemon Silver Tempest Booster Display (Eng),single,337,392.19,396.19,397.17,392.12,393.87,404.93,408.21,392.19,396.19,397.17,401.19,402.19,402.19,406.19,406.19,412.09,412.19,412.19,419.42,419.55,422.09,422.19,423.0,424.08,424.08,424.08,424.08,426.18,427.18,427.18,433.0,434.55,438.99,439.39,439.55,442.19,442.75,385.0,385.0,385.0,389.0,389.98,390.0,394.0,395.0,395.0,399.0,399.0,400.0,400.0,400.0,402.0,404.9,405.0,405.0,410.0,414.9,415.0,415.0,416.89,416.89,416.89,416.89,418.99,419.99,419.99,419.99
2026-09-23 06:01:39,Pokemon Lost Origin Booster Display (Eng),single,361,609.17,609.18,613.68,609.44,611.69,633.85,639.89,609.17,609.18,613.68,624.18,629.18,629.85,634.18,641.1,644.55,654.08,654.55,663.16,663.18,664.13,664.17,664.17,664.55,678.55,678.55,680.18,684.07,689.84,694.07,694.08,694.55,699.0,703.55,704.18,708.76,713.18,594.99,595.0,598.0,599.0,599.5,610.0,615.0,615.0,619.0,619.99,620.0,620.0,620.0,624.9,625.0,625.0,635.0,639.9,640.0,648.98,649.0,649.0,649.0,649.95,649.99,649.99,650.0,650.0,665.0,666.0
2026-09-23 06:01:39,Pokemon Chilling Reign Booster Display (Eng),single,188,397.18,402.19,406.19,403.49,409.78,420.72,425.23,397.18,402.19,406.19,408.55,417.08,417.5,422.5,425.39,431.5,437.09,437.18,439.55,444.55,444.85,447.19,447.19,447.45,449.55,457.19,459.54,464.55,466.42,469.55,469.55,469.55,469.55,469.55,471.85,503.72,507.14,389.0,389.99,395.0,395.0,399.0,400.0,400.0,409.0,409.89,420.0,424.95,425.0,429.9,429.99,430.0,439.9,439.99,439.99,440.0,440.0,445.0,449.0,450.0,450.0,450.0,450.0,450.0,450.0,450.0,499.0
2026-09-23 06:01:39,Pokemon Crown Zenith ETB (Eng),single,351,296.19,299.55,302.19,289.11,291.39,307.53,309.84,296.19,299.55,302.19,305.71,306.19,307.19,307.19,307.41,310.39,313.99,314.55,318.39,319.53,319.55,319.55,319.55,322.49,322.5,322.5,322.74,324.99,326.19,326.98,327.14,327.19,327.5,327.5,327.75,329.05,329.41,279.99,280.0,284.99,285.0,285.0,288.88,289.0,289.99,295.0,295.0,299.0,299.0,299.98,299.99,299.99,300.0,300.0,300.0,300.0,300.0,300.0,300.0,305.0,305.0,305.0,309.5,309.99,315.0,315.0,319.0
2026-09-23 06:01:39,Pokemon VSTAR Universe Booster Display (Jpn),single,825,167.9,171.18,172.08,163.41,163.45,173.91,174.45,167.9,171.18,172.08,172.08,173.69,174.18,174.18,174.19,174.69,176.19,176.68,177.19,177.19,177.19,178.19,178.98,179.55,179.55,182.14,182.18,182.19,182.19,182.19,183.8,185.19,187.19,187.19,188.55,192.09,192.19,150.0,155.0,160.0,160.0,160.0,163.99,164.89,164.89,166.5,166.99,166.99,167.0,167.5,169.0,169.0,169.49,169.99,170.0,170.0,170.0,170.0,171.0,174.95,174.99,174.99,175.0,175.0,175.0,175.0,175.0
2026-09-23 06:01:39,Pokemon Flareon VMAX Premium Collection EU Version (Eng),single,87,264.39,302.19,304.48,298.74,294.66,308.12,308.66,264.39,302.19,304.48,307.14,307.18,307.19,307.19,307.19,307.5,317.08,317.5,319.55,319.55,319.55,322.19,322.5,327.19,327.19,337.74,347.41,363.73,368.55,375.72,382.45,413.72,419.54,506.19,507.18,507.18,507.18,245.0,285.0,295.0,295.0,299.95,299.99,299.99,300.0,300.0,300.0,300.0,300.0,300.0,300.0,300.0,307.8,309.89,315.0,320.0,320.0,329.99,349.0,349.99,350.0,359.95,399.99,499.0,499.99,499.99,499.99
2026-09-23 06:01:39,Pokemon Jolteon VMAX Premium Collection EU Version (Eng),single,79,292.19,293.98,294.99,294.57,295.96,302.8,306.18,292.19,293.98,294.99,297.17,302.09,302.19,304.48,307.14,307.18,307.19,309.39,317.08,317.09,318.39,322.19,322.19,339.55,347.41,363.73,367.73,368.55,373.73,375.72,382.45,413.72,419.54,506.19,507.18,507.18,519.39,285.0,287.99,289.98,290.0,290.0,294.9,295.0,297.7,299.0,299.95,299.99,299.99,300.0,300.0,309.89,310.0,315.0,315.0,320.0,329.99,349.0,349.99,349.99,350.0,359.95,399.99,499.0,499.99,499.99,500.0
2026-09-23 06:01:39,Pokemon Vaporeon VMAX Premium Collection EU Version (Eng),single,71,319.19,322.19,327.14,320.95,327.57,331.7,340.98,319.19,322.19,327.14,327.18,327.19,327.19,328.39,337.19,337.19,342.09,352.08,357.18,357.19,369.55,383.73,387.41,406.19,413.72,418.55,419.54,422.45,425.72,457.18,506.19,507.18,519.39,850.0,950.0,954.55,982.94,309.0,312.0,315.0,319.95,319.99,320.0,320.0,320.0,322.7,330.0,330.0,344.89,349.99,349.99,350.0,350.0,369.99,399.0,399.0,399.95,399.99,400.0,449.99,499.0,499.99,500.0,750.0,850.0,890.0,925.0
2026-09-23 06:01:39,Pokemon Celebrations ETB (De),single,377,297.19,302.19,307.19,312.25,312.53,322.22,322.13,297.19,302.19,307.19,319.39,321.19,322.19,326.19,327.19,327.19,327.19,327.19,327.19,332.18,332.18,336.18,337.18,337.18,337.19,339.39,348.1,356.19,357.18,357.19,357.19,360.69,365.19,367.18,376.49,377.19,379.34,290.0,295.0,300.0,300.0,310.0,314.0,315.0,319.0,320.0,320.0,320.0,320.0,320.0,320.0,324.99,324.99,328.99,329.99,329.99,330.0,349.0,349.99,350.0,350.0,353.5,358.0,359.95,359.99,370.0,371.5
2026-09-23 06:01:39,Pokemon Champions Path ETB (Eng),single,176,146.19,146.19,147.17,145.37,146.06,152.56,153.77,146.19,146.19,147.17,147.19,152.19,152.19,155.18,155.19,155.19,156.19,157.18,157.18,157.19,157.19,164.99,166.19,166.98,167.19,167.19,169.38,172.19,174.24,176.19,177.19,177.19,179.55,182.5,183.1,184.97,186.19,139.0,139.0,139.98,140.0,145.0,145.0,147.99,148.0,148.0,149.0,149.99,149.99,149.99,150.0,150.0,150.0,159.0,159.0,159.99,160.0,160.0,160.0,160.0,164.75,165.0,169.0,169.0,169.95,170.0,170.0
2026-09-23 06:01:39,Pokemon Tag Team Pikachu & Zekrom GX Premium Collection (Eng),single,36,285.98,287.19,292.19,296.86,304.32,311.84,318.62,285.98,287.19,292.19,297.14,309.55,314.54,316.37,317.19,322.19,325.55,326.42,337.5,342.74,347.5,357.19,371.49,377.19,406.98,422.19,425.47,425.72,454.48,506.19,506.19,523.0,650.0,700.0,1014.18,,,279.99,280.0,285.0,289.9,289.95,290.0,294.99,306.0,309.0,310.0,315.0,315.0,325.0,325.0,349.99,350.0,370.0,399.0,399.99,400.0,415.0,449.99,499.0,499.0,500.0,550.0,600.0,1000.0,,
2026-09-23 06:01:39,Pokemon Tag Team Reshiram & Charizard GX Premium Collection (Eng),single,27,296.19,297.18,297.19,309.49,314.53,321.38,328.44,296.19,297.18,297.19,319.39,323.17,324.16,325.19,326.19,326.19,329.54,335.39,341.47,344.55,369.39,371.48,396.19,404.48,406.19,407.19,417.74,494.98,650.0,773.0,2214.13,,,,,,,289.0,289.99,290.0,300.0,309.99,310.0,315.0,315.98,316.97,318.0,319.0,319.0,325.0,349.98,350.0,389.0,399.0,399.99,400.0,400.0,479.99,550.0,750.0,2199.95,,,,,,
2026-09-23 06:01:39,Pokemon VMAX Climax Booster Display (Jpn),single,182,157.19,162.19,162.19,159.37,160.02,167.69,168.92,157.19,162.19,162.19,167.19,167.19,167.19,167.19,167.19,171.17,172.19,172.19,173.19,175.18,176.19,176.19,177.19,177.99,180.89,182.49,183.05,184.55,185.7,187.18,187.19,187.47,187.5,188.0,189.39,192.74,194.39,150.0,155.0,155.0,159.99,160.0,160.0,160.0,160.0,160.0,160.0,162.9,163.5,163.98,165.0,165.0,165.0,165.0,165.0,165.0,166.0,167.99,169.0,169.0,169.9,169.99,170.0,170.0,170.0,170.0,175.0
2026-09-23 06:01:39,Pokemon Battle Region Booster Display (Jpn),single,90,78.48,79.09,80.18,73.98,75.25,85.17,88.07,78.48,79.09,80.18,82.18,83.1,84.19,85.99,86.18,87.08,92.47,92.47,93.05,96.47,96.99,103.1,104.29,105.82,106.47,106.99,107.18,107.19,108.1,109.29,111.87,113.09,113.1,113.47,117.46,117.47,120.24,69.0,70.0,70.0,71.9,72.99,74.99,74.99,75.0,75.0,77.0,78.99,79.0,79.89,79.95,79.99,80.0,80.0,84.9,89.0,89.34,89.9,90.0,95.0,96.0,99.0,99.98,99.99,99.99,100.0,100.0
2026-09-23 06:01:39,Pokemon Clay Burst Booster Display (Jpn),single,293,91.19,92.08,92.17,85.11,85.86,94.06,96.27,91.19,92.08,92.17,92.19,92.19,93.09,93.97,95.19,96.47,97.19,99.19,100.99,101.99,102.19,103.98,106.47,106.48,107.19,109.25,110.35,112.37,112.98,112.98,113.1,113.47,115.08,117.09,117.18,117.46,118.65,79.0,79.99,84.0,84.0,84.89,84.98,85.0,85.0,85.0,88.0,88.98,89.0,90.0,90.0,90.0,92.0,93.16,94.9,95.0,95.0,96.0,99.88,99.88,99.99,99.99,100.0,100.0,100.0,105.0,107.89
2026-09-23 06:01:39,Pokemon Fusion Strike Booster Display (Eng),single,203,789.18,791.18,793.18,795.87,807.59,826.84,840.3,789.18,791.18,793.18,794.18,814.17,828.55,829.55,833.18,859.5,862.41,864.08,869.55,888.55,893.1,894.18,895.0,899.55,914.08,914.17,914.18,914.18,914.18,923.72,925.0,929.54,929.9,947.8,947.8,950.0,950.0,775.0,777.0,779.0,780.0,795.0,795.0,799.0,799.99,800.0,819.0,825.0,829.95,840.0,849.9,850.0,850.0,850.0,850.0,850.0,859.0,859.99,870.0,880.0,895.0,895.99,899.0,899.9,899.9,899.99,899.99
2026-09-23 06:01:39,Pokemon Astral Radiance Booster Display (Eng),single,277,351.19,352.19,357.18,350.5,352.79,368.34,371.81,351.19,352.19,357.18,357.19,362.19,366.19,369.55,375.39,379.5,379.55,382.5,384.55,385.49,386.37,388.1,392.75,395.47,402.19,407.19,407.19,408.55,412.72,417.19,422.19,422.98,432.19,437.18,443.72,451.63,457.17,344.0,345.0,348.99,349.99,350.0,350.0,350.0,350.0,350.0,355.0,359.0,359.9,359.95,360.0,360.0,362.99,365.0,369.0,379.99,389.0,395.0,399.98,400.0,400.0,410.0,415.0,425.0,429.99,444.44,449.88
2026-09-23 06:01:39,Pokemon Lost Origin ETB (Eng),single,302,189.55,192.19,194.19,186.37,187.38,201.07,201.96,189.55,192.19,194.19,197.18,197.42,202.08,202.09,202.5,206.19,206.89,207.18,207.19,207.19,208.55,208.99,209.55,211.47,212.19,212.41,214.89,216.18,217.19,217.19,217.5,217.5,218.39,219.5,219.54,221.69,222.08,170.0,180.0,180.0,184.99,185.0,185.0,187.0,189.0,189.99,190.0,190.0,194.89,194.9,194.99,195.0,195.0,199.0,199.0,199.0,199.95,199.99,199.99,199.99,199.99,200.0,200.0,205.0,205.0,208.99,209.9
2026-09-23 06:01:39,Pokemon Crown Zenith Galarian Articuno Tin US Version (Eng),single,25,143.1,151.63,154.5,148.05,157.03,165.03,170.78,143.1,151.63,154.5,157.19,157.19,161.47,167.19,172.5,173.99,176.19,177.18,177.18,178.09,207.18,207.19,304.96,442.75,,,,,,,,,,,,,,130.0,132.0,135.0,144.44,144.99,149.99,150.0,150.0,150.0,160.0,169.0,169.99,169.99,199.99,200.0,289.97,400.0,,,,,,,,,,,,,
2026-09-23 06:01:39,Pokemon Crown Zenith Galarian Zapdos Tin US Version (Eng),single,27,133.1,136.18,137.18,133.93,141.42,149.63,156.23,133.1,136.18,137.18,146.49,147.1,149.1,151.63,152.19,156.19,157.18,157.19,163.09,172.5,177.18,207.18,227.19,442.75,,,,,,,,,,,,,,114.0,116.0,120.0,123.99,128.99,129.99,129.99,144.44,145.0,149.0,149.99,150.0,150.0,169.99,199.99,220.0,400.0,,,,,,,,,,,,,
2026-09-23 06:01:39,Pokemon Crown Zenith Galarian Moltres Tin US Version (Eng),single,21,155.0,157.19,157.19,151.62,172.26,168.32,192.07,155.0,157.19,157.19,159.1,162.75,167.18,168.49,172.5,177.18,182.18,183.09,186.47,202.75,207.18,442.75,,,,,,,,,,,,,,,,120.0,145.99,146.0,147.0,149.99,150.0,150.0,150.0,159.99,160.0,160.0,169.99,174.99,199.99,400.0,,,,,,,,,,,,,,,
2026-09-23 06:01:39,Pokemon 151 Zapdos ex Collection (Eng),single,211,124.18,124.19,126.19,117.74,119.04,133.97,135.95,124.18,124.19,126.19,126.19,132.1,134.39,137.18,138.05,138.73,138.93,142.42,143.04,143.05,143.09,147.5,147.5,147.74,152.5,157.18,157.19,162.75,163.1,163.1,168.0,172.49,172.5,197.5,222.5,233.05,257.18,99.0,105.83,109.99,115.0,116.99,117.0,119.0,119.0,120.0,124.95,125.0,125.0,129.0,129.94,129.95,129.99,130.0,130.0,130.0,134.9,149.99,149.99,150.0,150.0,150.0,150.0,175.0,199.95,200.0,249.99
2026-09-23 06:01:39,Pokemon 151 UPC (Eng),single,398,615.68,685.68,694.94,706.87,704.33,722.37,721.58,615.68,685.68,694.94,714.94,715.68,715.68,730.68,735.67,735.68,735.68,735.68,745.68,745.68,755.68,760.63,760.68,760.68,765.68,784.55,789.55,789.68,795.68,804.55,804.85,809.55,813.68,814.68,814.68,819.55,820.19,600.0,670.0,679.99,699.99,700.0,700.0,715.0,719.99,720.0,720.0,720.0,725.0,730.0,730.0,735.0,740.0,740.0,744.95,745.0,745.0,749.0,750.0,755.0,760.0,770.0,774.0,775.0,775.0,780.0,780.0
2026-09-23 06:01:39,Pokemon 151 UPC (De),single,398,645.67,648.68,655.68,651.22,663.84,666.9,679.52,645.67,648.68,655.68,655.68,660.67,665.58,665.63,665.68,675.63,690.63,705.67,710.67,715.63,715.67,715.68,715.68,734.68,740.58,744.68,765.63,805.9,805.9,805.9,812.98,815.17,815.67,815.67,815.68,895.68,898.95,629.99,633.0,640.0,640.0,644.99,649.9,649.95,650.0,659.95,674.95,689.99,694.99,699.95,699.99,700.0,700.0,719.0,724.9,729.0,749.95,798.95,799.0,799.49,799.99,799.99,799.99,800.0,800.0,800.0,800.0
2026-09-23 06:01:39,Pokemon 151 Booster Display (Jpn),single,574,247.18,247.18,257.18,246.87,248.92,261.39,261.78,247.18,247.18,257.18,257.19,259.55,260.98,261.12,264.55,264.55,265.99,267.17,267.18,267.19,269.55,270.15,270.99,271.19,272.18,273.19,274.19,274.55,275.18,276.19,276.19,277.18,277.18,279.54,280.98,281.19,282.07,239.99,239.99,240.0,245.0,245.0,245.0,249.99,250.0,250.0,250.0,253.79,254.99,255.0,255.0,259.98,259.99,259.99,259.99,260.0,260.0,264.0,264.99,265.0,265.0,265.2,266.0,267.0,267.99,269.0,269.0
2026-09-23 06:01:39,Pokemon Paradigm Trigger Booster Display (Jpn),single,179,127.09,129.14,129.18,120.73,121.18,132.19,133.54,127.09,129.14,129.18,129.19,129.19,132.09,132.47,133.1,136.09,136.18,137.18,137.19,137.47,138.1,139.39,140.14,141.19,142.89,143.0,143.98,147.09,147.19,147.42,148.0,151.42,152.19,152.99,153.1,156.19,156.19,115.0,115.0,119.9,120.0,120.0,120.0,120.0,121.95,121.99,122.0,122.0,124.9,124.9,125.0,125.0,128.9,128.99,129.99,130.0,130.0,132.95,134.0,134.0,135.0,139.9,139.99,139.99,140.0,140.0,140.0
2026-09-23 06:01:39,Pokemon Star Birth Booster Display (Jpn),single,115,122.19,127.19,127.19,124.43,125.96,132.31,134.76,122.19,127.19,127.19,129.19,131.19,132.18,132.19,133.14,136.19,137.18,138.98,142.14,143.09,144.18,145.18,145.9,146.18,146.19,147.19,147.5,149.19,152.99,156.19,157.19,157.19,157.47,159.39,161.47,164.48,166.47,115.0,120.0,120.0,122.0,124.0,124.99,125.0,125.0,125.95,128.48,129.0,129.99,129.99,134.95,134.99,135.0,136.99,137.99,138.99,139.0,140.0,140.0,140.0,142.0,144.0,149.0,149.0,150.0,150.0,150.0
2026-09-23 06:01:39,Pokemon Violet ex Booster Display (Jpn),single,226,73.68,74.18,74.19,69.12,69.86,77.22,79.73,73.68,74.18,74.19,76.18,77.18,77.18,77.18,77.19,78.98,79.69,83.18,85.38,87.18,87.18,87.47,88.09,90.1,91.98,91.98,91.99,93.05,93.88,94.24,94.53,94.88,95.08,95.89,96.79,96.89,97.19,65.99,66.49,66.99,67.0,68.99,69.99,69.99,69.99,69.99,70.0,70.0,70.0,72.5,74.99,75.0,75.99,77.0,77.54,78.88,78.88,78.9,79.9,79.95,79.99,79.99,79.99,80.0,80.0,80.0,87.89
2026-09-23 06:01:39,Pokemon Brilliant Stars Booster Display (De),single,227,342.19,344.09,344.19,341.71,348.84,350.53,360.32,342.19,344.09,344.19,344.39,344.85,347.14,352.14,357.18,357.19,357.19,357.19,378.73,386.19,387.19,404.89,407.18,446.19,454.97,456.69,486.19,489.39,502.19,503.17,506.19,506.87,507.09,507.18,519.38,519.39,704.13,315.0,325.0,335.0,336.9,337.0,339.9,339.95,344.95,349.99,350.0,350.0,350.0,379.0,380.0,399.9,399.99,439.0,449.5,449.99,470.0,479.0,495.0,495.98,499.0,499.68,499.9,499.99,499.99,500.0,689.95
2026-09-23 06:01:39,Pokemon Lost Origin Booster Display (De),single,361,372.19,374.19,375.85,371.22,376.64,379.61,385.87,372.19,374.19,375.85,375.89,376.18,377.19,380.19,382.18,382.19,387.19,387.19,402.18,403.09,406.13,406.19,406.19,406.89,407.18,407.19,428.73,432.19,436.19,456.18,457.17,457.18,457.19,457.19,462.89,487.14,489.39,365.0,365.0,367.0,368.99,369.9,370.0,370.9,373.0,374.99,375.0,380.0,380.0,394.99,395.9,398.94,399.0,399.0,399.99,400.0,401.9,425.0,429.0,448.99,449.98,449.99,449.99,450.0,450.0,470.0,475.0
2026-09-23 06:01:39,Pokemon Twilight Masquerade Booster Display (De),single,267,257.19,267.19,269.34,268.94,276.38,276.4,284.24,257.19,267.19,269.34,270.09,272.08,272.14,276.19,277.19,287.07,287.09,302.13,304.98,306.87,306.87,307.18,407.18,1014.17,,,,,,,,,,,,,,249.95,250.0,260.0,262.9,264.89,264.95,269.0,270.0,279.88,279.9,294.94,299.68,299.68,299.99,299.99,399.99,999.99,,,,,,,,,,,,,
2026-09-23 06:01:39,Pokemon Prismatic Evolutions Mini Tin Display (Eng),single,333,263.69,264.55,267.99,249.28,250.98,273.5,275.09,263.69,264.55,267.99,269.44,270.91,272.5,275.8,276.45,277.19,277.75,279.55,281.0,282.18,282.5,284.85,286.18,286.19,286.5,286.68,287.18,287.19,289.54,292.19,292.74,297.17,297.19,297.45,299.5,301.44,302.5,235.0,235.0,244.44,245.0,249.89,249.99,249.99,250.0,250.0,254.9,256.5,259.99,260.0,260.0,264.0,269.99,270.0,274.99,278.99,279.0,279.49,279.9,279.9,279.95,279.99,280.0,280.0,285.0,289.0,289.95
2026-09-23 06:01:39,Pokemon Prismatic Evolutions Booster Bundle Display (Eng),case,197,1056.5,1138.0,1191.5,1141.0,1168.1,1204.05,1223.21,1056.5,1138.0,1191.5,1236.7,1250.0,1250.68,1265.58,1271.7,1285.7,1285.7,1293.86,1295.89,1296.86,1300.0,1310.73,1346.8,1346.8,1350.0,1361.7,1365.56,1386.7,1400.0,1400.0,1400.0,1415.67,1415.67,1415.68,1447.8,1447.8,1450.0,1000.0,1100.0,1125.0,1150.0,1189.0,1200.0,1200.0,1235.0,1235.0,1247.0,1249.0,1249.0,1249.0,1249.0,1249.9,1250.0,1250.0,1290.0,1300.0,1300.0,1300.0,1325.0,1349.88,1350.0,1350.0,1350.0,1350.0,1399.99,1399.99,1400.0
2026-09-23 06:01:39,Pokemon Prismatic Evolutions ETB (De),single,2242,156.18,157.18,157.19,153.86,156.32,161.95,164.99,156.18,157.18,157.19,160.19,160.19,162.09,162.18,162.19,164.39,167.19,172.18,172.19,172.19,172.19,177.09,177.14,177.18,177.19,177.19,179.39,182.19,182.19,183.8,187.18,187.18,187.19,187.19,187.19,187.19,194.38,145.0,148.99,149.99,150.0,153.0,153.0,154.9,154.99,155.0,160.0,160.0,164.99,165.0,165.0,165.0,169.9,169.95,169.99,170.0,170.0,174.9,174.99,175.0,175.0,175.0,179.99,179.99,180.0,180.0,180.0
2026-09-23 06:01:39,Pokemon Prismatic Evolutions ETB (Eng),single,2242,171.06,172.19,174.0,159.75,161.27,176.61,177.1,171.06,172.19,174.0,174.55,175.19,177.19,177.19,177.19,178.0,179.54,179.55,179.55,179.55,180.19,181.5,182.19,184.55,184.85,184.97,185.5,187.41,187.42,188.5,188.5,189.39,189.5,189.55,189.55,189.55,189.55,154.99,155.0,155.0,159.99,160.0,160.0,160.0,160.0,160.0,163.0,165.0,165.0,166.0,167.0,168.0,168.0,168.95,169.99,170.0,170.0,170.0,170.0,170.0,170.0,170.0,170.0,170.0,170.0,170.0,173.0
2026-09-23 06:01:39,Prismatic Evolutions Super-Premium Collection (Eng),single,1604,280.98,283.93,284.72,269.6,270.51,287.57,288.3,280.98,283.93,284.72,284.77,286.77,287.89,288.69,288.69,289.5,289.5,289.55,290.1,290.55,294.33,294.5,294.55,294.55,294.55,294.76,294.77,295.94,298.55,302.5,302.9,303.69,304.05,305.99,308.54,308.69,308.69,264.95,265.0,267.0,269.9,269.95,269.95,270.0,270.0,270.0,270.0,271.0,274.94,274.99,274.99,275.0,275.0,275.0,275.0,279.0,279.9,279.9,279.95,280.0,280.0,280.0,280.0,284.5,285.0,288.99,289.0
2026-09-23 06:01:39,Prismatic Evolutions Super-Premium Collection (De),single,1604,208.68,208.69,211.64,203.27,203.48,213.12,213.77,208.68,208.69,211.64,211.9,212.18,213.57,213.58,213.68,213.69,214.69,215.68,215.69,216.69,217.69,218.44,218.64,218.64,218.68,218.69,218.69,218.69,218.69,218.69,220.9,223.69,228.57,228.59,228.68,228.69,228.69,190.0,199.0,199.99,200.0,202.95,203.49,204.88,204.89,204.99,205.0,206.0,206.99,207.0,208.0,209.0,209.75,209.95,209.95,209.99,210.0,210.0,210.0,210.0,210.0,210.0,215.0,219.88,219.9,219.99,219.99
2026-09-23 06:01:39,Pokemon Black Bolt & White Flare Unova Mini Tin Display (Eng),single,111,237.19,240.19,242.09,236.54,239.15,247.84,252.4,237.19,240.19,242.09,242.19,243.19,247.09,248.5,251.48,251.98,256.19,257.19,265.47,266.36,267.42,269.54,269.94,271.89,286.99,287.18,294.55,298.33,299.5,302.14,306.87,307.17,307.7,407.19,507.19,614.17,1014.17,224.0,230.0,233.0,234.6,234.9,235.0,236.0,239.0,239.89,239.9,245.99,245.99,249.0,249.99,249.99,250.0,250.0,259.99,264.95,275.0,279.8,279.95,279.99,294.95,299.68,299.98,400.0,500.0,599.99,999.99
2026-09-23 06:01:39,Pokemon Lost Abyss Booster Display (Jpn),single,124,216.69,217.18,217.47,221.87,224.23,236.52,238.82,216.69,217.18,217.47,232.19,234.55,237.18,241.19,242.19,243.0,244.39,249.38,249.55,250.0,252.19,255.19,257.14,257.18,264.55,272.19,283.73,289.19,297.18,306.19,307.17,307.18,307.18,307.19,313.73,318.1,319.38,200.0,209.5,209.99,215.0,220.0,220.0,225.0,225.0,229.99,229.99,230.0,234.0,235.0,235.0,245.0,245.0,248.0,249.95,249.99,250.0,265.0,280.0,282.0,289.0,289.99,289.99,293.9,299.0,299.0,299.98
2026-09-23 06:01:39,Pokemon Terastal Festival ex Booster Display (Jpn),single,1050,107.18,107.19,107.9,96.3,96.62,111.89,112.87,107.18,107.19,107.9,109.19,109.97,112.19,112.45,113.05,114.37,115.99,115.99,116.45,116.99,116.99,117.14,117.18,117.47,117.5,121.18,121.39,121.99,122.18,122.19,122.5,122.99,122.99,122.99,123.0,123.09,123.1,89.0,89.99,92.5,94.0,95.0,95.0,96.9,98.98,99.0,99.0,99.95,99.99,100.0,100.0,100.0,100.0,100.0,100.0,102.0,102.0,104.0,105.0,105.0,105.0,105.0,105.0,105.26,109.95,109.99,110.0
2026-09-23 18:01:22,Pokemon Destined Rivals Booster Display (Eng),single,1298,352.19,359.5,364.19,348.48,348.28,370.11,369.44,352.19,359.5,364.19,367.18,367.4,372.19,372.19,372.3,372.5,372.9,373.0,373.9,373.9,373.9,374.39,374.55,375.19,375.39,376.19,376.47,378.9,379.99,380.5,381.5,382.19,382.42,382.49,383.1,383.5,383.55,336.5,344.9,345.0,345.0,349.0,349.0,349.8,350.0,350.0,350.0,350.0,350.0,350.0,350.0,355.0,355.0,357.0,359.0,359.99,359.99,360.0,360.0,360.0,360.0,360.0,360.0,361.0,364.0,364.97,365.0
2026-09-23 18:01:22,Pokemon Destined Rivals Booster Display Case (Eng),case,187,2241.45,2250.73,2289.99,2197.0,2234.5,2284.93,2312.81,2241.45,2250.73,2289.99,2299.0,2300.0,2310.22,2331.45,2350.0,2368.48,2386.8,2392.45,2399.98,2400.0,2400.0,2417.48,2421.73,2474.89,2500.0,2500.0,2517.48,2518.47,2553.4,2553.4,2561.17,2597.8,2599.89,2602.4,2641.45,2642.45,2692.45,2129.0,2189.99,2199.0,2199.0,2200.0,2250.0,2289.0,2289.0,2300.0,2300.0,2300.0,2300.0,2300.0,2350.0,2350.0,2399.0,2400.0,2400.0,2450.0,2450.0,2465.0,2499.0,2499.0,2499.89,2499.99,2500.0,2500.0,2599.0,2600.0,2645.0
2026-09-23 18:01:22,Pokemon Black Bolt ETB (Eng),single,552,136.0,137.18,139.19,128.02,127.67,141.87,142.87,136.0,137.18,139.19,140.19,140.4,141.19,142.19,142.19,143.55,146.07,146.5,147.09,147.09,147.09,147.09,147.99,148.0,148.09,148.55,148.59,149.05,149.29,149.39,149.41,151.39,151.42,151.5,152.14,152.18,152.19,115.95,124.99,125.0,125.0,127.5,128.81,129.0,129.0,129.9,129.95,129.99,130.0,130.0,130.0,130.0,131.99,132.0,133.0,134.0,134.0,134.49,134.95,134.99,135.0,135.0,135.0,139.0,139.9,139.9,139.9
2026-09-23 18:01:22,Pokemon Ascended Heroes ETB (Eng),single,1824,161.0,162.42,166.07,148.75,149.84,168.62,169.03,161.0,162.42,166.07,166.39,167.19,167.42,169.19,170.18,170.99,171.5,171.5,172.19,172.42,172.5,174.55,175.19,176.19,176.42,176.46,176.5,176.55,176.99,177.0,177.19,177.9,177.9,178.47,179.54,179.55,179.55,144.0,145.0,145.0,145.0,149.99,150.0,150.0,150.0,150.0,150.0,152.0,152.95,153.7,154.9,155.0,155.0,155.0,157.0,157.5,158.99,159.0,159.99,159.99,160.0,160.0,160.0,160.0,160.0,160.0,160.0
2026-09-23 18:01:22,Pokemon Ascended Heroes ETB Case (Eng),case,158,1650.0,1650.0,1699.0,1612.22,1644.79,1692.81,1717.83,1650.0,1650.0,1699.0,1711.12,1711.12,1732.45,1741.45,1742.45,1758.25,1782.45,1785.0,1792.45,1792.45,1811.17,1819.0,1819.99,1842.45,1842.45,1845.0,1847.7,1861.16,1883.25,1892.45,1900.0,1947.8,1992.44,1994.89,1996.8,2000.0,2000.0,1550.0,1550.0,1599.0,1649.95,1649.95,1675.0,1685.0,1690.0,1699.0,1700.0,1719.0,1719.99,1740.0,1745.0,1749.9,1750.0,1750.0,1750.0,1799.99,1800.0,1800.0,1800.0,1800.0,1850.0,1850.0,1899.0,1900.0,1900.0,1949.99,1949.99
2026-09-23 18:01:22,Pokemon 30th Celebration ETB (Eng),single,2052,152.5,160.5,160.97,137.06,138.03,163.83,163.49,152.5,160.5,160.97,161.06,164.31,164.31,164.49,164.98,165.22,165.32,165.4,165.42,165.47,165.99,166.42,166.42,167.18,167.42,167.42,167.42,167.49,167.9,167.9,167.9,168.47,169.47,169.47,170.47,170.47,171.46,130.0,130.0,132.5,135.0,135.0,135.0,139.0,139.0,139.0,141.98,142.0,142.99,142.99,143.0,143.0,144.0,144.0,144.9,144.9,144.9,144.9,144.99,144.99,144.99,145.99,147.8,147.9,147.99,148.0,149.0
2026-09-23 18:01:22,Pokemon 30th Celebration Booster Bundle (Eng),single,489,98.82,101.73,105.45,97.84,96.61,113.94,113.21,98.82,101.73,105.45,106.47,107.99,108.9,109.98,117.17,122.5,133.09,133.19,,,,,,,,,,,,,,,,,,,,89.99,89.99,94.93,94.94,94.99,97.95,99.95,99.98,99.99,99.99,100.0,,,,,,,,,,,,,,,,,,,
2026-09-23 18:01:22,Pokemon 30th Celebration Mini Tin Display (Eng),single,90,299.99,305.99,308.9,328.6,333.75,341.97,348.15,299.99,305.99,308.9,312.42,319.5,328.9,335.94,362.0,379.9,388.19,389.98,396.9,397.4,,,,,,,,,,,,,,,,,,274.99,295.0,299.95,299.95,299.98,319.95,324.95,350.0,360.0,374.0,379.98,379.99,380.0,,,,,,,,,,,,,,,,,
2026-09-23 18:01:22,Pokemon Destined Rivals Booster Display (De),single,1298,256.19,261.19,262.19,260.24,261.79,269.78,271.72,256.19,261.19,262.19,266.19,267.19,267.19,268.0,275.09,276.18,276.19,277.19,277.39,281.19,282.18,282.18,282.19,282.19,284.85,285.19,286.68,287.09,287.18,287.18,287.19,287.39,288.38,291.18,292.09,292.17,292.18,245.0,249.0,254.0,255.0,258.0,259.0,260.0,260.0,267.9,268.0,268.99,268.99,269.0,270.0,274.0,274.99,274.99,275.0,275.0,278.0,279.49,279.9,279.9,279.99,279.99,280.0,283.99,284.9,284.98,284.99
2026-09-23 18:01:22,Pokemon Ascended Heroes Mini Tin Display (Eng),single,189,288.67,296.19,307.19,290.99,295.34,315.13,315.35,288.67,296.19,307.19,311.0,311.47,311.5,317.19,319.88,321.38,321.45,321.47,324.49,324.8,326.36,327.18,336.19,337.14,337.18,337.42,338.0,345.99,352.19,359.55,366.45,366.9,368.55,369.55,369.55,386.44,386.99,268.0,280.0,280.0,285.0,287.0,289.0,292.0,295.0,299.89,299.99,300.0,310.0,314.19,314.99,314.99,318.0,319.99,320.0,325.0,329.0,329.95,329.99,340.0,344.99,345.0,349.0,350.0,350.0,350.0,379.8
2026-09-23 18:01:22,Pokemon Ascended Heroes Booster Bundle Display (Eng),case,271,1000.0,1011.7,1049.0,956.0,981.9,1040.17,1075.57,1000.0,1011.7,1049.0,1050.0,1050.0,1075.0,1100.0,1125.0,1145.0,1149.95,1150.0,1150.0,1186.6,1197.8,1199.0,1200.0,1200.0,1200.0,1236.7,1240.99,1284.89,1299.0,1300.0,1300.0,1300.0,1320.0,1336.7,1336.7,1349.0,1350.0,900.0,949.0,950.0,950.0,975.0,975.0,1000.0,1025.0,1045.0,1049.95,1050.0,1050.0,1099.0,1100.0,1100.0,1100.0,1100.0,1149.9,1198.99,1199.0,1200.0,1200.0,1200.0,1200.0,1220.0,1249.0,1250.0,1250.0,1262.0,1279.0
2026-09-23 18:01:22,Pokemon Ascended Heroes Pokemon Center ETB (Eng),single,288,362.75,372.75,375.39,378.37,383.8,402.83,410.32,362.75,372.75,375.39,386.19,386.5,406.18,406.19,413.1,423.73,425.39,427.19,439.54,439.54,439.55,450.85,451.19,451.19,451.19,455.38,457.18,461.5,463.72,467.42,467.69,469.53,472.19,472.5,476.47,497.19,499.55,320.0,330.0,350.0,360.0,365.0,375.0,379.0,398.99,399.0,399.99,400.0,419.99,419.99,420.0,420.0,429.99,440.0,444.0,444.0,444.0,445.9,449.95,449.98,449.99,450.0,450.0,450.0,465.0,480.0,480.0
2026-09-23 18:01:22,Pokemon Ascended Heroes Pokemon Center ETB (De),single,288,167.19,172.19,172.19,161.61,162.12,174.65,175.63,167.19,172.19,172.19,172.19,173.1,173.99,175.18,176.18,177.18,177.19,177.19,177.39,178.9,182.19,182.19,182.19,182.38,183.98,186.19,187.14,187.18,187.19,187.19,192.18,192.69,196.18,196.48,197.14,197.18,197.18,140.0,149.99,154.9,155.0,159.99,160.0,165.0,165.0,165.0,167.99,168.99,169.99,170.0,170.0,170.0,175.0,175.0,175.0,179.0,179.95,179.99,179.99,180.0,180.0,184.99,185.5,189.95,189.99,189.99,189.99
2026-09-23 18:01:22,Pokemon Ascended Heroes ETB (De),single,1824,102.19,112.69,112.69,108.3,107.79,115.49,114.98,102.19,112.69,112.69,113.14,115.18,116.14,116.19,116.19,117.18,117.18,117.18,117.19,117.19,117.19,117.19,117.19,117.19,118.19,118.19,121.04,121.09,121.19,121.19,122.14,122.14,122.17,122.19,122.19,122.19,122.19,95.0,105.5,105.5,105.95,107.99,108.95,109.0,109.0,109.99,109.99,109.99,110.0,110.0,110.0,110.0,110.0,110.0,111.0,111.0,113.85,113.9,114.0,114.0,114.95,114.95,114.98,115.0,115.0,115.0,115.0
2026-09-23 18:01:22,Pokemon Silver Tempest Booster Display (Eng),single,337,396.19,397.17,401.19,395.12,396.19,406.8,410.27,396.19,397.17,401.19,402.19,402.19,406.19,406.19,412.09,412.19,412.19,419.42,419.55,422.09,422.19,423.0,424.08,424.08,424.08,424.08,426.18,427.18,427.18,433.0,434.55,437.19,438.99,439.39,439.55,442.19,442.75,385.0,385.0,389.0,389.98,394.0,395.0,395.0,399.0,399.0,400.0,400.0,400.0,402.0,404.9,405.0,405.0,410.0,414.9,415.0,415.0,416.89,416.89,416.89,416.89,418.99,419.99,419.99,419.99,420.0,420.0
2026-09-23 18:01:22,Pokemon Lost Origin Booster Display (Eng),single,361,612.18,613.68,624.18,612.19,613.89,638.96,643.76,612.18,613.68,624.18,629.18,629.85,634.18,641.1,644.55,654.08,654.55,663.16,663.18,664.13,664.17,664.17,664.55,678.55,678.55,680.18,684.07,689.84,694.07,694.08,694.55,699.0,703.55,704.18,708.76,713.18,713.18,598.0,598.0,599.0,599.5,610.0,615.0,615.0,619.0,619.99,620.0,620.0,620.0,624.9,625.0,625.0,635.0,639.9,640.0,648.98,649.0,649.0,649.0,649.95,649.99,649.99,650.0,650.0,665.0,666.0,669.89
2026-09-23 18:01:22,Pokemon Chilling Reign Booster Display (Eng),single,192,397.18,402.19,406.19,399.12,405.45,416.78,421.08,397.18,402.19,406.19,408.55,417.08,417.5,417.5,419.55,422.5,425.39,431.5,437.09,437.18,437.19,439.55,444.55,444.85,447.19,447.19,447.45,449.55,457.19,459.54,464.55,466.42,469.55,469.55,469.55,469.55,469.55,389.0,389.99,395.0,395.0,395.0,399.0,400.0,400.0,400.0,409.0,409.89,420.0,424.95,425.0,429.9,429.99,430.0,430.0,439.9,439.99,439.99,440.0,440.0,445.0,449.0,450.0,450.0,450.0,450.0,450.0
2026-09-23 18:01:22,Pokemon Crown Zenith ETB (Eng),single,351,296.19,299.55,302.19,290.86,292.79,310.16,311.85,296.19,299.55,302.19,307.19,307.19,307.41,310.39,313.99,314.55,318.39,319.53,319.55,319.55,319.55,322.49,322.5,322.5,322.74,324.99,326.19,326.98,327.14,327.19,327.5,327.5,327.75,329.05,329.41,329.54,332.18,280.0,284.99,285.0,285.0,288.88,289.0,289.99,295.0,295.0,299.0,299.98,299.99,299.99,300.0,300.0,300.0,300.0,300.0,300.0,300.0,300.0,305.0,305.0,305.0,309.5,309.99,315.0,315.0,319.0,319.0
2026-09-23 18:01:22,Pokemon VSTAR Universe Booster Display (Jpn),single,825,167.9,171.18,172.08,164.28,164.08,173.91,174.45,167.9,171.18,172.08,172.08,173.69,174.18,174.18,174.19,174.69,176.19,176.68,177.19,177.19,177.19,178.19,178.98,179.55,182.14,182.18,182.19,182.19,182.19,183.8,185.19,187.19,187.19,188.55,192.09,192.19,192.75,150.0,155.0,160.0,160.0,163.99,164.89,164.89,166.5,166.99,166.99,167.0,167.5,169.0,169.0,169.49,169.99,170.0,170.0,170.0,170.0,171.0,174.95,174.99,174.99,175.0,175.0,175.0,175.0,175.0,175.0
2026-09-23 18:01:22,Pokemon Flareon VMAX Premium Collection EU Version (Eng),single,87,264.39,302.19,304.48,298.74,294.66,308.12,308.66,264.39,302.19,304.48,307.14,307.18,307.19,307.19,307.19,307.5,317.08,317.5,319.55,319.55,319.55,322.19,322.5,327.19,327.19,337.74,347.41,359.54,363.73,368.55,375.72,382.45,413.72,419.54,506.19,507.18,507.18,245.0,285.0,295.0,295.0,299.95,299.99,299.99,300.0,300.0,300.0,300.0,300.0,300.0,300.0,300.0,307.8,309.89,315.0,320.0,320.0,329.99,339.99,349.0,349.99,350.0,359.95,399.99,499.0,499.99,499.99
2026-09-23 18:01:22,Pokemon Jolteon VMAX Premium Collection EU Version (Eng),single,85,287.19,292.19,293.98,293.07,293.97,301.15,303.85,287.19,292.19,293.98,294.99,297.17,302.09,302.19,304.48,307.14,307.18,307.19,309.39,317.08,317.09,318.39,322.19,322.19,339.55,347.41,363.73,367.73,368.55,373.73,375.72,382.45,399.54,413.72,419.54,506.19,507.18,280.0,285.0,287.99,289.98,290.0,290.0,294.9,295.0,297.7,299.0,299.95,299.99,299.99,300.0,300.0,309.89,310.0,315.0,315.0,320.0,329.99,349.0,349.99,349.99,350.0,359.95,379.99,399.99,499.0,499.99
2026-09-23 18:01:22,Pokemon Vaporeon VMAX Premium Collection EU Version (Eng),single,72,319.19,322.19,327.14,320.95,327.57,331.7,340.98,319.19,322.19,327.14,327.18,327.19,327.19,328.39,337.19,337.19,342.09,352.08,357.18,357.19,369.55,383.73,387.41,406.19,413.72,418.55,419.54,419.54,422.45,425.72,457.18,506.19,507.18,519.39,850.0,950.0,954.55,309.0,312.0,315.0,319.95,319.99,320.0,320.0,320.0,322.7,330.0,330.0,344.89,349.99,349.99,350.0,350.0,369.99,399.0,399.0,399.95,399.99,399.99,400.0,449.99,499.0,499.99,500.0,750.0,850.0,890.0
2026-09-23 18:01:22,Pokemon Celebrations ETB (De),single,398,292.19,297.19,307.19,312.25,311.87,322.22,321.47,292.19,297.19,307.19,319.39,321.19,322.19,326.19,327.19,327.19,327.19,327.19,327.19,332.18,332.18,336.18,337.18,337.18,337.19,339.39,348.1,356.19,357.18,357.19,357.19,360.69,365.19,367.18,376.49,377.19,379.34,285.0,290.0,300.0,300.0,310.0,314.0,315.0,319.0,320.0,320.0,320.0,320.0,320.0,320.0,324.99,324.99,328.99,329.99,329.99,330.0,349.0,349.99,350.0,350.0,353.5,358.0,359.95,359.99,370.0,371.5
2026-09-23 18:01:22,Pokemon Champions Path ETB (Eng),single,180,146.19,146.19,147.17,144.25,145.4,152.56,153.61,146.19,146.19,147.17,147.19,152.19,152.19,155.18,155.19,155.19,156.19,157.18,157.18,157.19,157.19,162.5,163.6,164.99,166.19,166.98,167.19,167.19,169.38,172.19,174.24,176.19,177.19,177.19,179.55,183.1,184.97,139.0,139.0,139.98,140.0,140.0,145.0,145.0,147.99,148.0,148.0,149.0,149.99,149.99,149.99,150.0,150.0,150.0,150.0,159.0,159.0,159.99,160.0,160.0,160.0,164.75,165.0,169.0,169.0,169.95,170.0
2026-09-23 18:01:22,Pokemon Tag Team Pikachu & Zekrom GX Premium Collection (Eng),single,36,285.98,287.19,292.19,298.11,304.99,313.09,319.28,285.98,287.19,292.19,297.14,314.54,316.37,317.19,319.55,322.19,325.55,326.42,337.5,342.74,347.5,357.19,369.54,371.49,377.19,406.98,422.19,425.47,425.72,454.48,506.19,506.19,523.0,650.0,700.0,1014.18,,279.99,280.0,285.0,289.9,289.95,294.99,300.0,306.0,309.0,310.0,315.0,315.0,325.0,325.0,349.99,349.99,350.0,370.0,399.0,399.99,400.0,415.0,449.99,499.0,499.0,500.0,550.0,600.0,1000.0,
2026-09-23 18:01:22,Pokemon Tag Team Reshiram & Charizard GX Premium Collection (Eng),single,29,296.19,297.18,297.19,307.24,309.86,320.13,323.66,296.19,297.18,297.19,319.39,319.55,323.17,324.16,325.19,326.19,326.19,329.54,335.39,341.47,344.55,349.54,369.39,371.48,396.19,404.48,406.19,407.19,417.74,650.0,773.0,2214.13,,,,,,289.0,289.99,290.0,300.0,300.0,309.99,310.0,315.0,315.98,316.97,318.0,319.0,319.0,325.0,329.99,349.98,350.0,389.0,399.0,399.99,400.0,400.0,550.0,750.0,2199.95,,,,,
2026-09-23 18:01:22,Pokemon VMAX Climax Booster Display (Jpn),single,192,157.19,162.19,162.19,158.75,159.36,167.69,168.8,157.19,162.19,162.19,167.19,167.19,167.19,167.19,167.19,171.17,172.19,172.19,173.19,174.38,175.18,176.19,176.19,177.19,177.99,180.89,182.49,183.05,184.55,185.7,187.18,187.19,187.47,187.5,188.0,189.39,192.74,150.0,154.99,155.0,155.0,159.99,160.0,160.0,160.0,160.0,160.0,160.0,162.9,163.5,163.98,165.0,165.0,165.0,165.0,165.0,165.0,166.0,167.99,169.0,169.0,169.9,169.99,170.0,170.0,170.0,170.0
2026-09-23 18:01:22,Pokemon Battle Region Booster Display (Jpn),single,90,79.09,80.18,82.18,73.98,75.25,86.71,89.13,79.09,80.18,82.18,83.1,84.19,85.99,86.18,87.08,92.47,92.47,93.05,94.38,96.47,96.99,103.1,104.29,105.82,106.47,106.99,107.18,107.19,108.1,109.29,111.87,113.09,113.1,113.47,117.46,117.47,117.47,69.0,70.0,70.0,71.9,72.99,74.99,74.99,75.0,75.0,77.0,78.99,79.0,79.89,79.95,79.99,80.0,80.0,84.9,89.0,89.34,89.9,90.0,95.0,96.0,99.0,99.98,99.99,99.99,100.0,100.0
2026-09-23 18:01:22,Pokemon Clay Burst Booster Display (Jpn),single,293,88.98,91.19,92.08,84.73,85.19,93.42,95.27,88.98,91.19,92.08,92.17,92.19,92.19,93.09,93.97,95.19,96.47,97.19,99.19,100.99,101.99,102.19,104.38,106.47,106.48,107.19,109.25,110.35,112.37,112.98,112.98,113.1,113.47,115.08,117.09,117.18,117.46,79.0,79.99,84.0,84.0,84.89,84.98,84.99,84.99,85.0,85.0,85.0,88.0,88.98,89.0,90.0,90.0,90.0,92.0,93.16,94.9,95.0,95.0,96.0,99.88,99.88,99.99,100.0,100.0,100.0,105.0
2026-09-23 18:01:22,Pokemon Fusion Strike Booster Display (Eng),single,212,791.18,793.18,794.18,798.5,809.26,831.39,842.99,791.18,793.18,794.18,814.17,828.55,829.55,829.55,833.18,859.5,862.41,864.08,869.55,888.55,893.1,894.18,895.0,899.55,904.18,914.08,914.17,914.18,914.18,914.18,923.72,925.0,929.54,929.9,947.8,947.8,950.0,777.0,779.0,780.0,795.0,795.0,799.0,799.99,800.0,800.0,819.0,825.0,829.95,840.0,849.9,850.0,850.0,850.0,850.0,850.0,859.0,859.99,870.0,880.0,890.0,895.0,895.99,899.0,899.9,899.9,899.99
2026-09-23 18:01:22,Pokemon Astral Radiance Booster Display (Eng),single,277,351.19,352.19,357.18,350.5,352.79,368.34,371.81,351.19,352.19,357.18,357.19,362.19,366.19,369.55,375.39,379.5,379.55,382.5,384.55,385.49,386.37,388.1,392.75,395.47,402.19,407.18,407.19,407.19,408.55,412.72,417.19,422.19,422.98,432.19,437.18,443.72,451.63,344.0,345.0,348.99,349.99,350.0,350.0,350.0,350.0,350.0,355.0,359.0,359.9,359.95,360.0,360.0,362.99,365.0,369.0,379.99,389.0,395.0,399.98,399.99,400.0,400.0,410.0,415.0,425.0,429.99,444.44
2026-09-23 18:01:22,Pokemon Lost Origin ETB (Eng),single,302,189.55,192.19,194.19,185.75,186.92,199.9,201.2,189.55,192.19,194.19,197.18,197.42,197.55,202.08,202.09,202.5,206.19,206.89,207.18,207.19,207.19,208.55,209.55,211.47,212.19,212.41,214.89,216.18,217.19,217.19,217.5,217.5,218.39,219.5,219.54,221.69,222.08,170.0,178.0,180.0,180.0,185.0,185.0,187.0,189.0,189.99,190.0,190.0,194.89,194.9,194.99,195.0,195.0,199.0,199.0,199.0,199.95,199.99,199.99,199.99,199.99,200.0,200.0,205.0,205.0,208.99,209.9
2026-09-23 18:01:22,Pokemon Crown Zenith Galarian Articuno Tin US Version (Eng),single,25,143.1,144.06,151.63,144.69,149.9,161.96,164.73,143.1,144.06,151.63,154.5,157.19,157.19,161.47,167.19,172.5,173.99,176.19,177.18,177.18,178.09,179.55,207.18,207.19,442.75,,,,,,,,,,,,,130.0,132.0,133.06,135.0,144.44,144.99,149.99,150.0,150.0,150.0,160.0,160.0,169.0,169.99,169.99,199.99,200.0,400.0,,,,,,,,,,,,
2026-09-23 18:01:22,Pokemon Crown Zenith Galarian Zapdos Tin US Version (Eng),single,27,133.1,136.18,137.18,131.94,136.96,148.0,152.03,133.1,136.18,137.18,144.08,146.49,147.1,149.1,151.63,152.19,156.19,157.18,157.19,163.09,172.5,177.18,207.18,227.19,442.75,,,,,,,,,,,,,114.0,116.0,120.0,123.99,128.99,129.99,129.99,133.08,144.44,145.0,149.0,149.99,150.0,150.0,169.99,199.99,220.0,400.0,,,,,,,,,,,,
2026-09-23 18:01:22,Pokemon Crown Zenith Galarian Moltres Tin US Version (Eng),single,21,155.0,157.19,157.19,151.62,172.26,168.32,192.07,155.0,157.19,157.19,159.1,162.75,167.18,168.49,172.5,177.18,182.18,183.09,186.47,202.75,207.18,442.75,,,,,,,,,,,,,,,,120.0,145.99,146.0,147.0,149.99,150.0,150.0,150.0,159.99,160.0,160.0,169.99,174.99,199.99,400.0,,,,,,,,,,,,,,,
2026-09-23 18:01:22,Pokemon 151 Zapdos ex Collection (Eng),single,211,122.18,124.19,126.19,117.49,118.91,133.97,135.82,122.18,124.19,126.19,126.19,132.1,134.39,137.18,138.05,138.73,138.93,142.42,143.04,143.05,143.09,147.5,147.5,147.74,152.5,157.18,157.19,162.75,163.1,163.1,168.0,172.49,172.5,197.5,222.5,233.05,257.18,99.0,105.83,109.99,114.99,115.0,117.0,119.0,119.0,120.0,124.95,125.0,125.0,129.0,129.94,129.95,129.99,130.0,130.0,130.0,134.9,149.99,149.99,150.0,150.0,150.0,150.0,175.0,199.95,200.0,249.99
2026-09-23 18:01:22,Pokemon 151 UPC (Eng),single,398,685.68,685.68,694.94,706.87,709.66,722.37,727.24,685.68,685.68,694.94,714.94,715.68,715.68,730.68,735.67,735.68,735.68,735.68,745.68,755.68,760.63,760.68,760.68,765.68,784.55,789.68,795.68,804.55,804.85,813.68,814.68,814.68,820.19,825.0,825.68,829.55,829.55,670.0,670.0,679.99,699.99,700.0,700.0,715.0,719.99,720.0,720.0,720.0,725.0,730.0,735.0,740.0,740.0,744.95,745.0,745.0,749.0,750.0,755.0,770.0,774.0,775.0,775.0,780.0,780.0,780.0,785.0
2026-09-23 18:01:22,Pokemon 151 UPC (De),single,398,645.67,655.68,655.68,659.98,671.25,675.66,686.93,645.67,655.68,655.68,660.67,665.58,665.68,665.68,675.63,705.67,710.67,715.63,715.67,715.68,715.68,734.68,740.58,744.68,765.63,805.9,805.9,805.9,812.98,815.17,815.67,815.67,815.68,895.68,898.95,899.0,915.67,629.99,640.0,640.0,644.99,649.9,650.0,650.0,659.95,689.99,694.99,699.95,699.99,700.0,700.0,719.0,724.9,729.0,749.95,798.95,799.0,799.49,799.99,799.99,799.99,800.0,800.0,800.0,800.0,849.99,850.0
2026-09-23 18:01:22,Pokemon 151 Booster Display (Jpn),single,574,237.18,242.18,246.19,241.74,243.51,255.59,256.62,237.18,242.18,246.19,247.18,252.94,257.19,259.55,259.55,260.98,261.12,262.94,264.55,264.55,265.99,267.17,267.18,267.19,269.55,270.99,271.19,272.18,273.19,274.55,275.18,276.19,276.19,277.18,277.18,279.54,280.98,229.99,234.99,239.0,239.95,239.99,240.0,240.0,245.0,245.0,245.0,249.95,250.0,250.0,250.0,253.79,254.99,255.0,255.0,259.98,259.99,259.99,259.99,260.0,260.0,264.0,264.99,265.0,265.0,266.0,267.99
2026-09-23 18:01:22,Pokemon Paradigm Trigger Booster Display (Jpn),single,179,127.09,129.14,129.18,120.73,121.18,132.19,133.54,127.09,129.14,129.18,129.19,129.19,132.09,132.47,133.1,136.09,136.18,137.18,137.19,137.47,138.1,139.39,140.14,141.19,142.89,143.0,143.98,147.09,147.19,147.42,148.0,151.42,152.19,152.99,153.1,156.19,156.19,115.0,115.0,119.9,120.0,120.0,120.0,120.0,121.95,121.99,122.0,122.0,124.9,124.9,125.0,125.0,128.9,128.99,129.99,130.0,130.0,132.95,134.0,134.0,135.0,139.9,139.99,139.99,140.0,140.0,140.0
2026-09-23 18:01:22,Pokemon Star Birth Booster Display (Jpn),single,114,122.19,127.19,127.19,124.43,125.96,132.31,134.76,122.19,127.19,127.19,129.19,131.19,132.18,132.19,133.14,136.19,137.18,138.98,142.14,143.09,144.18,145.18,145.9,146.18,146.19,147.19,147.5,149.19,152.99,156.19,157.19,157.19,157.47,159.39,161.47,164.48,166.47,115.0,120.0,120.0,122.0,124.0,124.99,125.0,125.0,125.95,128.48,129.0,129.99,129.99,134.95,134.99,135.0,136.99,137.99,138.99,139.0,140.0,140.0,140.0,142.0,144.0,149.0,149.0,150.0,150.0,150.0
2026-09-23 18:01:22,Pokemon Violet ex Booster Display (Jpn),single,226,73.68,74.18,74.19,69.12,69.86,77.22,79.73,73.68,74.18,74.19,76.18,77.18,77.18,77.18,77.19,78.98,79.69,83.18,85.38,87.18,87.18,87.47,88.09,90.1,91.98,91.98,91.99,93.05,93.88,94.24,94.53,94.88,95.08,95.89,96.79,96.89,97.19,65.99,66.49,66.99,67.0,68.99,69.99,69.99,69.99,69.99,70.0,70.0,70.0,72.5,74.99,75.0,75.99,77.0,77.54,78.88,78.88,78.9,79.9,79.95,79.99,79.99,79.99,80.0,80.0,80.0,87.89
2026-09-23 18:01:22,Pokemon Brilliant Stars Booster Display (De),single,226,342.18,342.19,344.09,339.84,344.51,348.9,356.14,342.18,342.19,344.09,344.19,344.39,344.85,347.14,352.14,357.18,357.19,357.19,357.19,378.73,386.19,387.19,404.89,407.18,446.19,454.97,456.69,486.19,489.39,502.19,503.17,506.19,506.87,507.09,507.18,519.38,519.39,315.0,325.0,334.99,335.0,336.9,337.0,339.9,339.95,344.95,349.99,350.0,350.0,350.0,379.0,380.0,399.9,399.99,439.0,449.5,449.99,470.0,479.0,495.0,495.98,499.0,499.68,499.9,499.99,499.99,500.0
2026-09-23 18:01:22,Pokemon Lost Origin Booster Display (De),single,361,372.19,374.19,375.85,371.22,376.64,379.61,385.87,372.19,374.19,375.85,375.89,376.18,377.19,380.19,382.18,382.19,387.19,387.19,402.18,403.09,406.13,406.19,406.19,406.89,407.18,407.19,428.73,432.19,436.19,456.18,457.17,457.18,457.19,457.19,462.89,487.14,489.39,365.0,365.0,367.0,368.99,369.9,370.0,370.9,373.0,374.99,375.0,380.0,380.0,394.99,395.9,398.94,399.0,399.0,399.99,400.0,401.9,425.0,429.0,448.99,449.98,449.99,449.99,450.0,450.0,470.0,475.0
2026-09-23 18:01:22,Pokemon Twilight Masquerade Booster Display (De),single,267,257.19,267.19,269.34,268.94,276.38,276.4,284.24,257.19,267.19,269.34,270.09,272.08,272.14,276.19,277.19,287.07,287.09,302.13,304.98,306.87,306.87,307.18,407.18,1014.17,,,,,,,,,,,,,,249.95,250.0,260.0,262.9,264.89,264.95,269.0,270.0,279.88,279.9,294.94,299.68,299.68,299.99,299.99,399.99,999.99,,,,,,,,,,,,,
2026-09-23 18:01:22,Pokemon Prismatic Evolutions Mini Tin Display (Eng),single,333,263.69,264.55,267.99,249.28,250.98,273.5,275.09,263.69,264.55,267.99,269.44,270.91,272.5,275.8,276.45,277.19,277.75,279.55,281.0,282.18,282.5,284.85,286.18,286.19,286.5,286.68,287.18,287.19,289.54,292.19,292.74,297.17,297.19,297.45,299.5,301.44,302.5,235.0,235.0,244.44,245.0,249.89,249.99,249.99,250.0,250.0,254.9,256.5,259.99,260.0,260.0,264.0,269.99,270.0,274.99,278.99,279.0,279.49,279.9,279.9,279.95,279.99,280.0,280.0,285.0,289.0,289.95
2026-09-23 18:01:22,Pokemon Prismatic Evolutions Booster Bundle Display (Eng),case,197,1042.06,1056.5,1191.5,1116.0,1158.1,1183.67,1213.61,1042.06,1056.5,1191.5,1236.7,1250.0,1250.68,1265.58,1271.7,1285.7,1285.7,1293.86,1295.89,1296.86,1300.0,1310.73,1346.8,1346.8,1350.0,1361.7,1365.56,1386.7,1400.0,1400.0,1400.0,1415.67,1415.67,1415.68,1447.8,1447.8,1450.0,999.99,1000.0,1125.0,1150.0,1189.0,1200.0,1200.0,1235.0,1235.0,1247.0,1249.0,1249.0,1249.0,1249.0,1249.9,1250.0,1250.0,1290.0,1300.0,1300.0,1300.0,1325.0,1349.88,1350.0,1350.0,1350.0,1350.0,1399.99,1399.99,1400.0
2026-09-23 18:01:22,Pokemon Prismatic Evolutions ETB (De),single,2242,154.19,156.18,157.19,154.37,157.46,163.21,166.12,154.19,156.18,157.19,160.19,160.19,162.18,162.19,164.39,167.19,172.19,172.19,172.19,177.09,177.14,177.18,177.19,179.39,182.19,182.19,183.8,187.18,187.18,187.19,187.19,187.19,187.19,194.38,194.39,196.87,197.18,145.0,147.0,148.99,150.0,153.0,153.0,154.99,155.0,160.0,160.0,165.0,165.0,165.0,169.9,169.95,169.99,170.0,174.9,174.99,175.0,175.0,175.0,179.99,179.99,180.0,180.0,180.0,180.0,180.0,189.68
2026-09-23 18:01:22,Pokemon Prismatic Evolutions ETB (Eng),single,2242,169.19,171.06,172.19,160.0,161.33,175.31,176.08,169.19,171.06,172.19,174.0,174.19,174.55,175.19,177.19,177.19,178.0,179.54,179.55,179.55,179.55,180.19,182.19,184.55,184.85,184.97,185.5,187.41,187.42,188.5,188.5,189.39,189.5,189.54,189.55,189.55,189.55,154.99,155.0,155.0,159.99,160.0,160.0,160.0,160.0,162.0,163.0,165.0,165.0,166.0,167.0,167.0,168.0,168.0,168.95,169.99,169.99,170.0,170.0,170.0,170.0,170.0,170.0,170.0,170.0,170.0,173.0
2026-09-23 18:01:22,Prismatic Evolutions Super-Premium Collection (Eng),single,1604,280.98,284.55,284.72,269.11,270.25,287.69,288.72,280.98,284.55,284.72,284.77,287.77,287.89,288.69,288.69,289.49,289.5,289.55,290.55,294.5,294.55,294.55,294.55,294.76,294.77,295.94,298.55,302.5,302.9,304.05,304.77,305.99,308.54,308.69,308.69,312.5,312.75,264.95,265.0,265.0,268.0,269.94,269.95,270.0,270.0,270.0,270.0,271.0,274.99,274.99,275.0,275.0,275.0,275.0,279.0,279.9,279.95,280.0,280.0,280.0,284.5,285.0,285.0,288.99,289.0,290.0,290.0
2026-09-23 18:01:22,Prismatic Evolutions Super-Premium Collection (De),single,1604,203.69,208.64,208.67,201.47,201.78,211.32,211.95,203.69,208.64,208.67,208.69,208.69,211.64,211.9,213.58,213.68,213.69,213.69,214.69,215.68,215.69,216.69,217.69,218.44,218.59,218.59,218.64,218.64,218.68,218.69,218.69,218.69,218.69,218.69,218.69,220.9,223.69,190.0,195.0,199.0,199.95,199.98,200.0,200.0,202.95,204.89,204.99,205.0,205.0,206.0,206.99,207.0,208.0,209.0,209.75,209.9,209.9,209.95,209.95,209.99,210.0,210.0,210.0,210.0,210.0,210.0,210.0
2026-09-23 18:01:22,Pokemon Black Bolt & White Flare Unova Mini Tin Display (Eng),single,111,237.19,240.19,242.09,236.54,239.15,247.84,252.4,237.19,240.19,242.09,242.19,243.19,247.09,248.5,251.48,251.98,256.19,257.19,265.47,266.36,267.42,269.54,269.94,271.89,286.99,287.18,294.55,298.33,299.5,302.14,306.87,307.17,307.7,407.19,507.19,614.17,1014.17,224.0,230.0,233.0,234.6,234.9,235.0,236.0,239.0,239.89,239.9,245.99,245.99,249.0,249.99,249.99,250.0,250.0,259.99,264.95,275.0,279.8,279.95,279.99,294.95,299.68,299.98,400.0,500.0,599.99,999.99
2026-09-23 18:01:22,Pokemon Lost Abyss Booster Display (Jpn),single,124,216.69,217.18,217.47,221.87,224.23,236.52,238.82,216.69,217.18,217.47,232.19,234.55,237.18,241.19,242.19,243.0,244.39,249.38,249.55,250.0,252.19,255.19,257.14,257.18,264.55,272.19,283.73,289.19,297.18,306.19,307.17,307.18,307.18,307.19,313.73,318.1,319.38,200.0,209.5,209.99,215.0,220.0,220.0,225.0,225.0,229.99,229.99,230.0,234.0,235.0,235.0,245.0,245.0,248.0,249.95,249.99,250.0,265.0,280.0,282.0,289.0,289.99,289.99,293.9,299.0,299.0,299.98
2026-09-23 18:01:22,Pokemon Terastal Festival ex Booster Display (Jpn),single,1050,107.18,107.19,107.46,95.98,96.45,111.58,112.7,107.18,107.19,107.46,107.9,109.19,112.19,112.45,113.05,114.37,115.99,115.99,116.45,116.99,116.99,117.14,117.18,117.47,117.5,121.18,121.39,121.99,122.18,122.19,122.5,122.99,122.99,122.99,123.0,123.09,123.1,89.0,89.99,89.99,94.0,95.0,95.0,96.9,98.98,99.0,99.0,99.95,99.99,100.0,100.0,100.0,100.0,100.0,100.0,102.0,102.0,104.0,105.0,105.0,105.0,105.0,105.0,105.26,109.95,109.99,109.99
2026-09-24 06:01:34,Pokemon Destined Rivals Booster Display (Eng),single,1298,352.19,359.5,364.19,348.48,348.61,371.01,370.07,352.19,359.5,364.19,367.4,372.19,372.19,372.3,372.9,373.0,373.9,373.9,373.9,374.39,374.55,374.55,375.19,375.39,376.19,376.47,377.19,378.9,379.99,380.5,381.5,382.19,382.42,382.49,383.1,383.5,383.55,336.5,344.9,345.0,345.0,349.0,349.0,349.8,350.0,350.0,350.0,350.0,350.0,350.0,355.0,355.0,355.0,357.0,359.0,359.99,360.0,360.0,360.0,360.0,360.0,360.0,361.0,364.0,364.97,365.0,365.0
2026-09-24 06:01:34,Pokemon Destined Rivals Booster Display Case (Eng),case,187,2241.45,2250.73,2289.99,2197.0,2234.5,2284.93,2312.81,2241.45,2250.73,2289.99,2299.0,2300.0,2310.22,2331.45,2350.0,2368.48,2386.8,2392.45,2399.98,2400.0,2400.0,2417.48,2421.73,2450.0,2468.47,2474.89,2500.0,2517.48,2518.47,2553.4,2553.4,2561.17,2597.8,2599.89,2602.4,2641.45,2642.45,2129.0,2189.99,2199.0,2199.0,2200.0,2250.0,2289.0,2289.0,2300.0,2300.0,2300.0,2300.0,2300.0,2350.0,2350.0,2350.0,2399.0,2400.0,2449.99,2450.0,2450.0,2465.0,2499.0,2499.0,2499.89,2499.99,2500.0,2500.0,2599.0,2600.0
2026-09-24 06:01:34,Pokemon Black Bolt ETB (Eng),single,552,132.09,136.0,137.18,124.99,125.57,140.37,141.1,132.09,136.0,137.18,139.19,140.19,140.4,141.1,141.19,141.5,142.19,142.19,143.55,146.07,146.5,147.09,147.09,147.09,147.42,147.5,147.99,148.0,148.09,148.55,148.59,149.05,149.29,149.39,149.99,151.39,151.42,115.95,120.0,120.0,124.9,124.99,125.0,125.0,125.0,127.5,127.5,128.81,129.0,129.9,129.95,129.99,130.0,130.0,130.0,130.0,130.0,132.0,133.0,134.0,134.0,134.49,134.95,134.99,135.0,135.0,135.0
2026-09-24 06:01:34,Pokemon Ascended Heroes ETB (Eng),single,1794,162.42,162.42,165.97,148.11,149.16,168.75,169.7,162.42,162.42,165.97,166.07,166.39,167.42,170.18,170.99,171.5,171.5,172.19,172.5,174.55,175.19,176.19,176.42,176.46,176.5,176.55,176.99,177.0,177.19,177.5,177.9,177.9,178.47,179.54,179.55,179.55,179.55,144.0,145.0,145.0,145.0,145.0,149.9,149.99,150.0,150.0,150.0,150.0,152.0,152.95,153.7,154.9,155.0,155.0,155.0,157.0,157.5,158.98,158.99,159.0,159.99,160.0,160.0,160.0,160.0,160.0,160.0
2026-09-24 06:01:34,Pokemon Ascended Heroes ETB Case (Eng),case,152,1650.0,1650.0,1699.0,1612.22,1644.79,1692.81,1717.83,1650.0,1650.0,1699.0,1711.12,1711.12,1732.45,1741.45,1742.45,1758.25,1782.45,1785.0,1792.45,1792.45,1811.17,1819.0,1819.99,1842.45,1842.45,1845.0,1847.7,1861.16,1883.25,1892.45,1900.0,1947.8,1992.44,1994.89,1996.8,2000.0,2000.0,1550.0,1550.0,1599.0,1649.95,1649.95,1675.0,1685.0,1690.0,1699.0,1700.0,1719.0,1719.99,1740.0,1745.0,1749.9,1750.0,1750.0,1750.0,1799.99,1800.0,1800.0,1800.0,1800.0,1850.0,1850.0,1899.0,1900.0,1900.0,1949.99,1949.99
2026-09-24 06:01:34,Pokemon 30th Celebration ETB (Eng),single,2052,152.5,162.12,164.31,136.38,137.98,165.85,165.3,152.5,162.12,164.31,164.31,165.42,166.06,166.42,166.42,166.47,167.42,167.42,167.42,167.42,167.9,167.9,167.9,168.47,169.47,169.47,170.47,170.47,171.46,171.46,171.5,171.5,171.9,172.0,172.19,172.5,172.74,129.99,130.0,130.0,135.0,135.0,135.0,135.0,139.0,140.0,142.0,143.0,143.0,144.0,144.0,144.7,144.9,144.9,144.9,144.99,144.99,147.99,148.0,149.0,149.0,149.0,149.5,149.9,149.99,149.99,149.99
2026-09-24 06:01:34,Pokemon 30th Celebration Booster Bundle (Eng),single,489,96.99,97.19,98.82,92.85,93.84,104.54,109.43,96.99,97.19,98.82,101.73,101.95,104.98,105.45,106.47,107.99,108.9,109.98,117.17,122.5,128.19,133.09,133.19,,,,,,,,,,,,,,,79.99,84.95,89.99,89.99,89.99,90.0,94.93,94.94,94.99,97.95,99.95,99.98,99.99,99.99,99.99,100.0,,,,,,,,,,,,,,
2026-09-24 06:01:34,Pokemon 30th Celebration Mini Tin Display (Eng),single,90,299.99,305.99,308.9,323.1,333.48,335.32,347.21,299.99,305.99,308.9,312.42,319.5,328.9,334.98,335.94,362.0,379.9,388.19,389.98,396.9,397.4,,,,,,,,,,,,,,,,,274.99,295.0,299.95,299.95,299.98,319.95,324.95,329.99,350.0,360.0,374.0,379.98,379.99,380.0,,,,,,,,,,,,,,,,
2026-09-24 06:01:34,Pokemon Destined Rivals Booster Display (De),single,1298,266.19,267.19,267.19,265.36,266.66,275.55,276.96,266.19,267.19,267.19,268.0,275.09,276.18,277.19,277.39,281.19,282.18,282.18,282.19,282.19,284.85,285.19,286.68,287.09,287.18,287.18,287.19,287.39,288.38,291.18,292.09,292.17,292.18,296.19,296.19,297.18,297.19,245.0,258.0,259.0,260.0,260.0,267.9,268.0,268.99,268.99,270.0,274.0,274.99,274.99,275.0,275.0,278.0,279.49,279.9,279.9,279.99,279.99,280.0,283.99,284.9,284.98,284.99,289.0,289.0,289.99,290.0
2026-09-24 06:01:34,Pokemon Ascended Heroes Mini Tin Display (Eng),single,183,288.67,296.19,307.19,290.98,294.33,314.89,314.84,288.67,296.19,307.19,311.0,311.47,311.5,317.19,319.5,319.88,321.38,321.45,321.47,324.49,324.8,326.36,327.18,336.19,337.14,337.18,337.42,338.0,345.99,352.19,359.55,366.45,366.9,368.55,369.55,369.55,386.44,268.0,280.0,280.0,285.0,287.0,289.0,292.0,295.0,299.89,299.95,299.99,300.0,310.0,314.19,314.99,314.99,318.0,319.99,320.0,325.0,329.0,329.95,329.99,340.0,344.99,345.0,349.0,350.0,350.0,350.0
2026-09-24 06:01:34,Pokemon Ascended Heroes Booster Bundle Display (Eng),case,253,900.0,1000.0,1011.7,937.25,956.9,1027.67,1050.57,900.0,1000.0,1011.7,1049.0,1050.0,1050.0,1075.0,1100.0,1125.0,1145.0,1149.95,1150.0,1150.0,1186.6,1197.8,1199.0,1200.0,1200.0,1200.0,1236.7,1240.99,1284.89,1299.0,1300.0,1300.0,1300.0,1320.0,1336.7,1336.7,1349.0,800.0,900.0,949.0,950.0,950.0,975.0,975.0,1000.0,1025.0,1045.0,1049.95,1050.0,1050.0,1099.0,1100.0,1100.0,1100.0,1100.0,1149.9,1198.99,1199.0,1200.0,1200.0,1200.0,1200.0,1220.0,1249.0,1250.0,1250.0,1262.0
2026-09-24 06:01:34,Pokemon Ascended Heroes Pokemon Center ETB (Eng),single,302,362.75,372.75,375.39,378.37,383.8,402.83,410.32,362.75,372.75,375.39,386.19,386.5,406.18,406.19,413.1,423.73,425.39,427.19,439.54,439.54,439.55,450.85,451.19,451.19,451.19,455.38,457.18,461.5,463.72,467.42,467.69,469.53,472.19,472.5,476.47,497.19,499.55,320.0,330.0,350.0,360.0,365.0,375.0,379.0,398.99,399.0,399.99,400.0,419.99,419.99,420.0,420.0,429.99,440.0,444.0,444.0,444.0,445.9,449.95,449.98,449.99,450.0,450.0,450.0,465.0,480.0,480.0
2026-09-24 06:01:34,Pokemon Ascended Heroes Pokemon Center ETB (De),single,302,167.19,172.19,172.19,161.61,162.12,174.65,175.63,167.19,172.19,172.19,172.19,173.1,173.99,175.18,176.18,177.18,177.19,177.19,177.39,178.9,182.19,182.19,182.19,182.38,183.98,186.19,187.18,187.19,187.19,192.18,192.69,196.18,196.48,197.14,197.18,197.18,197.19,140.0,149.99,154.9,155.0,159.99,160.0,165.0,165.0,165.0,167.99,168.99,169.99,170.0,170.0,170.0,175.0,175.0,175.0,179.0,179.99,179.99,180.0,180.0,184.99,185.5,189.95,189.99,189.99,189.99,189.99
2026-09-24 06:01:34,Pokemon Ascended Heroes ETB (De),single,1794,112.69,113.14,115.18,109.36,109.09,116.55,116.28,112.69,113.14,115.18,116.14,116.19,116.19,117.18,117.18,117.18,117.18,117.19,117.19,117.19,117.19,117.19,117.19,118.19,118.19,121.04,121.09,121.19,121.19,122.14,122.14,122.17,122.19,122.19,122.19,122.19,122.19,105.5,105.95,107.99,108.95,109.0,109.0,109.99,109.99,109.99,109.99,110.0,110.0,110.0,110.0,110.0,110.0,111.0,111.0,113.85,113.9,114.0,114.0,114.95,114.95,114.98,115.0,115.0,115.0,115.0,115.0
2026-09-24 06:01:34,Pokemon Silver Tempest Booster Display (Eng),single,317,396.19,397.17,401.19,395.12,396.19,406.8,410.27,396.19,397.17,401.19,402.19,402.19,406.19,406.19,412.09,412.19,412.19,419.42,419.55,422.09,422.19,423.0,424.08,424.08,424.08,424.08,426.18,427.18,427.18,433.0,434.55,434.55,437.19,438.99,439.39,439.55,442.19,385.0,385.0,389.0,389.98,394.0,395.0,395.0,399.0,399.0,400.0,400.0,400.0,402.0,404.9,405.0,405.0,410.0,414.9,415.0,415.0,415.0,416.89,416.89,416.89,416.89,418.99,419.99,419.99,419.99,420.0
2026-09-24 06:01:34,Pokemon Lost Origin Booster Display (Eng),single,362,612.18,613.68,624.18,612.19,613.89,638.96,643.76,612.18,613.68,624.18,629.18,629.85,634.18,641.1,644.55,654.08,654.55,663.16,663.18,664.13,664.17,664.17,664.55,678.55,678.55,680.18,684.07,689.84,694.07,694.08,694.55,699.0,703.55,704.18,708.76,713.18,713.18,598.0,598.0,599.0,599.5,610.0,615.0,615.0,619.0,619.99,620.0,620.0,620.0,624.9,625.0,625.0,635.0,639.9,640.0,648.98,649.0,649.0,649.0,649.95,649.99,649.99,650.0,650.0,665.0,666.0,669.89
2026-09-24 06:01:34,Pokemon Chilling Reign Booster Display (Eng),single,192,402.19,406.19,408.55,400.99,408.12,419.95,424.23,402.19,406.19,408.55,417.08,417.5,417.5,419.55,422.5,425.39,431.5,437.09,437.18,437.19,439.55,444.55,444.85,447.19,447.45,449.55,457.19,459.54,464.55,466.42,469.55,469.55,469.55,469.55,469.55,471.85,490.0,389.0,395.0,395.0,395.0,399.0,400.0,400.0,400.0,409.0,409.89,420.0,424.95,425.0,429.9,429.99,430.0,430.0,439.9,439.99,439.99,440.0,445.0,449.0,450.0,450.0,450.0,450.0,450.0,450.0,450.0
2026-09-24 06:01:34,Pokemon Crown Zenith ETB (Eng),single,341,302.19,306.19,307.19,293.98,294.79,313.02,314.61,302.19,306.19,307.19,307.19,307.41,310.39,314.55,318.39,319.53,319.55,319.55,319.55,322.49,322.5,322.5,322.74,324.99,326.19,326.98,327.14,327.19,327.5,327.5,327.75,329.05,329.41,329.54,332.18,332.19,332.19,284.99,285.0,285.0,288.88,289.99,295.0,295.0,299.0,299.0,299.98,299.99,300.0,300.0,300.0,300.0,300.0,300.0,300.0,300.0,305.0,305.0,305.0,309.5,309.99,315.0,315.0,319.0,319.0,319.95,320.0
2026-09-24 06:01:34,Pokemon VSTAR Universe Booster Display (Jpn),single,826,167.9,171.18,172.08,164.28,164.08,173.91,174.45,167.9,171.18,172.08,172.08,173.69,174.18,174.18,174.19,174.69,176.19,176.68,177.19,177.19,177.19,178.19,178.98,179.55,182.14,182.18,182.19,182.19,182.19,183.8,185.19,187.19,187.19,188.55,192.09,192.19,192.75,150.0,155.0,160.0,160.0,163.99,164.89,164.89,166.5,166.99,166.99,167.0,167.5,169.0,169.0,169.49,169.99,170.0,170.0,170.0,170.0,171.0,174.95,174.99,174.99,175.0,175.0,175.0,175.0,175.0,175.0
2026-09-24 06:01:34,Pokemon Flareon VMAX Premium Collection EU Version (Eng),single,88,264.39,302.19,304.48,297.49,293.99,307.18,307.81,264.39,302.19,304.48,307.14,307.18,307.19,307.19,307.19,307.5,309.54,317.08,317.5,319.55,319.55,319.55,322.19,322.5,327.19,327.19,337.74,347.41,359.54,363.73,368.55,375.72,382.45,413.72,419.54,506.19,507.18,245.0,285.0,289.99,295.0,295.0,299.95,299.99,299.99,300.0,300.0,300.0,300.0,300.0,300.0,300.0,300.0,307.8,309.89,315.0,320.0,320.0,329.99,339.99,349.0,349.99,350.0,359.95,399.99,499.0,499.99
2026-09-24 06:01:34,Pokemon Jolteon VMAX Premium Collection EU Version (Eng),single,85,287.19,292.19,293.98,293.07,294.63,301.49,305.03,287.19,292.19,293.98,294.99,297.17,302.09,302.19,307.14,307.18,307.19,309.39,317.08,317.09,318.39,322.19,322.19,329.54,339.55,347.41,363.73,367.73,368.55,373.73,375.72,382.45,399.54,413.72,419.54,506.19,507.18,280.0,285.0,287.99,289.98,290.0,290.0,294.9,295.0,297.7,299.0,299.95,299.99,300.0,300.0,309.89,309.99,310.0,315.0,315.0,320.0,329.99,349.0,349.99,349.99,350.0,359.95,379.99,399.99,499.0,499.99
2026-09-24 06:01:34,Pokemon Vaporeon VMAX Premium Collection EU Version (Eng),single,72,319.19,322.19,327.14,320.95,326.9,331.7,339.37,319.19,322.19,327.14,327.18,327.19,327.19,328.39,337.19,337.19,342.09,352.08,357.18,357.19,359.54,369.55,383.73,387.41,406.19,413.72,418.55,419.54,419.54,422.45,425.72,457.18,506.19,507.18,519.39,850.0,950.0,309.0,312.0,315.0,319.95,319.99,320.0,320.0,320.0,322.7,330.0,330.0,339.99,344.89,349.99,349.99,350.0,350.0,369.99,399.0,399.0,399.95,399.99,399.99,400.0,449.99,499.0,499.99,500.0,750.0,850.0
2026-09-24 06:01:34,Pokemon Celebrations ETB (De),single,398,292.19,297.19,307.19,312.25,311.87,322.22,321.47,292.19,297.19,307.19,319.39,321.19,322.19,326.19,327.19,327.19,327.19,327.19,327.19,332.18,332.18,336.18,337.18,337.18,337.19,339.39,348.1,356.19,357.18,357.19,357.19,360.69,365.19,367.18,376.49,377.19,379.34,285.0,290.0,300.0,300.0,310.0,314.0,315.0,319.0,320.0,320.0,320.0,320.0,320.0,320.0,324.99,324.99,328.99,329.99,329.99,330.0,349.0,349.99,350.0,350.0,353.5,358.0,359.95,359.99,370.0,371.5
2026-09-24 06:01:34,Pokemon Champions Path ETB (Eng),single,180,146.19,147.17,147.19,145.37,146.13,153.81,154.77,146.19,147.17,147.19,152.19,152.19,155.18,155.19,155.19,156.19,157.18,157.18,157.19,157.19,162.5,163.6,164.99,166.19,167.19,167.19,169.38,172.19,174.24,176.19,177.19,177.19,179.55,183.1,184.97,186.19,188.55,139.0,139.98,140.0,140.0,145.0,145.0,147.99,148.0,148.0,149.0,149.99,149.99,149.99,150.0,150.0,150.0,150.0,159.0,159.0,160.0,160.0,160.0,164.75,165.0,169.0,169.0,169.95,170.0,170.0,174.95
2026-09-24 06:01:34,Pokemon Tag Team Pikachu & Zekrom GX Premium Collection (Eng),single,36,285.98,287.19,292.19,298.11,304.99,313.09,319.28,285.98,287.19,292.19,297.14,314.54,316.37,317.19,319.55,322.19,325.55,326.42,337.5,342.74,347.5,357.19,369.54,371.49,377.19,406.98,422.19,425.47,425.72,454.48,506.19,506.19,523.0,650.0,700.0,1014.18,,279.99,280.0,285.0,289.9,289.95,294.99,300.0,306.0,309.0,310.0,315.0,315.0,325.0,325.0,349.99,349.99,350.0,370.0,399.0,399.99,400.0,415.0,449.99,499.0,499.0,500.0,550.0,600.0,1000.0,
2026-09-24 06:01:34,Pokemon Tag Team Reshiram & Charizard GX Premium Collection (Eng),single,29,296.19,297.18,297.19,307.24,309.86,320.13,323.66,296.19,297.18,297.19,319.39,319.55,323.17,324.16,325.19,326.19,326.19,329.54,335.39,341.47,344.55,349.54,369.39,371.48,396.19,404.48,406.19,407.19,417.74,650.0,773.0,2214.13,,,,,,289.0,289.99,290.0,300.0,300.0,309.99,310.0,315.0,315.98,316.97,318.0,319.0,319.0,325.0,329.99,349.98,350.0,389.0,399.0,399.99,400.0,400.0,550.0,750.0,2199.95,,,,,
2026-09-24 06:01:34,Pokemon VMAX Climax Booster Display (Jpn),single,192,157.19,162.19,162.19,158.75,159.36,168.31,169.67,157.19,162.19,162.19,167.19,167.19,167.19,167.19,171.17,172.19,172.19,174.38,175.18,176.19,176.19,177.19,177.99,180.89,182.49,182.5,183.05,184.55,185.7,187.18,187.19,187.47,187.5,188.0,189.39,192.74,194.39,150.0,154.99,155.0,155.0,159.99,160.0,160.0,160.0,160.0,160.0,160.0,162.9,163.5,163.98,165.0,165.0,165.0,165.0,165.0,165.0,167.99,169.0,169.0,169.9,169.99,170.0,170.0,170.0,170.0,175.0
2026-09-24 06:01:34,Pokemon Battle Region Booster Display (Jpn),single,88,79.09,80.18,82.18,73.98,75.25,86.71,89.13,79.09,80.18,82.18,83.1,84.19,85.99,86.18,87.08,92.47,92.47,93.05,94.38,96.47,96.99,103.1,104.29,105.82,106.47,106.99,107.18,107.19,108.1,109.29,111.87,113.09,113.1,113.47,117.46,117.47,117.47,69.0,70.0,70.0,71.9,72.99,74.99,74.99,75.0,75.0,77.0,78.99,79.0,79.89,79.95,79.99,80.0,80.0,84.9,89.0,89.34,89.9,90.0,95.0,96.0,99.0,99.98,99.99,99.99,100.0,100.0
2026-09-24 06:01:34,Pokemon Clay Burst Booster Display (Jpn),single,289,88.98,91.19,92.08,84.73,85.19,93.42,95.27,88.98,91.19,92.08,92.17,92.19,92.19,93.09,93.97,95.19,96.47,97.19,99.19,100.99,101.99,102.19,104.38,106.47,106.48,107.19,109.25,110.35,112.37,112.98,112.98,113.1,113.47,115.08,117.09,117.18,117.46,79.0,79.99,84.0,84.0,84.89,84.98,84.99,84.99,85.0,85.0,85.0,88.0,88.98,89.0,90.0,90.0,90.0,92.0,93.16,94.9,95.0,95.0,96.0,99.88,99.88,99.99,100.0,100.0,100.0,105.0
2026-09-24 06:01:34,Pokemon Fusion Strike Booster Display (Eng),single,212,791.18,793.18,794.18,798.5,809.26,831.39,842.99,791.18,793.18,794.18,814.17,828.55,829.55,829.55,833.18,859.5,862.41,864.08,869.55,888.55,893.1,894.18,895.0,899.55,904.18,914.08,914.17,914.18,914.18,914.18,923.72,925.0,929.54,929.9,947.8,947.8,950.0,777.0,779.0,780.0,795.0,795.0,799.0,799.99,800.0,800.0,819.0,825.0,829.95,840.0,849.9,850.0,850.0,850.0,850.0,850.0,859.0,859.99,870.0,880.0,890.0,895.0,895.99,899.0,899.9,899.9,899.99
2026-09-24 06:01:34,Pokemon Astral Radiance Booster Display (Eng),single,274,351.19,352.19,357.18,350.5,352.46,367.72,370.91,351.19,352.19,357.18,357.19,362.19,366.19,369.55,374.55,375.39,379.5,379.55,382.5,384.55,385.49,386.37,388.1,392.75,395.47,402.19,407.18,407.19,407.19,412.72,417.19,422.19,422.98,432.19,437.18,443.72,451.63,344.0,345.0,348.99,349.99,350.0,350.0,350.0,350.0,350.0,355.0,355.0,359.0,359.9,359.95,360.0,360.0,362.99,365.0,369.0,379.99,395.0,399.98,399.99,400.0,400.0,410.0,415.0,425.0,429.99,444.44
2026-09-24 06:01:34,Pokemon Lost Origin ETB (Eng),single,312,192.19,194.19,197.18,186.37,187.92,201.49,202.49,192.19,194.19,197.18,197.42,197.55,202.08,202.09,202.5,206.19,206.89,207.18,207.19,207.19,208.55,208.99,209.55,211.47,212.19,212.41,214.89,216.18,217.19,217.19,217.5,217.5,218.39,219.5,219.54,222.08,222.08,178.0,180.0,180.0,184.99,185.0,185.0,187.0,189.0,189.99,190.0,190.0,194.89,194.9,194.99,195.0,195.0,199.0,199.0,199.0,199.95,199.99,199.99,199.99,199.99,200.0,200.0,205.0,205.0,208.99,209.9
2026-09-24 06:01:34,Pokemon Crown Zenith Galarian Articuno Tin US Version (Eng),single,25,143.1,144.06,151.63,144.69,149.9,161.96,164.73,143.1,144.06,151.63,154.5,157.19,157.19,161.47,167.19,172.5,173.99,176.19,177.18,177.18,178.09,179.55,207.18,207.19,442.75,,,,,,,,,,,,,130.0,132.0,133.06,135.0,144.44,144.99,149.99,150.0,150.0,150.0,160.0,160.0,169.0,169.99,169.99,199.99,200.0,400.0,,,,,,,,,,,,
2026-09-24 06:01:34,Pokemon Crown Zenith Galarian Zapdos Tin US Version (Eng),single,27,133.1,136.18,144.08,133.19,137.63,149.25,152.69,133.1,136.18,144.08,146.49,147.1,147.18,149.1,151.63,152.19,156.19,157.18,157.19,163.09,172.5,177.18,207.18,227.19,442.75,,,,,,,,,,,,,114.0,116.0,120.0,123.99,128.99,129.99,133.08,139.99,144.44,145.0,149.0,149.99,150.0,150.0,169.99,199.99,220.0,400.0,,,,,,,,,,,,
2026-09-24 06:01:34,Pokemon Crown Zenith Galarian Moltres Tin US Version (Eng),single,21,155.0,157.19,157.19,151.62,172.26,168.32,192.07,155.0,157.19,157.19,159.1,162.75,167.18,168.49,172.5,177.18,182.18,183.09,186.47,202.75,207.18,442.75,,,,,,,,,,,,,,,,120.0,145.99,146.0,147.0,149.99,150.0,150.0,150.0,159.99,160.0,160.0,169.99,174.99,199.99,400.0,,,,,,,,,,,,,,,
2026-09-24 06:01:34,Pokemon 151 Zapdos ex Collection (Eng),single,211,122.18,124.19,126.19,117.49,118.52,133.24,135.43,122.18,124.19,126.19,126.19,132.1,133.1,134.39,137.18,138.05,138.73,142.42,143.04,143.05,143.09,147.5,147.5,147.74,152.5,157.18,157.19,162.75,163.1,163.1,168.0,172.49,172.5,197.5,222.5,233.05,257.18,99.0,100.0,109.99,114.99,115.0,117.0,119.0,119.0,120.0,124.95,125.0,125.0,129.0,129.94,129.95,129.99,130.0,130.0,130.0,134.9,149.99,149.99,150.0,150.0,150.0,150.0,175.0,199.95,200.0,249.99
2026-09-24 06:01:34,Pokemon 151 UPC (Eng),single,389,685.68,694.94,714.94,711.87,714.33,727.46,732.24,685.68,694.94,714.94,715.68,715.68,730.68,735.67,735.68,735.68,735.68,745.68,755.68,760.63,760.68,760.68,765.68,784.55,789.55,789.68,795.68,804.55,804.85,809.55,813.68,814.68,814.68,819.55,820.19,825.0,825.68,670.0,679.99,699.99,700.0,700.0,715.0,719.99,720.0,720.0,720.0,725.0,730.0,735.0,740.0,740.0,744.95,745.0,745.0,749.0,750.0,755.0,760.0,770.0,774.0,775.0,775.0,780.0,780.0,780.0,780.0
2026-09-24 06:01:34,Pokemon 151 UPC (De),single,389,645.58,645.67,648.68,650.99,664.18,666.67,679.86,645.58,645.67,648.68,655.68,655.68,660.67,665.68,665.68,675.63,705.67,710.67,715.63,715.67,715.68,715.68,715.68,734.68,740.58,744.68,765.63,805.9,805.9,805.9,812.98,815.17,815.67,815.67,815.68,895.68,898.95,629.9,629.99,633.0,640.0,640.0,644.99,650.0,650.0,659.95,689.99,694.99,699.95,699.99,700.0,700.0,700.0,719.0,724.9,729.0,749.95,798.95,799.0,799.49,799.99,799.99,799.99,800.0,800.0,800.0,800.0
2026-09-24 06:01:34,Pokemon 151 Booster Display (Jpn),single,574,237.18,246.19,247.18,242.99,244.78,258.6,258.95,237.18,246.19,247.18,252.94,259.55,259.55,260.98,261.12,262.94,264.55,264.55,265.99,267.17,267.18,267.19,269.55,269.99,270.98,271.19,272.18,273.19,274.55,275.18,276.19,276.19,277.18,277.18,279.54,280.98,281.19,229.99,239.0,239.95,239.99,240.0,240.0,245.0,245.0,245.0,249.0,249.95,249.99,250.0,253.79,254.99,255.0,255.0,259.98,259.99,259.99,259.99,260.0,260.0,264.0,264.99,265.0,265.0,266.0,267.99,269.0
2026-09-24 06:01:34,Pokemon Paradigm Trigger Booster Display (Jpn),single,180,127.09,129.14,129.18,120.73,121.18,132.19,133.54,127.09,129.14,129.18,129.19,129.19,132.09,132.47,133.1,136.09,136.18,137.18,137.19,137.47,138.1,139.39,140.14,141.19,142.89,143.0,143.98,147.09,147.19,147.42,148.0,151.42,152.19,152.99,153.1,156.19,156.19,115.0,115.0,119.9,120.0,120.0,120.0,120.0,121.95,121.99,122.0,122.0,124.9,124.9,125.0,125.0,128.9,128.99,129.99,130.0,130.0,132.95,134.0,134.0,135.0,139.9,139.99,139.99,140.0,140.0,140.0
2026-09-24 06:01:34,Pokemon Star Birth Booster Display (Jpn),single,114,122.19,127.19,127.19,124.43,125.96,132.31,134.76,122.19,127.19,127.19,129.19,131.19,132.18,132.19,133.14,136.19,137.18,138.98,142.14,143.09,144.18,145.18,145.9,146.18,146.19,147.19,147.5,149.19,152.99,156.19,157.19,157.19,157.47,159.39,161.47,164.48,166.47,115.0,120.0,120.0,122.0,124.0,124.99,125.0,125.0,125.95,128.48,129.0,129.99,129.99,134.95,134.99,135.0,136.99,137.99,138.99,139.0,140.0,140.0,140.0,142.0,144.0,149.0,149.0,150.0,150.0,150.0
2026-09-24 06:01:34,Pokemon Violet ex Booster Display (Jpn),single,226,72.19,73.68,74.18,68.68,69.93,77.37,80.01,72.19,73.68,74.18,74.19,76.18,77.18,77.18,77.18,79.69,83.18,85.38,87.18,87.18,87.47,88.09,90.1,91.98,91.98,91.99,93.05,93.88,94.24,94.53,94.88,95.08,95.89,96.79,96.89,97.19,97.47,65.0,65.99,66.49,66.99,67.0,68.99,69.99,69.99,69.99,70.0,70.0,72.5,74.99,75.0,75.99,77.0,77.54,78.88,78.88,78.9,79.9,79.95,79.99,79.99,79.99,80.0,80.0,80.0,87.89,89.0
2026-09-24 06:01:34,Pokemon Brilliant Stars Booster Display (De),single,226,342.18,342.19,344.09,337.34,341.18,347.92,353.62,342.18,342.19,344.09,344.19,344.39,344.85,347.14,349.39,352.14,357.18,357.19,357.19,357.19,378.73,386.19,387.19,404.89,407.18,446.19,454.97,456.69,486.19,489.39,502.19,503.17,506.19,506.87,507.09,507.18,519.38,315.0,325.0,330.0,334.99,335.0,336.9,337.0,339.9,339.95,344.95,349.99,350.0,350.0,350.0,379.0,380.0,399.9,399.99,439.0,449.5,449.99,470.0,479.0,495.0,495.98,499.0,499.68,499.9,499.99,499.99
2026-09-24 06:01:34,Pokemon Lost Origin Booster Display (De),single,362,372.19,374.19,375.85,371.22,376.91,379.61,386.18,372.19,374.19,375.85,375.89,376.18,377.19,380.19,382.18,382.19,387.19,387.19,403.09,406.13,406.19,406.89,407.18,407.19,428.73,432.19,436.19,456.18,457.17,457.18,457.19,457.19,462.89,487.14,489.39,494.19,494.39,365.0,365.0,367.0,368.99,369.9,370.0,370.9,373.0,374.99,375.0,380.0,380.0,395.9,398.94,399.0,399.99,400.0,401.9,425.0,429.0,448.99,449.98,449.99,449.99,450.0,450.0,470.0,475.0,479.95,487.0
2026-09-24 06:01:34,Pokemon Twilight Masquerade Booster Display (De),single,260,257.19,267.19,269.34,268.94,276.38,276.4,284.24,257.19,267.19,269.34,270.09,272.08,272.14,276.19,277.19,287.07,287.09,302.13,304.98,306.87,306.87,307.18,407.18,1014.17,,,,,,,,,,,,,,249.95,250.0,260.0,262.9,264.89,264.95,269.0,270.0,279.88,279.9,294.94,299.68,299.68,299.99,299.99,399.99,999.99,,,,,,,,,,,,,
2026-09-24 06:01:34,Pokemon Prismatic Evolutions Mini Tin Display (Eng),single,333,263.69,267.99,269.44,252.66,254.35,276.21,277.55,263.69,267.99,269.44,272.5,275.8,276.45,277.19,277.75,279.55,281.0,282.18,282.5,284.85,286.18,286.19,286.5,286.68,287.18,287.19,289.54,292.19,292.74,297.17,297.19,297.45,299.5,301.44,302.5,303.97,306.19,235.0,235.0,249.89,249.99,249.99,250.0,250.0,254.9,256.5,259.99,260.0,260.0,264.0,269.99,270.0,274.99,278.99,279.0,279.49,279.9,279.9,279.95,279.99,280.0,280.0,285.0,289.0,289.95,289.98,290.0
2026-09-24 06:01:34,Pokemon Prismatic Evolutions Booster Bundle Display (Eng),case,197,1042.06,1056.5,1191.5,1116.0,1158.1,1183.67,1213.61,1042.06,1056.5,1191.5,1236.7,1250.0,1250.68,1265.58,1271.7,1285.7,1285.7,1293.86,1295.89,1296.86,1300.0,1310.73,1315.68,1346.8,1346.8,1350.0,1361.7,1365.56,1386.7,1400.0,1400.0,1400.0,1415.67,1415.67,1415.68,1447.8,1447.8,999.99,1000.0,1125.0,1150.0,1189.0,1200.0,1200.0,1235.0,1235.0,1247.0,1249.0,1249.0,1249.0,1249.0,1249.9,1250.0,1250.0,1290.0,1300.0,1300.0,1300.0,1300.0,1325.0,1349.88,1350.0,1350.0,1350.0,1350.0,1399.99,1399.99
2026-09-24 06:01:34,Pokemon Prismatic Evolutions ETB (De),single,2242,154.19,156.18,157.19,154.37,157.12,163.21,165.79,154.19,156.18,157.19,160.19,160.19,162.18,162.19,164.39,167.19,172.18,172.19,172.19,172.19,177.09,177.14,177.18,177.19,179.39,182.19,182.19,183.8,187.18,187.18,187.19,187.19,187.19,187.19,194.38,194.39,194.39,145.0,147.0,148.99,150.0,153.0,153.0,154.99,155.0,160.0,160.0,164.99,165.0,165.0,165.0,169.9,169.95,169.99,170.0,174.9,174.99,175.0,175.0,175.0,175.0,179.99,179.99,180.0,180.0,180.0,180.0
2026-09-24 06:01:34,Pokemon Prismatic Evolutions ETB (Eng),single,2242,164.19,171.06,172.19,159.0,160.6,175.31,175.74,164.19,171.06,172.19,174.0,174.19,174.55,175.19,177.19,177.19,178.0,179.54,179.55,179.55,179.55,180.19,181.5,182.19,184.55,184.85,184.97,185.5,187.41,187.42,188.5,189.39,189.5,189.54,189.55,189.55,189.55,154.99,155.0,155.0,157.0,159.99,160.0,160.0,160.0,160.0,160.0,163.0,165.0,165.0,167.0,167.0,168.0,168.0,168.95,169.99,169.99,170.0,170.0,170.0,170.0,170.0,170.0,170.0,170.0,170.0,173.0
2026-09-24 06:01:34,Prismatic Evolutions Super-Premium Collection (Eng),single,1604,280.1,280.98,284.77,269.71,270.11,288.14,288.65,280.1,280.98,284.77,287.5,287.77,287.89,288.69,289.49,289.5,289.5,289.55,290.55,294.33,294.55,294.55,294.55,294.76,294.77,295.94,298.55,302.5,302.9,303.69,304.05,304.77,305.99,308.54,308.69,308.69,312.5,263.0,265.0,268.0,269.9,269.9,269.94,269.95,269.95,270.0,270.0,270.0,271.0,274.99,274.99,275.0,275.0,275.0,275.0,279.0,279.9,279.95,280.0,280.0,284.5,285.0,285.0,288.99,289.0,290.0,290.0
2026-09-24 06:01:34,Prismatic Evolutions Super-Premium Collection (De),single,1604,208.64,208.67,208.69,203.85,204.87,213.42,214.28,208.64,208.67,208.69,211.64,213.58,213.68,213.69,214.69,215.68,215.69,216.69,217.69,218.19,218.44,218.59,218.64,218.64,218.68,218.69,218.69,218.69,218.69,218.69,218.69,220.9,223.69,227.64,228.57,228.68,228.69,199.0,199.95,199.98,200.0,202.95,204.89,204.99,205.0,206.0,206.99,207.0,208.0,209.0,209.5,209.75,209.9,209.95,209.95,209.99,210.0,210.0,210.0,210.0,210.0,210.0,210.0,215.0,218.95,219.88,219.99
2026-09-24 06:01:34,Pokemon Black Bolt & White Flare Unova Mini Tin Display (Eng),single,111,237.19,240.19,242.09,236.54,239.15,247.84,252.4,237.19,240.19,242.09,242.19,243.19,247.09,248.5,251.48,251.98,256.19,257.19,265.47,266.36,267.42,269.54,269.94,271.89,286.99,287.18,294.55,298.33,299.5,302.14,306.87,307.17,307.7,407.19,507.19,614.17,1014.17,224.0,230.0,233.0,234.6,234.9,235.0,236.0,239.0,239.89,239.9,245.99,245.99,249.0,249.99,249.99,250.0,250.0,259.99,264.95,275.0,279.8,279.95,279.99,294.95,299.68,299.98,400.0,500.0,599.99,999.99
2026-09-24 06:01:34,Pokemon Lost Abyss Booster Display (Jpn),single,127,216.69,217.18,217.47,221.87,224.23,236.52,238.82,216.69,217.18,217.47,232.19,234.55,237.18,241.19,242.19,243.0,244.39,249.38,249.55,250.0,252.19,255.19,257.14,257.18,264.55,272.19,283.73,289.19,297.18,306.19,307.17,307.18,307.18,307.19,307.19,313.73,318.1,200.0,209.5,209.99,215.0,220.0,220.0,225.0,225.0,229.99,229.99,230.0,234.0,235.0,235.0,245.0,245.0,248.0,249.95,249.99,250.0,265.0,280.0,282.0,289.0,289.99,289.99,293.9,299.0,299.0,299.98
2026-09-24 06:01:34,Pokemon Terastal Festival ex Booster Display (Jpn),single,1050,107.18,107.19,107.46,95.48,96.12,110.59,112.1,107.18,107.19,107.46,107.9,108.1,109.19,112.19,112.45,113.05,114.37,115.99,115.99,116.45,116.99,116.99,117.14,117.18,117.47,117.5,121.18,121.39,121.99,122.18,122.19,122.5,122.99,122.99,122.99,123.0,123.09,89.0,89.99,89.99,94.0,95.0,95.0,95.0,96.9,98.98,99.0,99.0,99.95,99.99,100.0,100.0,100.0,100.0,100.0,100.0,102.0,102.0,104.0,105.0,105.0,105.0,105.0,105.0,105.26,109.95,109.99
2026-09-24 18:01:35,Pokemon Destined Rivals Booster Display (Eng),single,1336,352.19,359.5,364.19,348.98,348.89,371.65,370.44,352.19,359.5,364.19,372.19,372.19,372.3,372.5,372.9,373.0,373.9,373.9,374.39,374.39,374.55,374.55,375.19,375.39,376.19,376.47,378.9,379.99,380.5,381.5,382.19,382.49,383.1,383.5,383.55,383.9,384.5,336.5,345.0,345.0,349.0,349.0,349.0,349.8,350.0,350.0,350.0,350.0,350.0,350.0,355.0,355.0,355.0,357.0,359.0,359.99,360.0,360.0,360.0,360.0,360.0,360.0,361.0,364.0,364.95,364.97,365.0
2026-09-24 18:01:35,Pokemon Destined Rivals Booster Display Case (Eng),case,189,2241.45,2250.73,2289.99,2197.0,2239.5,2284.93,2317.06,2241.45,2250.73,2289.99,2299.0,2300.0,2310.22,2331.45,2368.48,2386.8,2392.45,2399.98,2400.0,2400.0,2417.48,2450.0,2468.47,2474.89,2500.0,2517.48,2518.47,2553.4,2553.4,2561.17,2597.8,2599.89,2602.4,2641.45,2642.45,2692.45,2749.99,2129.0,2189.99,2199.0,2199.0,2200.0,2289.0,2289.0,2300.0,2300.0,2300.0,2300.0,2350.0,2350.0,2350.0,2399.0,2400.0,2449.99,2450.0,2450.0,2465.0,2499.0,2499.0,2499.89,2499.99,2500.0,2500.0,2599.0,2599.99,2600.0,2645.0
2026-09-24 18:01:35,Pokemon Black Bolt ETB (Eng),single,546,132.09,136.0,136.17,124.99,125.5,139.62,140.37,132.09,136.0,136.17,137.18,139.19,140.19,140.4,141.1,141.19,141.5,142.19,142.19,143.55,146.07,146.5,147.09,147.09,147.09,147.42,147.5,147.6,147.99,148.0,148.05,148.09,148.55,148.59,149.05,149.29,149.39,115.95,120.0,120.0,124.9,124.99,125.0,125.0,125.0,127.5,127.5,128.81,128.98,129.0,129.9,129.95,129.99,130.0,130.0,130.0,130.0,130.0,132.0,133.0,134.0,134.0,134.0,134.45,134.49,134.95,134.99
2026-09-24 18:01:35,Pokemon Ascended Heroes ETB (Eng),single,1794,158.18,162.42,165.97,149.6,150.42,170.14,170.55,158.18,162.42,165.97,167.42,170.18,170.4,170.99,171.5,172.19,172.5,174.55,175.19,175.19,175.5,176.07,176.42,176.46,176.5,176.55,176.99,177.0,177.19,177.5,177.9,177.9,178.47,179.54,179.55,179.55,179.55,145.0,145.0,145.0,148.9,149.9,149.99,150.0,150.0,150.99,152.0,152.95,153.0,153.7,154.9,155.0,155.0,155.0,155.0,157.0,157.5,158.98,159.0,159.99,160.0,160.0,160.0,160.0,160.0,160.0,160.0
2026-09-24 18:01:35,Pokemon Ascended Heroes ETB Case (Eng),case,152,1650.0,1650.0,1699.0,1612.22,1644.79,1692.81,1717.83,1650.0,1650.0,1699.0,1711.12,1711.12,1732.45,1741.45,1742.45,1758.25,1782.45,1785.0,1792.45,1792.45,1801.2,1819.0,1819.99,1842.45,1842.45,1845.0,1847.7,1861.16,1873.48,1883.25,1892.45,1900.0,1947.8,1992.44,1994.89,1996.8,2000.0,1550.0,1550.0,1599.0,1649.95,1649.95,1675.0,1685.0,1690.0,1699.0,1700.0,1700.0,1719.0,1719.99,1740.0,1745.0,1749.9,1750.0,1750.0,1799.99,1800.0,1800.0,1800.0,1800.0,1850.0,1850.0,1855.0,1899.0,1900.0,1900.0,1949.99
2026-09-24 18:01:35,Pokemon 30th Celebration ETB (Eng),single,2241,157.9,159.5,159.98,137.11,138.05,160.65,161.35,157.9,159.5,159.98,160.06,160.5,160.5,160.97,161.06,161.06,161.07,161.4,162.9,162.99,164.98,165.32,165.42,166.42,167.42,167.42,167.42,167.42,169.0,169.39,169.47,169.47,169.9,170.0,170.47,171.46,171.46,125.0,130.0,130.0,130.0,137.0,139.0,139.0,139.9,139.99,141.98,143.0,143.0,143.99,144.0,144.9,144.99,144.99,144.99,144.99,145.0,145.0,145.0,147.0,147.9,148.0,149.0,149.0,149.5,149.9,149.99
2026-09-24 18:01:35,Pokemon 30th Celebration Booster Bundle (Eng),single,891,97.19,98.82,101.43,91.66,93.07,105.75,107.07,97.19,98.82,101.43,101.95,104.98,105.45,106.47,107.99,108.8,108.9,109.98,110.5,112.95,113.5,117.17,122.5,128.19,133.09,,,,,,,,,,,,,84.9,84.95,89.95,89.99,89.99,89.99,90.0,93.51,94.93,94.94,95.0,97.95,99.95,99.98,99.99,99.99,99.99,100.0,,,,,,,,,,,,
2026-09-24 18:01:35,Pokemon 30th Celebration Mini Tin Display (Eng),single,94,292.9,299.99,299.99,308.59,323.38,321.32,338.7,292.9,299.99,299.99,308.9,312.42,319.5,328.9,329.95,334.98,335.94,362.0,379.9,388.19,389.98,396.9,397.4,,,,,,,,,,,,,,,268.99,269.0,295.0,298.95,299.95,299.95,299.98,319.95,324.95,329.99,350.0,360.0,374.0,379.98,379.99,380.0,,,,,,,,,,,,,,
2026-09-24 18:01:35,Pokemon Destined Rivals Booster Display (De),single,1336,256.19,261.19,262.19,259.86,261.52,269.28,271.45,256.19,261.19,262.19,266.19,267.19,267.19,268.0,272.18,275.09,276.18,277.19,277.39,281.19,282.18,282.18,282.19,282.19,284.85,285.19,286.68,287.09,287.18,287.18,287.19,287.39,288.38,291.18,292.09,292.17,292.18,245.0,249.0,254.0,255.0,258.0,259.0,260.0,260.0,264.99,267.9,268.0,268.99,268.99,270.0,274.0,274.99,274.99,275.0,275.0,278.0,279.49,279.9,279.9,279.99,279.99,280.0,283.99,284.9,284.98,284.99
2026-09-24 18:01:35,Pokemon Ascended Heroes Mini Tin Display (Eng),single,183,284.55,285.67,296.19,290.98,293.13,311.74,312.18,284.55,285.67,296.19,307.19,311.0,311.47,311.5,317.19,319.5,319.88,321.38,321.47,324.49,324.8,326.36,327.18,336.19,337.14,337.18,337.42,338.0,345.99,352.19,359.55,366.45,366.9,369.55,369.55,386.44,386.99,265.0,265.0,280.0,285.0,287.0,289.0,292.0,295.0,299.89,299.95,299.99,300.0,310.0,314.19,314.99,314.99,318.0,319.99,320.0,325.0,329.0,329.95,329.99,340.0,344.99,345.0,350.0,350.0,350.0,379.8
2026-09-24 18:01:35,Pokemon Ascended Heroes Booster Bundle Display (Eng),case,253,900.0,1000.0,1011.7,943.75,967.0,1027.92,1060.67,900.0,1000.0,1011.7,1050.0,1050.0,1075.0,1100.0,1125.0,1145.0,1149.95,1150.0,1150.0,1186.6,1197.8,1199.0,1200.0,1200.0,1200.0,1236.7,1240.99,1284.89,1299.0,1300.0,1300.0,1300.0,1320.0,1336.7,1336.7,1349.0,1350.0,800.0,900.0,950.0,950.0,975.0,975.0,1000.0,1025.0,1045.0,1049.95,1050.0,1050.0,1099.0,1100.0,1100.0,1100.0,1100.0,1149.9,1198.99,1199.0,1200.0,1200.0,1200.0,1200.0,1220.0,1249.0,1250.0,1250.0,1262.0,1279.0
2026-09-24 18:01:35,Pokemon Ascended Heroes Pokemon Center ETB (Eng),single,302,362.75,372.75,375.39,378.37,381.13,402.08,408.13,362.75,372.75,375.39,386.19,386.5,406.18,406.19,413.1,419.39,423.73,425.39,427.19,438.1,439.54,439.54,439.55,450.85,451.19,451.19,451.19,455.38,457.18,461.5,463.72,467.42,467.69,469.53,472.19,472.5,476.47,320.0,330.0,350.0,360.0,365.0,375.0,379.0,398.99,399.0,399.99,400.0,400.0,400.0,419.99,419.99,420.0,420.0,429.99,440.0,444.0,444.0,444.0,445.9,449.95,449.98,449.99,450.0,450.0,450.0,465.0
2026-09-24 18:01:35,Pokemon Ascended Heroes Pokemon Center ETB (De),single,302,173.99,177.19,177.19,166.86,169.19,180.44,182.16,173.99,177.19,177.19,177.39,178.9,181.1,182.19,182.19,182.19,182.38,183.98,187.18,187.19,187.19,192.18,192.69,196.18,196.48,197.14,197.18,197.18,197.19,197.19,197.19,197.19,197.19,205.19,206.48,206.68,207.09,148.0,149.99,154.9,155.0,159.99,170.0,170.0,175.0,175.0,175.0,179.99,179.99,180.0,180.0,184.99,185.5,189.95,189.99,189.99,189.99,189.99,190.0,190.0,190.0,190.0,190.0,198.0,199.49,199.9,199.95
2026-09-24 18:01:35,Pokemon Ascended Heroes ETB (De),single,1794,112.14,112.19,112.69,108.67,108.62,115.86,115.81,112.14,112.19,112.69,115.19,116.09,116.14,116.19,116.19,117.18,117.18,117.18,117.18,117.19,117.19,117.19,117.19,117.19,117.19,118.19,118.19,121.04,121.09,121.19,121.19,122.14,122.14,122.17,122.19,122.19,122.19,104.95,105.0,105.5,108.0,108.9,108.95,109.0,109.0,109.99,109.99,109.99,109.99,110.0,110.0,110.0,110.0,110.0,110.0,111.0,111.0,113.85,113.9,114.0,114.0,114.95,114.95,114.98,115.0,115.0,115.0
2026-09-24 18:01:35,Pokemon Silver Tempest Booster Display (Eng),single,317,396.19,397.17,400.19,394.87,396.06,406.55,410.14,396.19,397.17,400.19,401.19,402.19,406.19,406.19,412.09,412.19,412.19,419.42,419.55,422.09,422.19,423.0,424.08,424.08,424.08,424.08,426.18,427.18,427.18,433.0,434.55,434.55,437.19,438.99,439.39,439.55,442.19,385.0,385.0,389.0,389.98,393.0,394.0,395.0,399.0,399.0,400.0,400.0,400.0,402.0,404.9,405.0,405.0,410.0,414.9,415.0,415.0,415.0,416.89,416.89,416.89,416.89,418.99,419.99,419.99,419.99,420.0
2026-09-24 18:01:35,Pokemon Lost Origin Booster Display (Eng),single,362,609.18,612.18,624.18,612.0,613.59,638.96,643.46,609.18,612.18,624.18,629.18,629.85,634.18,641.1,644.55,654.08,654.55,663.16,663.18,664.13,664.17,664.17,664.55,678.55,678.55,680.18,684.07,689.84,694.07,694.08,694.55,699.0,704.18,708.76,713.18,713.18,718.12,595.0,598.0,598.0,599.0,610.0,615.0,615.0,619.0,619.99,620.0,620.0,620.0,624.9,625.0,625.0,635.0,639.9,640.0,648.98,649.0,649.0,649.0,649.95,649.99,649.99,650.0,650.0,665.0,666.0,669.89
2026-09-24 18:01:35,Pokemon Chilling Reign Booster Display (Eng),single,192,398.55,402.19,406.19,400.99,407.45,419.65,423.57,398.55,402.19,406.19,417.08,417.5,417.5,419.55,422.5,425.39,431.5,437.09,437.18,437.19,439.55,444.55,444.85,447.19,447.45,449.55,457.19,459.54,464.55,466.42,469.55,469.55,469.55,469.55,469.55,471.85,490.0,379.0,395.0,395.0,395.0,399.0,400.0,400.0,400.0,409.0,409.89,420.0,424.95,425.0,429.9,429.99,430.0,430.0,439.9,439.99,439.99,440.0,445.0,449.0,450.0,450.0,450.0,450.0,450.0,450.0,450.0
2026-09-24 18:01:35,Pokemon Crown Zenith ETB (Eng),single,341,296.19,306.19,307.19,293.23,294.39,313.02,314.21,296.19,306.19,307.19,307.19,307.41,310.39,314.55,318.39,319.53,319.55,319.55,319.55,322.49,322.5,322.5,322.74,324.99,326.19,326.98,327.14,327.19,327.5,327.5,327.75,329.05,329.41,329.54,332.18,332.19,332.19,284.99,285.0,285.0,288.88,289.0,289.99,295.0,299.0,299.0,299.98,299.99,300.0,300.0,300.0,300.0,300.0,300.0,300.0,300.0,305.0,305.0,305.0,309.5,309.99,315.0,315.0,319.0,319.0,319.95,320.0
2026-09-24 18:01:35,Pokemon VSTAR Universe Booster Display (Jpn),single,826,171.18,172.08,172.08,164.66,164.45,173.92,174.74,171.18,172.08,172.08,172.19,173.69,174.18,174.18,174.19,174.69,176.19,176.68,177.19,177.19,177.19,178.19,178.98,179.55,182.14,182.18,182.19,182.19,183.8,184.39,185.19,187.19,187.19,188.55,192.09,192.19,192.75,150.0,160.0,160.0,163.99,164.89,164.89,165.0,165.0,166.5,166.99,166.99,167.0,167.5,169.0,169.0,169.49,169.99,170.0,170.0,170.0,170.0,171.0,174.95,174.99,174.99,175.0,175.0,175.0,175.0,175.0
2026-09-24 18:01:35,Pokemon Flareon VMAX Premium Collection EU Version (Eng),single,88,264.39,302.19,304.48,297.49,293.99,307.18,307.81,264.39,302.19,304.48,307.14,307.18,307.19,307.19,307.19,307.5,309.54,317.08,317.5,319.55,319.55,319.55,322.19,322.5,327.19,327.19,337.74,347.41,359.54,363.73,368.55,375.72,382.45,413.72,419.54,506.19,507.18,245.0,285.0,289.99,295.0,295.0,299.95,299.99,299.99,300.0,300.0,300.0,300.0,300.0,300.0,300.0,300.0,307.8,309.89,315.0,320.0,320.0,329.99,339.99,349.0,349.99,350.0,359.95,399.99,499.0,499.99
2026-09-24 18:01:35,Pokemon Jolteon VMAX Premium Collection EU Version (Eng),single,85,287.19,292.19,293.98,293.07,293.97,301.15,303.85,287.19,292.19,293.98,294.99,297.17,302.09,302.19,304.48,307.14,307.18,307.19,309.39,317.08,317.09,318.39,322.19,322.19,329.54,339.55,347.41,363.73,367.73,368.55,373.73,375.72,382.45,399.54,413.72,419.54,506.19,280.0,285.0,287.99,289.98,290.0,290.0,294.9,295.0,297.7,299.0,299.95,299.99,299.99,300.0,300.0,309.89,309.99,310.0,315.0,315.0,320.0,329.99,349.0,349.99,349.99,350.0,359.95,379.99,399.99,499.0
2026-09-24 18:01:35,Pokemon Vaporeon VMAX Premium Collection EU Version (Eng),single,72,319.19,322.19,327.14,320.95,326.9,331.7,339.37,319.19,322.19,327.14,327.18,327.19,327.19,328.39,337.19,337.19,342.09,352.08,357.18,357.19,359.54,369.55,383.73,387.41,406.19,413.72,418.55,419.54,419.54,422.45,425.72,457.18,506.19,507.18,519.39,850.0,950.0,309.0,312.0,315.0,319.95,319.99,320.0,320.0,320.0,322.7,330.0,330.0,339.99,344.89,349.99,349.99,350.0,350.0,369.99,399.0,399.0,399.95,399.99,399.99,400.0,449.99,499.0,499.99,500.0,750.0,850.0
2026-09-24 18:01:35,Pokemon Celebrations ETB (De),single,398,292.19,297.19,307.19,312.25,311.87,322.22,321.47,292.19,297.19,307.19,319.39,321.19,322.19,326.19,327.19,327.19,327.19,327.19,327.19,332.18,332.18,336.18,337.18,337.18,337.19,339.39,348.1,356.19,357.18,357.19,357.19,360.69,365.19,367.18,376.49,377.19,379.34,285.0,290.0,300.0,300.0,310.0,314.0,315.0,319.0,320.0,320.0,320.0,320.0,320.0,320.0,324.99,324.99,328.99,329.99,329.99,330.0,349.0,349.99,350.0,350.0,353.5,358.0,359.95,359.99,370.0,371.5
2026-09-24 18:01:35,Pokemon Champions Path ETB (Eng),single,180,146.19,147.17,147.19,145.37,146.13,153.81,154.77,146.19,147.17,147.19,152.19,152.19,155.18,155.19,155.19,156.19,157.18,157.18,157.19,157.19,162.5,163.6,164.99,166.19,167.19,167.19,169.38,172.19,174.24,176.19,177.19,177.19,179.55,183.1,184.97,186.19,188.55,139.0,139.98,140.0,140.0,145.0,145.0,147.99,148.0,148.0,149.0,149.99,149.99,149.99,150.0,150.0,150.0,150.0,159.0,159.0,160.0,160.0,160.0,164.75,165.0,169.0,169.0,169.95,170.0,170.0,174.95
2026-09-24 18:01:35,Pokemon Tag Team Pikachu & Zekrom GX Premium Collection (Eng),single,36,285.98,287.19,292.19,296.86,304.32,311.84,318.62,285.98,287.19,292.19,297.14,309.55,314.54,316.37,317.19,322.19,325.55,326.42,337.5,342.74,347.5,357.19,369.54,371.49,377.19,406.98,422.19,425.47,425.72,454.48,506.19,506.19,523.0,650.0,700.0,1014.18,,279.99,280.0,285.0,289.9,289.95,290.0,294.99,306.0,309.0,310.0,315.0,315.0,325.0,325.0,349.99,349.99,350.0,370.0,399.0,399.99,400.0,415.0,449.99,499.0,499.0,500.0,550.0,600.0,1000.0,
2026-09-24 18:01:35,Pokemon Tag Team Reshiram & Charizard GX Premium Collection (Eng),single,29,287.19,296.19,297.18,307.24,309.19,320.13,322.99,287.19,296.19,297.18,319.39,319.55,323.17,324.16,325.19,326.19,326.19,329.54,335.39,341.47,344.55,349.54,366.48,369.39,396.19,404.48,406.19,407.19,417.74,650.0,773.0,2214.13,,,,,,280.0,289.0,289.99,300.0,300.0,309.99,310.0,315.0,315.98,316.97,318.0,319.0,319.0,325.0,329.99,344.98,350.0,389.0,399.0,399.99,400.0,400.0,550.0,750.0,2199.95,,,,,
2026-09-24 18:01:35,Pokemon VMAX Climax Booster Display (Jpn),single,192,157.19,162.19,162.19,158.75,159.02,167.69,169.33,157.19,162.19,162.19,167.19,167.19,167.19,167.19,167.19,171.17,172.19,174.38,175.18,176.19,176.19,177.19,177.99,180.89,182.49,182.5,183.05,184.55,185.7,187.18,187.19,187.47,187.5,188.0,189.39,192.74,194.39,150.0,154.99,155.0,155.0,159.99,160.0,160.0,160.0,160.0,160.0,160.0,160.0,162.9,163.5,163.98,165.0,165.0,165.0,165.0,165.0,167.99,169.0,169.0,169.9,169.99,170.0,170.0,170.0,170.0,175.0
2026-09-24 18:01:35,Pokemon Battle Region Booster Display (Jpn),single,88,79.09,80.18,82.18,73.98,75.25,85.58,87.82,79.09,80.18,82.18,83.1,83.48,84.19,85.99,86.18,87.08,92.47,92.47,93.05,94.38,96.47,96.99,103.1,104.29,105.82,106.47,106.99,107.18,107.19,108.1,109.29,111.87,113.09,113.1,113.47,117.46,117.47,69.0,70.0,70.0,71.9,72.99,74.99,74.99,75.0,75.0,77.0,78.99,79.0,79.89,79.95,79.99,79.99,80.0,80.0,84.9,89.0,89.34,89.9,90.0,95.0,96.0,99.0,99.98,99.99,99.99,100.0
2026-09-24 18:01:35,Pokemon Clay Burst Booster Display (Jpn),single,289,88.98,91.19,92.08,84.73,85.19,93.42,95.27,88.98,91.19,92.08,92.17,92.19,92.19,93.09,93.97,95.19,96.47,97.19,99.19,100.99,101.99,102.19,104.38,106.47,106.48,107.19,109.25,110.35,112.37,112.98,112.98,113.1,113.47,115.08,117.09,117.18,117.46,79.0,79.99,84.0,84.0,84.89,84.98,84.99,84.99,85.0,85.0,85.0,88.0,88.98,89.0,90.0,90.0,90.0,92.0,93.16,94.9,95.0,95.0,96.0,99.88,99.88,99.99,100.0,100.0,100.0,107.89
2026-09-24 18:01:35,Pokemon Fusion Strike Booster Display (Eng),single,212,791.18,793.18,794.18,798.5,807.59,828.33,839.24,791.18,793.18,794.18,814.17,828.55,829.55,829.55,833.18,837.94,859.5,862.41,864.08,869.55,888.55,893.1,894.18,895.0,899.55,904.18,914.08,914.17,914.18,914.18,914.18,923.72,925.0,929.54,929.9,947.8,947.8,777.0,779.0,780.0,795.0,795.0,799.0,799.99,800.0,800.0,819.0,824.95,825.0,829.95,840.0,849.9,850.0,850.0,850.0,850.0,850.0,859.0,859.99,870.0,880.0,890.0,895.0,895.99,899.0,899.9,899.9
2026-09-24 18:01:35,Pokemon Astral Radiance Booster Display (Eng),single,274,351.19,352.19,357.18,349.87,351.12,363.37,367.46,351.19,352.19,357.18,357.19,357.19,362.19,362.94,366.19,369.55,374.55,375.39,379.5,379.55,382.5,384.55,385.49,386.37,388.1,392.75,395.47,402.19,407.18,407.19,407.19,407.19,412.72,422.19,422.98,432.19,437.18,344.0,345.0,348.99,349.95,349.99,350.0,350.0,350.0,350.0,350.0,350.0,355.0,355.0,359.0,359.9,359.95,360.0,360.0,362.99,365.0,369.0,379.99,395.0,399.98,399.99,400.0,400.0,400.0,415.0,425.0
2026-09-24 18:01:35,Pokemon Lost Origin ETB (Eng),single,312,192.19,194.19,197.42,186.37,188.25,202.74,203.32,192.19,194.19,197.42,197.55,202.08,202.09,202.5,206.19,206.89,207.18,207.19,207.19,208.55,208.99,209.55,211.47,212.19,212.41,214.89,216.18,217.19,217.19,217.5,217.5,218.39,219.5,219.54,222.08,222.08,222.08,178.0,180.0,180.0,184.99,185.0,185.0,187.0,189.0,190.0,190.0,194.89,194.9,194.99,195.0,195.0,199.0,199.0,199.0,199.95,199.99,199.99,199.99,199.99,200.0,200.0,205.0,205.0,208.99,209.9,209.99
2026-09-24 18:01:35,Pokemon Crown Zenith Galarian Articuno Tin US Version (Eng),single,27,143.1,144.06,151.63,144.69,149.9,161.96,164.73,143.1,144.06,151.63,154.5,157.19,157.19,161.47,167.19,172.5,173.99,176.19,177.18,177.18,178.09,179.55,207.18,442.75,,,,,,,,,,,,,,130.0,132.0,133.06,135.0,144.44,144.99,149.99,150.0,150.0,150.0,160.0,160.0,169.0,169.99,169.99,199.99,400.0,,,,,,,,,,,,,
2026-09-24 18:01:35,Pokemon Crown Zenith Galarian Zapdos Tin US Version (Eng),single,29,133.1,136.18,144.08,133.19,137.63,149.25,152.69,133.1,136.18,144.08,146.49,147.1,147.18,149.1,151.63,152.19,156.19,157.18,157.19,163.09,172.5,177.18,207.18,442.75,,,,,,,,,,,,,,114.0,116.0,120.0,123.99,128.99,129.99,133.08,139.99,144.44,145.0,149.0,149.99,150.0,150.0,169.99,199.99,400.0,,,,,,,,,,,,,
2026-09-24 18:01:35,Pokemon Crown Zenith Galarian Moltres Tin US Version (Eng),single,22,155.0,157.19,157.19,151.62,172.26,168.32,192.07,155.0,157.19,157.19,159.1,162.75,167.18,168.49,172.5,177.18,182.18,183.09,186.47,202.75,207.18,442.75,,,,,,,,,,,,,,,,120.0,145.99,146.0,147.0,149.99,150.0,150.0,150.0,159.99,160.0,160.0,169.99,174.99,199.99,400.0,,,,,,,,,,,,,,,
2026-09-24 18:01:35,Pokemon 151 Zapdos ex Collection (Eng),single,187,122.18,124.19,126.19,117.49,118.52,133.24,135.43,122.18,124.19,126.19,126.19,132.1,133.1,134.39,137.18,138.05,138.73,142.42,143.04,143.05,143.09,147.5,147.5,147.74,152.5,157.18,157.19,162.75,163.1,163.1,168.0,172.49,172.5,197.5,222.5,233.05,257.18,99.0,100.0,109.99,114.99,115.0,117.0,119.0,119.0,120.0,124.95,125.0,125.0,129.0,129.94,129.95,129.99,130.0,130.0,130.0,134.9,149.99,149.99,150.0,150.0,150.0,150.0,175.0,199.95,200.0,249.99
2026-09-24 18:01:35,Pokemon 151 UPC (Eng),single,389,685.68,685.68,694.94,701.87,704.0,719.1,722.17,685.68,685.68,694.94,714.94,715.68,715.68,715.68,729.55,730.68,735.67,735.68,735.68,735.68,745.68,755.68,760.63,760.68,760.68,765.68,784.55,789.55,789.68,795.68,804.55,804.85,809.55,813.68,814.68,814.68,820.0,670.0,670.0,679.99,699.99,700.0,700.0,700.0,700.0,715.0,719.99,720.0,720.0,720.0,720.0,725.0,730.0,735.0,740.0,740.0,744.95,745.0,745.0,749.0,750.0,755.0,760.0,770.0,774.0,775.0,780.0
2026-09-24 18:01:35,Pokemon 151 UPC (De),single,389,645.58,645.67,648.68,650.99,664.18,666.67,679.86,645.58,645.67,648.68,655.68,655.68,660.67,665.68,665.68,675.63,705.67,710.67,715.63,715.67,715.68,715.68,715.68,734.68,740.58,744.68,765.63,805.9,805.9,805.9,812.98,815.17,815.67,815.67,815.68,895.68,898.95,629.9,629.99,633.0,640.0,640.0,644.99,650.0,650.0,659.95,689.99,694.99,699.95,699.99,700.0,700.0,700.0,719.0,724.9,729.0,749.95,798.95,799.0,799.49,799.99,799.99,799.99,800.0,800.0,800.0,800.0
2026-09-24 18:01:35,Pokemon 151 Booster Display (Jpn),single,567,237.18,242.18,246.18,240.99,242.29,254.23,256.18,237.18,242.18,246.18,246.19,247.18,252.94,259.55,259.55,260.98,261.3,264.55,264.55,265.99,267.17,267.18,267.19,269.54,269.55,269.99,270.98,271.19,272.18,273.19,274.55,275.18,276.19,276.19,277.18,277.18,280.98,229.99,234.99,238.99,239.0,239.95,239.99,240.0,240.0,245.0,245.0,245.0,247.5,249.0,249.99,249.99,250.0,253.79,255.0,255.0,259.98,259.99,259.99,260.0,260.0,264.0,264.99,265.0,265.0,265.0,266.0
2026-09-24 18:01:35,Pokemon Paradigm Trigger Booster Display (Jpn),single,180,127.09,129.14,129.18,120.73,121.18,132.19,133.54,127.09,129.14,129.18,129.19,129.19,132.09,132.47,133.1,136.09,136.18,137.18,137.19,137.47,138.1,139.39,140.14,141.19,142.89,143.0,143.98,147.09,147.19,147.42,148.0,151.42,152.19,152.99,153.1,156.19,156.19,115.0,115.0,119.9,120.0,120.0,120.0,120.0,121.95,121.99,122.0,122.0,124.9,124.9,125.0,125.0,128.9,128.99,129.99,130.0,130.0,132.95,134.0,134.0,135.0,139.9,139.99,139.99,140.0,140.0,140.0
2026-09-24 18:01:35,Pokemon Star Birth Booster Display (Jpn),single,114,122.19,127.19,127.19,124.43,125.96,132.31,134.76,122.19,127.19,127.19,129.19,131.19,132.18,132.19,133.14,136.19,137.18,138.98,142.14,143.09,144.18,145.18,145.9,146.18,146.19,147.19,147.5,149.19,152.99,156.19,157.19,157.19,157.47,159.39,161.47,164.48,166.47,115.0,120.0,120.0,122.0,124.0,124.99,125.0,125.0,125.95,128.48,129.0,129.99,129.99,134.95,134.99,135.0,136.99,137.99,138.99,139.0,140.0,140.0,140.0,142.0,144.0,149.0,149.0,150.0,150.0,150.0
2026-09-24 18:01:35,Pokemon Violet ex Booster Display (Jpn),single,207,72.19,73.68,74.18,68.68,69.93,77.37,80.01,72.19,73.68,74.18,74.19,76.18,77.18,77.18,77.18,79.69,83.18,85.38,87.18,87.18,87.47,88.09,90.1,91.98,91.98,91.99,93.05,93.88,94.24,94.53,94.88,95.08,95.89,96.79,96.89,97.19,97.47,65.0,65.99,66.49,66.99,67.0,68.99,69.99,69.99,69.99,70.0,70.0,72.5,74.99,75.0,75.99,77.0,77.54,78.88,78.88,78.9,79.9,79.95,79.99,79.99,79.99,80.0,80.0,80.0,87.89,89.0
2026-09-24 18:01:35,Pokemon Brilliant Stars Booster Display (De),single,226,335.19,342.18,342.19,336.21,338.65,347.67,351.08,335.19,342.18,342.19,344.09,344.39,344.85,347.14,349.39,352.14,357.18,357.19,357.19,357.19,357.19,378.73,386.19,387.19,404.89,407.18,446.19,454.97,456.69,486.19,489.39,502.19,503.17,506.19,506.87,507.09,507.18,315.0,325.0,328.0,330.0,334.99,335.0,336.9,339.9,339.95,344.95,349.99,350.0,350.0,350.0,350.0,379.0,380.0,399.9,399.99,439.0,449.5,449.99,470.0,479.0,495.0,495.98,499.0,499.68,499.9,499.99
2026-09-24 18:01:35,Pokemon Lost Origin Booster Display (De),single,362,357.19,372.19,374.19,369.97,373.64,377.98,382.87,357.19,372.19,374.19,375.85,375.89,376.18,377.19,380.19,382.18,382.19,387.19,387.19,403.09,406.13,406.19,406.89,407.18,407.19,428.73,432.19,436.19,456.18,457.17,457.18,457.19,457.19,462.89,487.14,489.39,494.19,350.0,365.0,365.0,367.0,368.99,369.9,370.0,370.9,373.0,374.99,375.0,380.0,380.0,395.9,398.94,399.0,399.99,400.0,401.9,425.0,429.0,448.99,449.98,449.99,449.99,450.0,450.0,470.0,475.0,479.95
2026-09-24 18:01:35,Pokemon Twilight Masquerade Booster Display (De),single,260,257.19,267.19,269.34,270.19,277.05,277.65,284.91,257.19,267.19,269.34,270.09,272.08,272.14,276.19,287.07,287.09,287.19,302.13,304.98,306.87,306.87,307.18,407.18,1014.17,,,,,,,,,,,,,,249.95,250.0,260.0,262.9,264.89,264.95,269.0,279.88,279.9,280.0,294.94,299.68,299.68,299.99,299.99,399.99,999.99,,,,,,,,,,,,,
2026-09-24 18:01:35,Pokemon Prismatic Evolutions Mini Tin Display (Eng),single,327,263.69,264.55,267.99,250.78,252.68,274.28,275.77,263.69,264.55,267.99,269.44,272.5,275.8,276.45,277.14,277.19,277.75,279.55,281.0,282.5,284.85,286.18,286.19,286.5,286.68,287.18,289.54,292.19,292.74,297.17,297.19,297.45,299.5,301.44,302.5,303.97,306.19,235.0,235.0,245.0,249.89,249.99,249.99,250.0,250.0,254.9,256.5,259.99,260.0,260.0,264.0,269.95,269.99,270.0,278.99,279.0,279.49,279.9,279.9,279.95,279.99,280.0,285.0,289.0,289.95,289.98,290.0
2026-09-24 18:01:35,Pokemon Prismatic Evolutions Booster Bundle Display (Eng),case,195,1056.5,1140.68,1191.5,1147.25,1175.5,1208.22,1229.19,1056.5,1140.68,1191.5,1250.0,1250.68,1265.58,1271.7,1285.7,1285.7,1293.86,1296.86,1300.0,1310.73,1315.68,1346.8,1346.8,1350.0,1361.7,1365.56,1386.7,1400.0,1400.0,1400.0,1415.67,1415.67,1415.68,1447.8,1447.8,1450.0,1503.4,1000.0,1125.0,1125.0,1150.0,1189.0,1200.0,1235.0,1235.0,1247.0,1249.0,1249.0,1249.0,1249.0,1249.9,1250.0,1250.0,1300.0,1300.0,1300.0,1300.0,1325.0,1349.88,1350.0,1350.0,1350.0,1350.0,1399.0,1399.99,1399.99,1400.0
2026-09-24 18:01:35,Pokemon Prismatic Evolutions ETB (De),single,2169,160.19,164.39,167.19,164.99,165.85,173.43,175.12,160.19,164.39,167.19,172.18,172.19,172.19,172.19,177.09,177.18,177.19,179.39,182.19,182.19,183.8,187.18,187.18,187.19,187.19,187.19,187.19,194.38,194.39,194.39,196.87,197.18,199.39,201.19,204.97,205.98,206.19,145.0,153.0,160.0,160.0,164.99,165.0,165.0,165.0,169.9,169.99,170.0,174.9,174.99,175.0,175.0,175.0,175.0,179.99,179.99,180.0,180.0,180.0,180.0,180.0,189.68,189.99,194.0,199.0,199.0,199.9
2026-09-24 18:01:35,Pokemon Prismatic Evolutions ETB (Eng),single,2169,164.19,166.19,172.19,161.38,162.8,176.8,177.3,164.19,166.19,172.19,174.0,175.19,177.19,177.19,179.55,179.55,179.55,180.19,182.19,183.0,184.55,184.85,184.97,185.5,185.5,187.41,187.42,188.5,188.5,189.39,189.5,189.55,189.55,189.55,189.55,189.55,192.19,157.0,159.0,160.0,160.0,160.0,160.0,160.0,163.0,163.0,165.0,165.0,166.0,167.0,168.0,168.95,169.99,170.0,170.0,170.0,170.0,170.0,170.0,170.0,170.0,170.0,170.0,170.0,173.0,174.99,174.99
2026-09-24 18:01:35,Prismatic Evolutions Super-Premium Collection (Eng),single,1548,279.55,280.98,284.77,269.09,269.78,288.14,288.96,279.55,280.98,284.77,287.5,287.77,287.89,288.69,289.49,289.5,289.5,290.55,294.33,294.55,294.55,294.76,294.77,295.94,298.55,302.5,302.9,303.69,304.05,304.77,305.99,307.69,308.54,308.69,308.69,312.5,312.75,260.0,263.0,265.0,268.0,269.9,269.94,269.95,269.95,270.0,270.0,271.0,274.99,274.99,275.0,275.0,275.0,279.0,279.9,279.95,280.0,280.0,284.5,285.0,285.0,288.99,289.0,290.0,290.0,294.9,294.95
2026-09-24 18:01:35,Prismatic Evolutions Super-Premium Collection (De),single,1548,208.63,208.64,208.67,201.47,202.52,211.32,212.79,208.63,208.64,208.67,208.68,208.69,210.69,211.9,213.58,213.68,214.69,215.68,215.69,216.69,217.69,218.18,218.19,218.19,218.44,218.59,218.64,218.64,218.68,218.69,218.69,218.69,218.69,218.69,218.69,220.9,223.69,190.0,199.0,199.94,199.95,199.98,199.99,200.0,202.0,204.89,204.99,206.0,206.99,207.0,208.0,209.0,209.49,209.5,209.5,209.75,209.9,209.95,209.95,209.99,210.0,210.0,210.0,210.0,210.0,210.0,210.0
2026-09-24 18:01:35,Pokemon Black Bolt & White Flare Unova Mini Tin Display (Eng),single,108,237.19,240.19,242.09,236.54,239.42,248.55,253.64,237.19,240.19,242.09,242.19,243.19,247.09,248.5,251.98,256.19,257.19,265.47,266.36,267.42,269.54,269.94,271.89,286.99,287.18,294.55,298.33,299.5,302.14,306.87,307.17,307.7,407.19,507.19,614.17,1014.17,,224.0,230.0,233.0,234.6,234.9,235.0,236.0,239.0,239.89,239.9,245.99,249.0,249.99,249.99,250.0,250.0,259.99,264.95,275.0,279.8,279.95,279.99,294.95,299.68,299.98,400.0,500.0,599.99,999.99,
2026-09-24 18:01:35,Pokemon Lost Abyss Booster Display (Jpn),single,127,216.69,217.18,217.47,217.44,220.43,230.54,234.82,216.69,217.18,217.47,227.19,227.19,227.39,232.19,234.55,237.18,241.19,243.0,249.38,249.55,250.0,252.19,255.19,257.14,257.18,264.55,272.19,283.73,289.19,297.18,306.19,307.17,307.18,307.18,307.19,307.19,313.73,200.0,208.0,209.5,209.99,215.0,220.0,220.0,220.0,220.0,225.0,229.99,229.99,230.0,234.0,235.0,245.0,245.0,248.0,249.95,249.99,250.0,265.0,280.0,282.0,289.0,289.99,289.99,293.9,299.0,299.0
2026-09-24 18:01:35,Pokemon Terastal Festival ex Booster Display (Jpn),single,908,91.5,107.46,107.9,94.36,94.79,111.6,111.58,91.5,107.46,107.9,108.1,109.19,112.18,112.19,113.05,114.37,115.8,115.99,115.99,116.45,116.6,116.99,116.99,117.18,117.19,117.47,117.5,121.18,121.39,121.99,122.18,122.5,122.99,122.99,122.99,123.0,123.09,80.0,89.0,89.99,89.99,94.0,95.0,95.0,95.0,96.9,98.98,99.0,99.0,99.95,100.0,100.0,100.0,100.0,100.0,102.0,102.0,102.0,103.5,104.0,104.99,105.0,105.0,105.0,105.0,105.0,109.99
2026-09-25 06:01:20,Pokemon Destined Rivals Booster Display (Eng),single,1336,352.19,359.5,364.19,348.48,348.61,370.96,370.08,352.19,359.5,364.19,367.4,372.19,372.19,372.3,372.5,373.0,373.9,373.9,374.39,374.39,374.55,374.55,375.19,375.39,376.19,376.47,378.9,379.99,380.5,381.5,382.19,382.49,383.1,383.5,383.55,383.9,384.5,336.5,344.9,345.0,345.0,349.0,349.0,349.8,350.0,350.0,350.0,350.0,350.0,350.0,355.0,355.0,355.0,357.0,359.0,359.99,360.0,360.0,360.0,360.0,360.0,360.0,361.0,364.0,364.95,364.97,365.0
2026-09-25 06:01:20,Pokemon Destined Rivals Booster Display Case (Eng),case,189,2241.45,2250.73,2289.99,2197.0,2239.5,2284.93,2317.06,2241.45,2250.73,2289.99,2299.0,2300.0,2310.22,2331.45,2368.48,2386.8,2392.45,2399.98,2400.0,2400.0,2417.48,2450.0,2468.47,2474.89,2500.0,2517.48,2518.47,2553.4,2553.4,2561.17,2597.8,2599.89,2602.4,2641.45,2642.45,2692.45,2749.99,2129.0,2189.99,2199.0,2199.0,2200.0,2289.0,2289.0,2300.0,2300.0,2300.0,2300.0,2350.0,2350.0,2350.0,2399.0,2400.0,2449.99,2450.0,2450.0,2465.0,2499.0,2499.0,2499.89,2499.99,2500.0,2500.0,2599.0,2599.99,2600.0,2645.0
2026-09-25 06:01:20,Pokemon Black Bolt ETB (Eng),single,546,132.09,136.0,136.17,125.65,126.0,139.75,140.77,132.09,136.0,136.17,137.18,139.19,140.19,140.4,141.19,141.5,142.19,142.19,143.55,146.07,146.5,147.09,147.09,147.09,147.42,147.6,147.99,148.0,148.05,148.09,148.55,148.59,149.05,149.29,149.39,149.99,151.39,115.95,120.0,120.0,124.9,124.99,125.0,125.0,127.5,128.81,128.98,129.0,129.9,129.95,129.99,130.0,130.0,130.0,130.0,130.0,132.0,133.0,134.0,134.0,134.0,134.45,134.49,134.95,134.99,135.0,135.0
2026-09-25 06:01:20,Pokemon Ascended Heroes ETB (Eng),single,1794,158.18,162.42,165.97,148.6,149.43,168.75,169.35,158.18,162.42,165.97,166.07,167.42,167.5,170.18,170.4,170.99,171.5,172.19,172.5,174.55,175.19,175.19,175.5,176.42,176.46,176.5,176.55,176.99,177.0,177.19,177.9,177.9,178.47,179.54,179.55,179.55,179.55,145.0,145.0,145.0,145.0,148.9,149.9,149.99,150.0,150.0,150.0,150.99,152.0,152.95,153.0,153.7,154.9,155.0,155.0,155.0,157.0,157.5,158.98,159.0,159.99,160.0,160.0,160.0,160.0,160.0,160.0
2026-09-25 06:01:20,Pokemon Ascended Heroes ETB Case (Eng),case,152,1650.0,1650.0,1699.0,1612.22,1644.79,1692.81,1717.83,1650.0,1650.0,1699.0,1711.12,1711.12,1732.45,1741.45,1742.45,1758.25,1782.45,1785.0,1792.45,1792.45,1801.2,1819.0,1819.99,1842.45,1842.45,1845.0,1847.7,1861.16,1873.48,1883.25,1892.45,1900.0,1947.8,1992.44,1994.89,1996.8,2000.0,1550.0,1550.0,1599.0,1649.95,1649.95,1675.0,1685.0,1690.0,1699.0,1700.0,1700.0,1719.0,1719.99,1740.0,1745.0,1749.9,1750.0,1750.0,1799.99,1800.0,1800.0,1800.0,1800.0,1850.0,1850.0,1855.0,1899.0,1900.0,1900.0,1949.99
2026-09-25 06:01:20,Pokemon 30th Celebration ETB (Eng),single,2241,154.07,156.0,157.9,134.61,135.45,159.75,159.64,154.07,156.0,157.9,159.06,159.5,159.97,160.06,160.06,160.5,160.97,161.06,161.07,161.41,161.5,161.5,161.59,162.19,162.9,162.9,162.99,164.49,164.98,165.32,165.42,166.37,166.42,166.47,166.99,167.42,167.42,125.0,130.0,130.0,130.0,130.0,133.0,137.0,138.0,139.0,139.9,139.9,139.99,140.0,140.0,140.0,141.98,142.99,142.99,143.0,143.0,143.9,143.99,143.99,143.99,144.0,144.9,144.99,144.99,144.99,145.0
2026-09-25 06:01:20,Pokemon 30th Celebration Booster Bundle (Eng),single,891,97.19,98.82,101.43,91.85,93.5,105.75,107.87,97.19,98.82,101.43,101.95,104.98,105.45,106.47,107.99,108.8,108.9,109.98,112.95,113.5,117.17,122.5,128.19,133.09,,,,,,,,,,,,,,84.9,84.95,89.95,89.99,89.99,89.99,90.0,94.93,94.94,95.0,97.95,99.95,99.98,99.99,99.99,99.99,100.0,,,,,,,,,,,,,
2026-09-25 06:01:20,Pokemon 30th Celebration Mini Tin Display (Eng),single,94,292.9,299.99,299.99,308.59,323.38,321.32,338.7,292.9,299.99,299.99,308.9,312.42,319.5,328.9,329.95,334.98,335.94,362.0,379.9,388.19,389.98,396.9,397.4,,,,,,,,,,,,,,,268.99,269.0,295.0,298.95,299.95,299.95,299.98,319.95,324.95,329.99,350.0,360.0,374.0,379.98,379.99,380.0,,,,,,,,,,,,,,
2026-09-25 06:01:20,Pokemon Destined Rivals Booster Display (De),single,1336,256.19,257.19,262.19,260.49,262.32,270.65,272.25,256.19,257.19,262.19,267.19,267.19,268.0,272.18,275.09,276.18,277.19,277.39,281.19,282.18,282.18,282.19,282.19,285.19,286.68,287.09,287.18,287.19,287.39,288.38,291.18,292.09,292.17,292.18,296.19,296.19,297.18,245.0,249.0,250.0,255.0,258.0,260.0,260.0,264.99,267.9,268.0,268.99,268.99,270.0,274.0,274.99,274.99,275.0,275.0,278.0,279.49,279.9,279.99,280.0,283.99,284.9,284.98,284.99,289.0,289.0,289.99
2026-09-25 06:01:20,Pokemon Ascended Heroes Mini Tin Display (Eng),single,183,284.55,285.67,287.18,288.49,289.85,306.11,308.39,284.55,285.67,287.18,296.19,307.14,307.19,311.0,311.47,311.5,317.19,319.5,319.88,321.38,321.47,324.49,324.8,326.36,336.19,337.18,337.42,338.0,345.99,352.19,359.55,366.45,366.9,368.55,369.55,369.55,386.44,265.0,265.0,279.99,280.0,285.0,287.0,289.0,292.0,295.0,299.89,299.95,299.95,299.99,300.0,310.0,314.19,314.99,314.99,318.0,320.0,325.0,329.0,329.99,340.0,344.99,345.0,349.0,350.0,350.0,350.0
2026-09-25 06:01:20,Pokemon Ascended Heroes Booster Bundle Display (Eng),case,253,900.0,1000.0,1011.7,937.5,962.5,1021.67,1056.17,900.0,1000.0,1011.7,1025.0,1050.0,1075.0,1080.0,1125.0,1145.0,1149.95,1150.0,1150.0,1186.6,1197.8,1199.0,1200.0,1200.0,1200.0,1236.7,1240.99,1284.89,1299.0,1300.0,1300.0,1300.0,1320.0,1336.7,1336.7,1349.0,1350.0,800.0,900.0,925.0,950.0,975.0,975.0,980.0,1025.0,1045.0,1049.95,1050.0,1050.0,1099.0,1100.0,1100.0,1100.0,1100.0,1149.9,1198.99,1199.0,1200.0,1200.0,1200.0,1200.0,1220.0,1249.0,1250.0,1250.0,1262.0,1279.0
2026-09-25 06:01:20,Pokemon Ascended Heroes Pokemon Center ETB (Eng),single,302,362.75,372.75,375.39,378.37,381.13,402.08,408.13,362.75,372.75,375.39,386.19,386.5,406.18,406.19,413.1,419.39,423.73,425.39,427.19,438.1,439.54,439.54,439.55,451.19,451.19,451.19,455.38,457.18,461.5,463.72,467.42,467.69,469.53,472.19,472.5,476.47,497.19,320.0,330.0,350.0,360.0,365.0,375.0,379.0,398.99,399.0,399.99,400.0,400.0,400.0,419.99,419.99,420.0,420.0,429.99,440.0,444.0,444.0,444.0,449.95,449.98,449.99,450.0,450.0,450.0,465.0,480.0
2026-09-25 06:01:20,Pokemon Ascended Heroes Pokemon Center ETB (De),single,302,167.09,167.19,172.18,158.72,159.38,172.9,173.69,167.09,167.19,172.18,172.19,172.19,172.19,172.19,173.1,173.99,175.18,177.14,177.18,177.19,177.39,178.9,181.1,182.19,182.19,182.19,182.38,183.98,187.18,187.19,187.19,192.18,192.69,196.18,196.48,197.14,197.18,140.0,148.0,149.99,154.9,155.0,159.9,159.99,160.0,164.99,165.0,165.0,165.0,165.0,167.99,169.95,169.99,170.0,175.0,175.0,175.0,179.99,179.99,180.0,180.0,184.99,185.5,189.95,189.99,189.99,189.99
2026-09-25 06:01:20,Pokemon Ascended Heroes ETB (De),single,1794,105.19,112.18,112.19,106.72,107.11,113.91,114.3,105.19,112.18,112.19,112.69,112.69,113.09,113.14,115.19,116.09,116.19,117.18,117.18,117.18,117.18,117.19,117.19,117.19,117.19,117.19,117.19,118.19,121.04,121.09,121.19,121.19,122.14,122.14,122.17,122.19,122.19,98.0,104.99,105.0,105.5,105.5,105.9,105.95,108.0,108.9,109.0,109.99,109.99,109.99,109.99,110.0,110.0,110.0,110.0,110.0,110.0,111.0,113.85,113.9,114.0,114.0,114.95,114.95,114.98,115.0,115.0
2026-09-25 06:01:20,Pokemon Silver Tempest Booster Display (Eng),single,317,396.19,397.17,400.19,394.87,396.06,406.55,410.14,396.19,397.17,400.19,401.19,402.19,406.19,406.19,412.09,412.19,412.19,419.42,419.55,422.09,422.19,423.0,424.08,424.08,424.08,424.08,426.18,427.18,427.18,433.0,434.55,434.55,437.19,438.99,439.39,439.55,442.19,385.0,385.0,389.0,389.98,393.0,394.0,395.0,399.0,399.0,400.0,400.0,400.0,402.0,404.9,405.0,405.0,410.0,414.9,415.0,415.0,415.0,416.89,416.89,416.89,416.89,418.99,419.99,419.99,419.99,420.0
2026-09-25 06:01:20,Pokemon Lost Origin Booster Display (Eng),single,352,609.18,612.18,624.18,612.0,614.27,643.12,645.77,609.18,612.18,624.18,629.18,634.18,641.1,644.55,654.08,654.55,663.16,663.18,664.13,664.17,664.17,664.55,678.55,678.55,680.18,684.07,689.84,694.07,694.08,694.55,699.0,704.18,708.76,713.18,713.18,718.12,719.0,595.0,598.0,598.0,599.0,610.0,615.0,615.0,619.0,619.99,620.0,620.0,620.0,625.0,625.0,635.0,639.9,640.0,648.98,649.0,649.0,649.0,649.95,649.99,649.99,650.0,665.0,666.0,669.89,675.0,675.66
2026-09-25 06:01:20,Pokemon Chilling Reign Booster Display (Eng),single,182,388.1,398.55,402.19,399.12,400.79,415.99,419.14,388.1,398.55,402.19,406.19,417.08,417.5,417.5,419.55,422.5,425.39,429.55,431.5,437.09,437.18,437.19,439.55,444.55,447.19,447.45,449.55,457.19,459.54,464.55,466.42,469.55,469.55,469.55,469.55,469.55,471.85,350.0,379.0,395.0,395.0,395.0,399.0,400.0,400.0,400.0,409.0,409.89,410.0,420.0,424.95,425.0,429.9,429.99,430.0,430.0,439.99,439.99,440.0,445.0,449.0,450.0,450.0,450.0,450.0,450.0,450.0
2026-09-25 06:01:20,Pokemon Crown Zenith ETB (Eng),single,341,296.19,299.55,306.19,293.23,294.05,311.8,312.92,296.19,299.55,306.19,307.19,307.19,307.41,313.99,314.55,318.39,319.53,319.55,319.55,319.55,322.49,322.5,322.5,322.74,324.99,326.19,326.98,327.14,327.19,327.5,327.5,327.75,329.05,329.41,332.18,332.19,332.19,280.0,284.99,285.0,288.88,289.0,289.99,295.0,299.0,299.0,299.98,299.99,299.99,300.0,300.0,300.0,300.0,300.0,300.0,300.0,300.0,305.0,305.0,305.0,309.5,315.0,315.0,319.0,319.0,319.95,320.0
2026-09-25 06:01:20,Pokemon VSTAR Universe Booster Display (Jpn),single,826,164.19,171.18,172.08,163.78,163.78,173.66,174.07,164.19,171.18,172.08,172.08,172.19,173.69,174.18,174.19,174.69,176.19,176.68,177.19,177.19,177.19,178.19,178.98,179.55,182.14,182.18,182.19,182.19,183.8,184.39,185.19,187.19,187.19,188.55,192.09,192.19,192.75,150.0,157.0,160.0,160.0,163.99,164.89,164.89,165.0,165.0,166.5,166.99,167.0,167.5,169.0,169.0,169.49,169.99,170.0,170.0,170.0,170.0,171.0,174.95,174.99,174.99,175.0,175.0,175.0,175.0,175.0
2026-09-25 06:01:20,Pokemon Flareon VMAX Premium Collection EU Version (Eng),single,88,264.39,302.19,304.48,297.49,293.99,307.18,307.81,264.39,302.19,304.48,307.14,307.18,307.19,307.19,307.19,307.5,309.54,317.08,317.5,319.55,319.55,319.55,322.19,322.5,327.19,327.19,337.74,347.41,359.54,363.73,368.55,375.72,382.45,413.72,419.54,506.19,507.18,245.0,285.0,289.99,295.0,295.0,299.95,299.99,299.99,300.0,300.0,300.0,300.0,300.0,300.0,300.0,300.0,307.8,309.89,315.0,320.0,320.0,329.99,339.99,349.0,349.99,350.0,359.95,399.99,499.0,499.99
2026-09-25 06:01:20,Pokemon Jolteon VMAX Premium Collection EU Version (Eng),single,88,287.19,292.19,293.98,293.07,293.97,301.15,303.85,287.19,292.19,293.98,294.99,297.17,302.09,302.19,304.48,307.14,307.18,307.19,309.39,317.08,317.09,318.39,322.19,322.19,329.54,339.55,347.41,363.73,367.73,368.55,373.73,375.72,382.45,399.54,413.72,419.54,506.19,280.0,285.0,287.99,289.98,290.0,290.0,294.9,295.0,297.7,299.0,299.95,299.99,299.99,300.0,300.0,309.89,309.99,310.0,315.0,315.0,320.0,329.99,349.0,349.99,349.99,350.0,359.95,379.99,399.99,499.0
2026-09-25 06:01:20,Pokemon Vaporeon VMAX Premium Collection EU Version (Eng),single,72,319.19,322.19,327.14,320.95,326.9,331.7,339.37,319.19,322.19,327.14,327.18,327.19,327.19,328.39,337.19,337.19,342.09,352.08,357.18,357.19,359.54,369.55,383.73,387.41,406.19,413.72,418.55,419.54,419.54,422.45,425.72,457.18,506.19,507.18,519.39,850.0,950.0,309.0,312.0,315.0,319.95,319.99,320.0,320.0,320.0,322.7,330.0,330.0,339.99,344.89,349.99,349.99,350.0,350.0,369.99,399.0,399.0,399.95,399.99,399.99,400.0,449.99,499.0,499.99,500.0,750.0,850.0
2026-09-25 06:01:20,Pokemon Celebrations ETB (De),single,408,292.19,297.19,307.19,311.0,310.87,320.96,320.47,292.19,297.19,307.19,317.18,319.39,321.19,322.19,326.19,327.19,327.19,327.19,327.19,327.19,332.18,336.18,337.18,337.18,337.19,339.39,348.1,356.19,357.18,357.19,357.19,360.69,365.19,367.18,376.49,377.19,379.34,285.0,290.0,300.0,300.0,309.99,310.0,314.0,315.0,319.0,320.0,320.0,320.0,320.0,320.0,320.0,324.99,328.99,329.99,329.99,330.0,349.0,349.99,350.0,350.0,353.5,358.0,359.95,359.99,370.0,371.5
2026-09-25 06:01:20,Pokemon Champions Path ETB (Eng),single,185,147.17,147.19,152.18,146.25,146.66,154.69,155.82,147.17,147.19,152.18,152.19,152.19,155.19,155.19,156.19,157.18,157.18,157.19,157.19,162.5,163.6,164.99,166.19,167.19,167.19,169.38,172.19,174.24,176.19,177.19,177.19,179.55,183.1,184.97,186.19,188.55,189.5,139.98,140.0,140.0,144.99,145.0,145.0,148.0,148.0,149.0,149.99,149.99,149.99,150.0,150.0,150.0,150.0,159.0,159.0,160.0,160.0,160.0,164.75,165.0,169.0,169.0,169.95,170.0,170.0,174.95,174.95
2026-09-25 06:01:20,Pokemon Tag Team Pikachu & Zekrom GX Premium Collection (Eng),single,37,285.98,287.19,292.19,296.86,304.32,311.84,318.62,285.98,287.19,292.19,297.14,309.55,314.54,316.37,317.19,322.19,325.55,326.42,337.5,342.74,347.5,357.19,369.54,371.49,377.19,406.98,422.19,425.47,425.72,454.48,506.19,506.19,523.0,650.0,700.0,1014.18,,279.99,280.0,285.0,289.9,289.95,290.0,294.99,306.0,309.0,310.0,315.0,315.0,325.0,325.0,349.99,349.99,350.0,370.0,399.0,399.99,400.0,415.0,449.99,499.0,499.0,500.0,550.0,600.0,1000.0,
2026-09-25 06:01:20,Pokemon Tag Team Reshiram & Charizard GX Premium Collection (Eng),single,29,287.19,296.19,297.18,307.24,309.19,320.13,322.99,287.19,296.19,297.18,319.39,319.55,323.17,324.16,325.19,326.19,326.19,329.54,335.39,341.47,344.55,349.54,366.48,369.39,396.19,404.48,406.19,407.19,417.74,650.0,773.0,2214.13,,,,,,280.0,289.0,289.99,300.0,300.0,309.99,310.0,315.0,315.98,316.97,318.0,319.0,319.0,325.0,329.99,344.98,350.0,389.0,399.0,399.99,400.0,400.0,550.0,750.0,2199.95,,,,,
2026-09-25 06:01:20,Pokemon VMAX Climax Booster Display (Jpn),single,189,157.19,162.19,162.19,158.75,159.02,167.69,169.33,157.19,162.19,162.19,167.19,167.19,167.19,167.19,167.19,171.17,172.19,174.38,175.18,176.19,176.19,177.19,177.99,180.89,182.49,182.5,183.05,184.55,185.7,187.18,187.19,187.47,187.5,188.0,189.39,192.74,194.39,150.0,154.99,155.0,155.0,159.99,160.0,160.0,160.0,160.0,160.0,160.0,160.0,162.9,163.5,163.98,165.0,165.0,165.0,165.0,165.0,167.99,169.0,169.0,169.9,169.99,170.0,170.0,170.0,170.0,175.0
2026-09-25 06:01:20,Pokemon Battle Region Booster Display (Jpn),single,90,79.09,80.18,82.18,73.98,75.25,85.58,87.82,79.09,80.18,82.18,83.1,83.48,84.19,85.99,86.18,87.08,92.47,92.47,93.05,94.38,96.47,96.99,103.1,104.29,105.82,106.47,106.99,107.18,107.19,108.1,109.29,111.87,113.09,113.1,113.47,117.46,117.47,69.0,70.0,70.0,71.9,72.99,74.99,74.99,75.0,75.0,77.0,78.99,79.0,79.89,79.95,79.99,79.99,80.0,80.0,84.9,89.0,89.34,89.9,90.0,95.0,96.0,99.0,99.98,99.99,99.99,100.0
2026-09-25 06:01:20,Pokemon Clay Burst Booster Display (Jpn),single,289,88.98,91.19,92.08,84.73,85.19,93.42,95.27,88.98,91.19,92.08,92.17,92.19,92.19,93.09,93.97,95.19,96.47,97.19,99.19,100.99,101.99,102.19,104.38,106.47,106.48,107.19,109.25,110.35,112.37,112.98,112.98,113.1,113.47,115.08,117.09,117.18,117.46,79.0,79.99,84.0,84.0,84.89,84.98,84.99,84.99,85.0,85.0,85.0,88.0,88.98,89.0,90.0,90.0,90.0,92.0,93.16,94.9,95.0,95.0,96.0,99.88,99.88,99.99,100.0,100.0,100.0,107.89
2026-09-25 06:01:20,Pokemon Fusion Strike Booster Display (Eng),single,213,791.18,793.18,794.18,798.5,807.59,828.33,839.24,791.18,793.18,794.18,814.17,828.55,829.55,829.55,833.18,837.94,859.5,862.41,864.08,869.55,888.55,893.1,894.18,895.0,899.55,904.18,914.08,914.17,914.18,914.18,914.18,923.72,925.0,929.54,929.9,947.8,947.8,777.0,779.0,780.0,795.0,795.0,799.0,799.99,800.0,800.0,819.0,824.95,825.0,829.95,840.0,849.9,850.0,850.0,850.0,850.0,850.0,859.0,859.99,870.0,880.0,890.0,895.0,895.99,899.0,899.9,899.9
2026-09-25 06:01:20,Pokemon Astral Radiance Booster Display (Eng),single,277,351.19,352.19,357.18,349.87,351.12,363.37,367.46,351.19,352.19,357.18,357.19,357.19,362.19,362.94,366.19,369.55,374.55,375.39,379.5,379.55,382.5,384.55,385.49,386.37,388.1,392.75,395.47,402.19,407.18,407.19,407.19,407.19,412.72,422.19,422.98,432.19,437.18,344.0,345.0,348.99,349.95,349.99,350.0,350.0,350.0,350.0,350.0,350.0,355.0,355.0,359.0,359.9,359.95,360.0,360.0,362.99,365.0,369.0,379.99,395.0,399.98,399.99,400.0,400.0,400.0,415.0,425.0
2026-09-25 06:01:20,Pokemon Lost Origin ETB (Eng),single,308,192.19,194.19,197.42,189.47,190.45,203.32,204.13,192.19,194.19,197.42,197.55,202.08,202.09,206.19,206.89,207.18,207.19,207.19,208.55,209.55,211.47,212.19,212.41,214.89,216.18,217.19,217.19,217.5,217.5,218.39,219.5,219.54,222.08,222.08,222.08,222.08,222.08,178.0,180.0,185.0,185.0,187.0,189.0,190.0,190.0,194.89,194.9,194.99,195.0,195.0,199.0,199.0,199.0,199.95,199.99,199.99,199.99,199.99,200.0,200.0,205.0,205.0,208.99,209.9,209.99,210.0,210.0
2026-09-25 06:01:20,Pokemon Crown Zenith Galarian Articuno Tin US Version (Eng),single,27,143.1,144.06,151.63,144.69,149.9,161.96,164.73,143.1,144.06,151.63,154.5,157.19,157.19,161.47,167.19,172.5,173.99,176.19,177.18,177.18,178.09,179.55,207.18,442.75,,,,,,,,,,,,,,130.0,132.0,133.06,135.0,144.44,144.99,149.99,150.0,150.0,150.0,160.0,160.0,169.0,169.99,169.99,199.99,400.0,,,,,,,,,,,,,
2026-09-25 06:01:20,Pokemon Crown Zenith Galarian Zapdos Tin US Version (Eng),single,29,133.1,136.18,144.08,133.19,137.63,149.25,152.69,133.1,136.18,144.08,146.49,147.1,147.18,149.1,151.63,152.19,156.19,157.18,157.19,163.09,172.5,177.18,207.18,442.75,,,,,,,,,,,,,,114.0,116.0,120.0,123.99,128.99,129.99,133.08,139.99,144.44,145.0,149.0,149.99,150.0,150.0,169.99,199.99,400.0,,,,,,,,,,,,,
2026-09-25 06:01:20,Pokemon Crown Zenith Galarian Moltres Tin US Version (Eng),single,22,155.0,157.19,157.19,151.62,172.26,168.32,192.07,155.0,157.19,157.19,159.1,162.75,167.18,168.49,172.5,177.18,182.18,183.09,186.47,202.75,207.18,442.75,,,,,,,,,,,,,,,,120.0,145.99,146.0,147.0,149.99,150.0,150.0,150.0,159.99,160.0,160.0,169.99,174.99,199.99,400.0,,,,,,,,,,,,,,,
2026-09-25 06:01:20,Pokemon 151 Zapdos ex Collection (Eng),single,187,122.18,124.19,126.19,117.49,118.52,133.24,135.43,122.18,124.19,126.19,126.19,132.1,133.1,134.39,137.18,138.05,138.73,142.42,143.04,143.05,143.09,147.5,147.5,147.74,152.5,157.18,157.19,162.75,163.1,163.1,168.0,172.49,172.5,197.5,222.5,233.05,257.18,99.0,100.0,109.99,114.99,115.0,117.0,119.0,119.0,120.0,124.95,125.0,125.0,129.0,129.94,129.95,129.99,130.0,130.0,130.0,134.9,149.99,149.99,150.0,150.0,150.0,150.0,175.0,199.95,200.0,249.99
2026-09-25 06:01:20,Pokemon 151 UPC (Eng),single,389,685.68,694.94,714.94,714.37,718.0,736.69,742.35,685.68,694.94,714.94,715.68,729.55,735.68,735.68,745.68,755.68,760.63,760.68,760.68,765.68,784.55,789.55,789.68,795.68,804.55,809.55,813.68,814.68,814.68,820.0,820.19,825.0,825.68,829.55,829.55,835.0,840.0,670.0,679.99,699.99,700.0,700.0,720.0,720.0,720.0,725.0,730.0,735.0,740.0,740.0,744.95,745.0,745.0,749.0,750.0,755.0,760.0,770.0,774.0,775.0,780.0,780.0,780.0,780.0,785.0,787.0,795.0
2026-09-25 06:01:20,Pokemon 151 UPC (De),single,389,645.57,645.58,645.67,649.12,663.18,664.8,678.86,645.57,645.58,645.67,648.68,655.68,655.68,665.68,665.68,675.63,705.67,710.67,715.63,715.67,715.68,715.68,715.68,734.68,740.58,744.68,765.63,805.9,805.9,805.9,812.98,815.17,815.67,815.67,815.68,895.68,898.95,629.89,629.9,629.99,633.0,640.0,640.0,650.0,650.0,659.95,689.99,694.99,699.95,699.99,700.0,700.0,700.0,719.0,724.9,729.0,749.95,798.95,799.0,799.49,799.99,799.99,799.99,800.0,800.0,800.0,800.0
2026-09-25 06:01:20,Pokemon 151 Booster Display (Jpn),single,567,237.18,237.19,242.18,240.37,241.63,253.33,255.54,237.18,237.19,242.18,246.18,246.19,247.18,259.55,259.55,261.3,264.55,264.55,265.99,267.17,267.18,267.19,269.54,269.55,269.99,270.98,270.99,271.19,272.18,273.19,274.55,275.18,276.19,276.19,277.18,277.18,280.98,229.99,230.0,234.99,238.99,239.0,239.99,240.0,240.0,245.0,245.0,245.0,247.5,249.0,249.99,249.99,250.0,250.0,255.0,255.0,259.98,259.99,259.99,260.0,260.0,264.0,264.99,265.0,265.0,265.0,266.0
2026-09-25 06:01:20,Pokemon Paradigm Trigger Booster Display (Jpn),single,180,127.09,129.14,129.18,120.73,121.18,132.19,133.54,127.09,129.14,129.18,129.19,129.19,132.09,132.47,133.1,136.09,136.18,137.18,137.19,137.47,138.1,139.39,140.14,141.19,142.89,143.0,143.98,147.09,147.19,147.42,148.0,151.42,152.19,152.99,153.1,156.19,156.19,115.0,115.0,119.9,120.0,120.0,120.0,120.0,121.95,121.99,122.0,122.0,124.9,124.9,125.0,125.0,128.9,128.99,129.99,130.0,130.0,132.95,134.0,134.0,135.0,139.9,139.99,139.99,140.0,140.0,140.0
2026-09-25 06:01:20,Pokemon Star Birth Booster Display (Jpn),single,116,127.19,127.19,129.19,125.55,127.29,133.78,136.34,127.19,127.19,129.19,131.19,132.18,132.19,133.14,136.19,137.18,138.98,142.14,143.09,144.18,145.18,145.9,146.18,146.19,147.19,147.5,149.19,152.99,156.19,157.19,157.19,157.47,159.39,161.47,164.48,166.47,167.47,120.0,120.0,122.0,124.0,124.99,125.0,125.0,125.95,128.48,129.0,129.99,129.99,134.95,134.99,135.0,136.99,137.99,138.99,139.0,140.0,140.0,140.0,142.0,144.0,149.0,149.0,150.0,150.0,150.0,150.0
2026-09-25 06:01:20,Pokemon Violet ex Booster Display (Jpn),single,207,72.19,73.68,74.18,68.68,69.93,77.37,80.01,72.19,73.68,74.18,74.19,76.18,77.18,77.18,77.18,79.69,83.18,85.38,87.18,87.18,87.47,88.09,90.1,91.98,91.98,91.99,93.05,93.88,94.24,94.53,94.88,95.08,95.89,96.79,96.89,97.19,97.47,65.0,65.99,66.49,66.99,67.0,68.99,69.99,69.99,69.99,70.0,70.0,72.5,74.99,75.0,75.99,77.0,77.54,78.88,78.88,78.9,79.9,79.95,79.99,79.99,79.99,80.0,80.0,80.0,87.89,89.0
2026-09-25 06:01:20,Pokemon Brilliant Stars Booster Display (De),single,217,327.18,335.19,342.18,334.35,337.32,347.34,349.9,327.18,335.19,342.18,342.19,344.09,344.39,347.14,349.39,352.14,357.18,357.19,357.19,357.19,357.19,378.73,386.19,387.19,404.89,407.18,446.19,454.97,456.69,486.19,489.39,502.19,503.17,506.19,506.87,507.09,507.18,315.0,319.99,325.0,328.0,330.0,334.99,335.0,336.9,339.95,344.95,349.99,350.0,350.0,350.0,350.0,379.0,380.0,399.9,399.99,439.0,449.5,449.99,470.0,479.0,495.0,495.98,499.0,499.68,499.9,499.99
2026-09-25 06:01:20,Pokemon Lost Origin Booster Display (De),single,352,357.19,372.19,374.19,370.49,375.51,379.4,384.94,357.19,372.19,374.19,375.89,376.18,377.19,380.19,382.18,382.19,387.19,387.19,403.09,406.13,406.19,406.89,407.18,407.19,428.73,432.19,436.19,456.18,457.17,457.18,457.19,457.19,462.89,487.14,489.39,494.19,494.39,350.0,365.0,365.0,367.0,368.99,369.9,370.0,373.0,374.99,375.0,380.0,380.0,395.9,398.94,399.0,399.99,400.0,401.9,425.0,429.0,448.99,449.98,449.99,449.99,450.0,450.0,470.0,475.0,479.95,487.0
2026-09-25 06:01:20,Pokemon Twilight Masquerade Booster Display (De),single,260,257.19,267.19,269.34,270.19,277.05,277.65,284.91,257.19,267.19,269.34,270.09,272.08,272.14,276.19,287.07,287.09,287.19,302.13,304.98,306.87,306.87,307.18,407.18,1014.17,,,,,,,,,,,,,,249.95,250.0,260.0,262.9,264.89,264.95,269.0,279.88,279.9,280.0,294.94,299.68,299.68,299.99,299.99,399.99,999.99,,,,,,,,,,,,,
2026-09-25 06:01:20,Pokemon Prismatic Evolutions Mini Tin Display (Eng),single,327,263.69,264.55,267.99,250.78,252.68,274.28,275.86,263.69,264.55,267.99,269.44,272.5,275.8,276.45,277.14,277.19,277.75,279.55,281.0,282.5,286.18,286.19,286.5,286.68,287.18,289.54,292.19,292.74,297.17,297.19,297.45,299.5,301.44,302.5,303.97,306.19,307.18,235.0,235.0,245.0,249.89,249.99,249.99,250.0,250.0,254.9,256.5,259.99,260.0,260.0,264.0,269.95,269.99,270.0,278.99,279.0,279.49,279.9,279.95,279.99,280.0,285.0,289.0,289.95,289.98,290.0,298.99
2026-09-25 06:01:20,Pokemon Prismatic Evolutions Booster Bundle Display (Eng),case,195,1056.5,1064.68,1186.7,1118.5,1158.0,1173.22,1211.69,1056.5,1064.68,1186.7,1191.5,1250.0,1250.68,1265.58,1271.7,1285.7,1293.86,1296.86,1300.0,1310.73,1315.68,1334.89,1346.8,1346.8,1350.0,1361.7,1365.56,1386.7,1400.0,1400.0,1400.0,1415.67,1415.67,1415.68,1447.8,1447.8,1450.0,1000.0,1049.0,1125.0,1150.0,1150.0,1189.0,1200.0,1235.0,1235.0,1247.0,1249.0,1249.0,1249.0,1249.9,1250.0,1250.0,1300.0,1300.0,1300.0,1300.0,1325.0,1329.0,1349.88,1350.0,1350.0,1350.0,1350.0,1399.0,1399.99,1399.99
2026-09-25 06:01:20,Pokemon Prismatic Evolutions ETB (De),single,2169,160.19,164.39,167.19,164.99,165.85,173.43,175.12,160.19,164.39,167.19,172.18,172.19,172.19,172.19,177.09,177.18,177.19,179.39,182.19,182.19,183.8,187.18,187.18,187.19,187.19,187.19,187.19,194.38,194.39,194.39,196.87,197.18,199.39,201.19,204.97,205.98,206.19,145.0,153.0,160.0,160.0,164.99,165.0,165.0,165.0,169.9,169.99,170.0,174.9,174.99,175.0,175.0,175.0,175.0,179.99,179.99,180.0,180.0,180.0,180.0,180.0,189.68,189.99,194.0,199.0,199.0,199.9
2026-09-25 06:01:20,Pokemon Prismatic Evolutions ETB (Eng),single,2169,172.19,174.0,175.19,160.75,162.13,178.22,178.76,172.19,174.0,175.19,177.19,177.19,178.0,179.54,179.54,179.55,179.55,179.55,180.19,182.19,183.0,184.55,184.85,185.5,185.5,187.41,187.42,188.5,188.5,189.39,189.5,189.55,189.55,189.55,189.55,189.55,192.19,155.0,159.99,159.99,160.0,160.0,160.0,160.0,160.0,163.0,163.0,165.0,165.0,166.0,167.0,168.0,168.95,169.99,170.0,170.0,170.0,170.0,170.0,170.0,170.0,170.0,170.0,170.0,170.0,173.0,174.99
2026-09-25 06:01:20,Prismatic Evolutions Super-Premium Collection (Eng),single,1548,280.98,283.5,283.77,268.46,268.78,287.08,287.97,280.98,283.5,283.77,284.72,284.77,287.77,287.89,288.69,289.49,289.5,289.5,289.55,290.55,294.33,294.55,294.55,294.76,294.77,295.94,298.55,302.5,302.9,303.69,304.05,304.77,305.99,307.69,308.54,308.69,308.69,259.0,264.0,264.95,265.0,268.0,269.9,269.94,269.95,269.95,270.0,270.0,270.0,271.0,274.99,274.99,275.0,275.0,275.0,279.0,279.9,279.95,280.0,280.0,284.5,285.0,285.0,288.99,289.0,290.0,294.9
2026-09-25 06:01:20,Prismatic Evolutions Super-Premium Collection (De),single,1548,208.68,208.69,211.9,205.23,205.27,215.51,215.57,208.68,208.69,211.9,213.58,214.69,215.68,215.69,216.69,217.69,218.18,218.19,218.19,218.44,218.59,218.64,218.64,218.68,218.69,218.69,218.69,218.69,218.69,218.69,220.9,223.69,227.64,228.57,228.68,228.69,228.69,190.0,199.0,199.99,200.0,204.89,206.0,206.99,207.0,208.0,209.0,209.49,209.5,209.5,209.75,209.9,209.95,209.95,209.99,210.0,210.0,210.0,210.0,210.0,210.0,210.0,215.0,218.95,219.88,219.99,219.99
2026-09-25 06:01:20,Pokemon Black Bolt & White Flare Unova Mini Tin Display (Eng),single,108,237.19,240.19,242.09,236.54,239.68,250.24,254.96,237.19,240.19,242.09,242.19,243.19,247.09,248.5,256.19,257.19,265.47,266.36,267.42,269.54,269.94,271.89,286.99,287.18,294.55,298.33,299.5,302.14,306.87,307.17,307.7,407.19,507.19,614.17,1014.17,,,224.0,230.0,233.0,234.6,234.9,235.0,236.0,239.0,239.89,239.9,249.0,249.99,249.99,250.0,250.0,259.99,264.95,275.0,279.8,279.95,279.99,294.95,299.68,299.98,400.0,500.0,599.99,999.99,,
2026-09-25 06:01:20,Pokemon Lost Abyss Booster Display (Jpn),single,131,216.69,217.18,217.47,217.44,220.43,230.54,234.82,216.69,217.18,217.47,227.19,227.19,227.39,232.19,234.55,237.18,241.19,243.0,249.38,249.55,250.0,252.19,255.19,257.14,257.18,264.55,272.19,283.73,289.19,297.18,306.19,307.17,307.18,307.18,307.19,307.19,313.73,200.0,208.0,209.5,209.99,215.0,220.0,220.0,220.0,220.0,225.0,229.99,229.99,230.0,234.0,235.0,245.0,245.0,248.0,249.95,249.99,250.0,265.0,280.0,282.0,289.0,289.99,289.99,293.9,299.0,299.0
2026-09-25 06:01:20,Pokemon Terastal Festival ex Booster Display (Jpn),single,908,103.05,107.46,107.9,95.48,96.12,112.07,112.67,103.05,107.46,107.9,108.1,109.19,112.18,113.05,114.37,115.8,115.99,115.99,116.45,116.6,116.99,116.99,117.14,117.18,117.19,117.47,117.5,121.18,121.39,121.99,122.18,122.5,122.99,122.99,122.99,123.0,123.1,89.0,89.95,89.99,94.0,95.0,95.0,95.0,96.9,98.98,99.0,99.0,99.95,100.0,100.0,100.0,100.0,100.0,102.0,102.0,102.0,103.5,104.0,104.99,105.0,105.0,105.0,105.0,109.95,109.99,109.99
2026-09-25 18:01:32,Pokemon Destined Rivals Booster Display (Eng),single,1336,343.9,352.19,359.5,346.08,345.01,368.55,367.61,343.9,352.19,359.5,363.9,367.4,368.45,372.19,372.19,372.3,372.5,373.0,373.9,373.9,374.39,374.39,374.55,374.55,375.19,375.39,376.19,376.47,378.9,379.51,379.99,380.5,382.19,382.49,383.0,383.1,383.5,320.0,336.5,340.0,344.9,345.0,345.0,345.95,349.0,349.0,349.8,350.0,350.0,350.0,350.0,350.0,350.0,355.0,355.0,355.0,359.0,359.96,359.99,360.0,360.0,360.0,360.0,360.0,360.0,361.0,364.0
2026-09-25 18:01:32,Pokemon Destined Rivals Booster Display Case (Eng),case,189,2241.45,2250.73,2289.99,2197.0,2239.5,2284.93,2326.03,2241.45,2250.73,2289.99,2299.0,2300.0,2331.45,2368.48,2386.8,2392.45,2399.98,2400.0,2400.0,2417.48,2450.0,2459.89,2468.47,2500.0,2517.48,2518.47,2553.4,2553.4,2561.17,2597.8,2599.89,2602.4,2641.45,2642.45,2692.45,2749.99,2761.16,2129.0,2189.99,2199.0,2199.0,2200.0,2289.0,2289.0,2300.0,2300.0,2300.0,2350.0,2350.0,2350.0,2399.0,2400.0,2449.99,2450.0,2450.0,2450.0,2499.0,2499.0,2499.89,2499.99,2500.0,2500.0,2599.0,2599.99,2600.0,2645.0,2650.0
2026-09-25 18:01:32,Pokemon Black Bolt ETB (Eng),single,546,132.09,136.0,136.17,125.15,125.66,139.12,139.67,132.09,136.0,136.17,137.18,137.18,139.19,140.19,140.4,141.19,141.5,142.19,142.19,142.42,143.55,143.6,146.07,146.5,147.09,147.09,147.09,147.6,147.99,148.0,148.05,148.09,148.42,148.55,148.59,149.05,149.29,115.95,120.0,120.0,124.9,124.99,125.0,125.0,125.0,127.5,128.81,128.98,129.0,129.9,129.95,129.99,129.99,130.0,130.0,130.0,130.0,130.0,131.0,132.0,133.0,134.0,134.0,134.0,134.45,134.49,134.95
2026-09-25 18:01:32,Pokemon Ascended Heroes ETB (Eng),single,1783,158.18,161.5,162.42,147.35,148.29,166.82,167.91,158.18,161.5,162.42,164.25,165.97,166.39,167.42,167.5,170.18,170.4,170.99,171.5,172.19,174.55,175.18,175.19,176.07,176.42,176.5,176.55,176.99,177.0,177.19,177.9,177.9,178.47,179.54,179.55,179.55,179.55,140.0,144.0,145.0,145.0,145.0,145.0,148.9,149.9,150.0,150.0,150.0,150.99,152.0,153.7,154.9,155.0,155.0,155.0,157.0,157.5,158.98,159.0,159.99,160.0,160.0,160.0,160.0,160.0,160.0,160.0
2026-09-25 18:01:32,Pokemon Ascended Heroes ETB Case (Eng),case,153,1650.0,1650.0,1692.45,1612.22,1639.89,1688.14,1712.93,1650.0,1650.0,1692.45,1699.0,1711.12,1711.12,1732.45,1742.45,1758.25,1782.45,1785.0,1792.45,1792.45,1801.2,1819.0,1819.99,1842.45,1842.45,1845.0,1847.7,1861.16,1873.48,1883.25,1892.45,1900.0,1947.8,1992.44,1994.89,1996.8,2000.0,1550.0,1550.0,1599.0,1649.95,1649.95,1650.0,1675.0,1685.0,1690.0,1700.0,1700.0,1719.0,1719.99,1740.0,1745.0,1749.9,1750.0,1750.0,1799.99,1800.0,1800.0,1800.0,1800.0,1850.0,1850.0,1855.0,1899.0,1900.0,1900.0,1949.99
2026-09-25 18:01:32,Pokemon 30th Celebration ETB (Eng),single,2241,156.06,158.0,158.07,132.38,134.15,160.72,161.06,156.06,158.0,158.07,159.5,159.98,161.07,161.41,161.5,161.5,162.7,162.79,162.9,162.9,162.99,164.49,164.9,164.98,165.32,165.42,166.06,166.37,166.42,166.47,166.47,166.49,166.75,166.99,167.18,167.42,167.42,124.0,130.0,130.0,130.0,130.0,130.0,132.0,135.0,135.0,137.0,139.7,139.79,139.9,139.9,139.99,139.99,140.0,140.0,140.0,140.0,141.98,142.0,142.99,143.0,143.0,143.99,144.0,144.99,144.99,144.99
2026-09-25 18:01:32,Pokemon 30th Celebration Booster Bundle (Eng),single,891,101.45,101.95,104.98,93.6,94.97,109.16,112.74,101.45,101.95,104.98,106.47,107.99,108.8,108.9,109.98,112.95,113.18,113.5,117.17,122.5,128.19,133.09,,,,,,,,,,,,,,,,84.9,84.95,89.95,89.99,89.99,89.99,93.95,95.0,99.95,99.98,99.99,99.99,99.99,100.0,105.99,,,,,,,,,,,,,,,
2026-09-25 18:01:32,Pokemon 30th Celebration Mini Tin Display (Eng),single,94,292.9,299.99,304.98,311.09,326.71,325.32,343.19,292.9,299.99,304.98,308.9,312.42,319.5,328.9,329.95,335.94,362.0,379.9,388.19,389.98,396.9,397.4,,,,,,,,,,,,,,,,268.99,269.0,295.0,298.95,299.95,299.95,299.99,319.95,324.95,350.0,360.0,374.0,379.98,379.99,380.0,,,,,,,,,,,,,,,
2026-09-25 18:01:32,Pokemon Destined Rivals Booster Display (De),single,1336,255.19,267.18,267.19,263.62,264.73,273.31,274.85,255.19,267.18,267.19,267.19,268.0,272.18,276.18,277.19,277.39,281.19,282.18,282.18,282.19,282.19,285.19,286.68,287.09,287.18,287.19,287.39,288.38,292.09,292.17,292.18,296.19,296.19,297.18,297.19,297.19,297.19,245.0,248.0,258.0,259.99,260.0,260.0,264.99,268.0,268.99,268.99,270.0,274.0,274.99,274.99,275.0,275.0,278.0,279.49,279.9,279.99,280.0,284.9,284.98,284.99,289.0,289.0,289.99,290.0,290.0,290.0
2026-09-25 18:01:32,Pokemon Ascended Heroes Mini Tin Display (Eng),single,189,284.55,287.18,296.19,290.98,293.13,310.15,311.0,284.55,287.18,296.19,307.14,307.19,311.0,311.47,311.5,317.19,319.5,319.88,321.38,321.47,324.49,324.8,326.36,336.19,337.18,337.42,338.0,345.99,352.19,359.55,366.45,366.9,368.55,369.55,369.55,386.44,386.99,265.0,279.99,280.0,285.0,287.0,289.0,292.0,295.0,299.89,299.95,299.95,299.99,300.0,310.0,314.19,314.99,314.99,318.0,320.0,325.0,329.0,329.99,340.0,344.99,345.0,349.0,350.0,350.0,350.0,379.8
2026-09-25 18:01:32,Pokemon Ascended Heroes Booster Bundle Display (Eng),case,263,900.0,1000.0,1000.0,918.75,947.5,1009.17,1041.17,900.0,1000.0,1000.0,1011.7,1025.0,1050.0,1075.0,1080.0,1125.0,1145.0,1149.95,1150.0,1150.0,1150.0,1186.6,1197.8,1199.0,1200.0,1200.0,1236.7,1240.99,1284.89,1299.0,1300.0,1300.0,1300.0,1320.0,1336.7,1336.7,1349.0,800.0,900.0,900.0,925.0,950.0,975.0,975.0,980.0,1025.0,1045.0,1049.95,1050.0,1050.0,1050.0,1099.0,1100.0,1100.0,1100.0,1149.9,1198.99,1199.0,1200.0,1200.0,1200.0,1200.0,1220.0,1249.0,1250.0,1250.0,1262.0
2026-09-25 18:01:32,Pokemon Ascended Heroes Pokemon Center ETB (Eng),single,297,362.75,372.75,375.39,378.37,381.13,402.08,408.13,362.75,372.75,375.39,386.19,386.5,406.18,406.19,413.1,419.39,423.73,425.39,427.19,438.1,439.54,439.54,439.55,451.19,451.19,451.19,455.38,457.18,461.5,463.72,467.42,467.69,469.53,472.5,476.47,497.19,499.55,320.0,330.0,350.0,360.0,365.0,375.0,379.0,398.99,399.0,399.99,400.0,400.0,400.0,419.99,419.99,420.0,420.0,429.99,440.0,444.0,444.0,444.0,449.95,449.98,449.99,450.0,450.0,450.0,480.0,490.0
2026-09-25 18:01:32,Pokemon Ascended Heroes Pokemon Center ETB (De),single,297,172.18,172.19,172.19,159.98,160.39,173.53,174.96,172.18,172.19,172.19,172.19,172.19,172.19,173.1,173.99,175.18,177.18,177.19,177.19,177.39,178.9,181.1,182.19,182.19,182.38,183.98,187.18,187.19,187.19,192.18,192.69,196.18,196.48,197.14,197.18,197.18,197.19,140.0,148.0,149.99,154.9,155.0,159.99,164.99,165.0,165.0,165.0,165.0,165.0,167.99,169.99,170.0,170.0,175.0,175.0,179.99,179.99,180.0,180.0,184.99,185.5,189.95,189.99,189.99,189.99,189.99,190.0
2026-09-25 18:01:32,Pokemon Ascended Heroes ETB (De),single,1783,105.19,112.18,112.69,108.29,107.95,115.36,115.08,105.19,112.18,112.69,113.14,115.19,116.09,116.14,116.19,116.28,117.18,117.18,117.18,117.18,117.19,117.19,117.19,117.19,117.19,117.19,118.19,121.04,121.09,121.19,121.19,122.14,122.14,122.17,122.19,122.19,122.19,98.0,104.99,105.5,105.95,108.0,108.9,108.95,109.0,109.99,109.99,109.99,109.99,109.99,110.0,110.0,110.0,110.0,110.0,110.0,111.0,113.85,113.9,114.0,114.0,114.95,114.95,114.98,115.0,115.0,115.0
2026-09-25 18:01:32,Pokemon Silver Tempest Booster Display (Eng),single,303,396.19,397.17,400.19,397.75,399.73,406.55,410.44,396.19,397.17,400.19,401.19,402.19,406.19,406.19,412.09,412.19,412.19,419.42,422.09,422.19,423.0,424.08,424.08,424.08,424.08,426.18,427.18,429.55,433.0,434.55,437.19,438.99,439.39,439.55,442.19,442.75,444.55,389.0,389.98,393.0,394.0,395.0,399.0,399.0,400.0,400.0,402.0,404.9,405.0,405.0,410.0,410.0,414.9,415.0,415.0,416.89,416.89,416.89,416.89,418.99,419.99,419.99,420.0,420.0,424.99,425.0,425.0
2026-09-25 18:01:32,Pokemon Lost Origin Booster Display (Eng),single,352,609.18,612.18,624.18,612.0,614.27,643.12,645.77,609.18,612.18,624.18,629.18,634.18,641.1,644.55,654.08,654.55,663.16,663.18,664.13,664.17,664.17,664.55,678.55,678.55,680.18,684.07,689.84,694.07,694.08,694.55,699.0,704.18,708.76,713.18,713.18,718.12,719.0,595.0,598.0,598.0,599.0,610.0,615.0,615.0,619.0,619.99,620.0,620.0,620.0,625.0,625.0,635.0,639.9,640.0,648.98,649.0,649.0,649.0,649.95,649.99,649.99,650.0,665.0,666.0,669.89,675.0,675.66
2026-09-25 18:01:32,Pokemon Chilling Reign Booster Display (Eng),single,182,402.19,406.19,417.08,402.86,409.52,422.57,425.63,402.19,406.19,417.08,417.5,417.5,419.55,422.5,425.39,429.55,431.5,437.09,437.18,437.19,439.55,444.55,447.19,447.45,449.55,457.19,459.54,464.55,466.42,469.55,469.55,469.55,469.55,469.55,471.85,490.0,503.72,395.0,395.0,395.0,399.0,400.0,400.0,400.0,409.0,409.89,410.0,420.0,424.95,425.0,429.9,429.99,430.0,430.0,439.99,439.99,440.0,445.0,449.0,450.0,450.0,450.0,450.0,450.0,450.0,450.0,450.0
2026-09-25 18:01:32,Pokemon Crown Zenith ETB (Eng),single,349,306.19,307.19,307.19,300.0,300.6,318.11,318.94,306.19,307.19,307.19,314.55,319.53,319.55,319.55,319.55,322.49,322.5,322.5,322.74,326.19,327.14,327.19,327.5,327.5,329.05,329.41,332.18,332.19,332.19,334.55,334.55,337.19,337.19,338.39,339.55,342.19,344.39,295.0,299.0,299.98,299.99,300.0,300.0,300.0,300.0,300.0,300.0,300.0,300.0,305.0,305.0,305.0,309.0,309.5,315.0,315.0,319.0,319.0,319.95,320.0,320.0,320.0,322.0,322.22,324.91,324.99,325.0
2026-09-25 18:01:32,Pokemon VSTAR Universe Booster Display (Jpn),single,826,164.19,171.18,172.08,162.97,163.18,173.66,174.07,164.19,171.18,172.08,172.08,172.19,173.69,174.18,174.19,174.69,176.19,176.68,177.19,177.19,177.19,178.19,178.98,179.55,179.55,182.18,182.19,182.19,183.8,184.39,185.19,187.19,187.19,188.55,192.09,192.19,192.75,150.0,157.0,160.0,160.0,160.0,163.99,164.89,164.89,165.0,165.0,166.5,166.99,167.0,167.5,169.0,169.0,169.49,169.99,170.0,170.0,170.0,170.0,171.0,174.99,174.99,175.0,175.0,175.0,175.0,175.0
2026-09-25 18:01:32,Pokemon Flareon VMAX Premium Collection EU Version (Eng),single,88,264.39,302.19,304.48,297.49,293.99,307.18,307.81,264.39,302.19,304.48,307.14,307.18,307.19,307.19,307.19,307.5,309.54,317.08,317.5,319.55,319.55,319.55,322.19,322.5,327.19,327.19,337.74,347.41,359.54,363.73,368.55,375.72,382.45,413.72,419.54,506.19,507.18,245.0,285.0,289.99,295.0,295.0,299.95,299.99,299.99,300.0,300.0,300.0,300.0,300.0,300.0,300.0,300.0,307.8,309.89,315.0,320.0,320.0,329.99,339.99,349.0,349.99,350.0,359.95,399.99,499.0,499.99
2026-09-25 18:01:32,Pokemon Jolteon VMAX Premium Collection EU Version (Eng),single,88,287.19,292.19,293.98,293.07,293.97,301.15,303.85,287.19,292.19,293.98,294.99,297.17,302.09,302.19,304.48,307.14,307.18,307.19,309.39,317.08,317.09,318.39,322.19,322.19,329.54,339.55,347.41,363.73,367.73,368.55,373.73,375.72,382.45,399.54,413.72,419.54,506.19,280.0,285.0,287.99,289.98,290.0,290.0,294.9,295.0,297.7,299.0,299.95,299.99,299.99,300.0,300.0,309.89,309.99,310.0,315.0,315.0,320.0,329.99,349.0,349.99,349.99,350.0,359.95,379.99,399.99,499.0
2026-09-25 18:01:32,Pokemon Vaporeon VMAX Premium Collection EU Version (Eng),single,72,319.19,322.19,327.14,319.7,324.9,329.83,336.54,319.19,322.19,327.14,327.18,327.19,327.19,327.19,328.39,337.19,337.19,342.09,352.08,357.18,357.19,359.54,369.55,383.73,387.41,413.72,418.55,419.54,419.54,422.45,425.72,457.18,506.19,507.18,519.39,850.0,950.0,309.0,312.0,315.0,319.95,319.99,320.0,320.0,320.0,320.0,322.7,330.0,330.0,339.99,344.89,349.99,349.99,350.0,350.0,369.99,399.0,399.95,399.99,399.99,400.0,449.99,499.0,499.99,500.0,750.0,850.0
2026-09-25 18:01:32,Pokemon Celebrations ETB (De),single,408,297.19,302.19,307.19,311.0,311.53,320.96,320.54,297.19,302.19,307.19,317.18,319.39,321.19,322.19,326.19,327.19,327.19,327.19,327.19,327.19,327.19,332.18,336.18,337.18,337.18,337.19,339.39,348.1,356.19,357.18,357.19,357.19,360.69,365.19,367.18,376.49,377.19,290.0,295.0,300.0,300.0,309.99,310.0,314.0,315.0,319.0,320.0,320.0,320.0,320.0,320.0,320.0,320.0,324.99,328.99,329.99,329.99,330.0,349.0,349.99,350.0,350.0,353.5,358.0,359.95,359.99,370.0
2026-09-25 18:01:32,Pokemon Champions Path ETB (Eng),single,185,147.17,147.19,152.18,146.25,146.66,154.69,155.82,147.17,147.19,152.18,152.19,152.19,155.19,155.19,156.19,157.18,157.18,157.19,157.19,162.5,163.6,164.99,166.19,166.98,167.19,167.19,169.38,172.19,174.24,176.19,177.19,177.19,179.55,183.1,184.97,186.19,188.55,139.98,140.0,140.0,144.99,145.0,145.0,148.0,148.0,149.0,149.99,149.99,149.99,150.0,150.0,150.0,150.0,159.0,159.0,159.99,160.0,160.0,160.0,164.75,165.0,169.0,169.0,169.95,170.0,170.0,174.95
2026-09-25 18:01:32,Pokemon Tag Team Pikachu & Zekrom GX Premium Collection (Eng),single,37,285.98,287.19,292.19,299.99,308.32,315.5,323.44,285.98,287.19,292.19,309.55,314.54,316.37,317.19,322.19,325.55,326.42,337.5,342.74,347.5,357.19,369.54,371.49,377.19,406.98,422.19,425.47,425.72,454.48,506.19,506.19,523.0,650.0,700.0,1014.18,,,279.99,280.0,285.0,289.9,290.0,294.99,306.0,309.0,310.0,315.0,315.0,325.0,325.0,349.99,349.99,350.0,370.0,399.0,399.99,400.0,415.0,449.99,499.0,499.0,500.0,550.0,600.0,1000.0,,
2026-09-25 18:01:32,Pokemon Tag Team Reshiram & Charizard GX Premium Collection (Eng),single,29,296.19,297.18,319.39,311.12,315.79,325.7,331.36,296.19,297.18,319.39,319.55,324.16,325.19,326.19,326.19,329.54,335.39,341.47,344.55,349.54,366.48,369.39,396.19,404.48,406.19,407.19,417.74,650.0,773.0,2214.13,,,,,,,,289.0,289.99,300.0,300.0,309.99,310.0,315.0,316.97,318.0,319.0,319.0,325.0,329.99,344.98,350.0,389.0,399.0,399.99,400.0,400.0,550.0,750.0,2199.95,,,,,,,
2026-09-25 18:01:32,Pokemon VMAX Climax Booster Display (Jpn),single,189,157.19,162.19,167.18,159.37,159.36,168.31,169.72,157.19,162.19,167.18,167.19,167.19,167.19,167.19,167.19,171.17,172.19,174.38,175.18,176.19,176.19,177.99,180.89,182.49,182.5,183.05,184.55,185.7,187.18,187.19,187.47,187.5,188.0,189.39,192.74,194.39,194.97,150.0,154.99,155.0,159.99,159.99,160.0,160.0,160.0,160.0,160.0,160.0,160.0,162.9,163.5,163.98,165.0,165.0,165.0,165.0,165.0,167.99,169.0,169.0,169.9,169.99,170.0,170.0,170.0,175.0,175.0
2026-09-25 18:01:32,Pokemon Battle Region Booster Display (Jpn),single,90,79.09,80.18,82.18,73.98,75.25,85.58,87.82,79.09,80.18,82.18,83.1,83.48,84.19,85.99,86.18,87.08,92.47,92.47,93.05,94.38,96.47,96.99,97.46,103.1,104.29,105.82,106.47,106.99,107.18,107.19,108.1,109.29,111.87,113.09,113.1,113.47,117.46,69.0,70.0,70.0,71.9,72.99,74.99,74.99,75.0,75.0,77.0,78.99,79.0,79.89,79.95,79.99,79.99,79.99,80.0,80.0,84.9,89.0,89.34,89.9,90.0,95.0,95.0,96.0,99.0,99.98,99.99
2026-09-25 18:01:32,Pokemon Clay Burst Booster Display (Jpn),single,281,88.98,91.19,92.08,84.73,85.32,93.67,95.88,88.98,91.19,92.08,92.17,92.19,92.19,93.09,93.97,96.47,97.19,99.19,100.99,101.99,102.19,104.38,106.47,106.48,107.19,109.25,110.35,112.37,112.98,112.98,113.1,113.47,115.08,117.09,117.18,117.46,118.99,79.0,79.99,84.0,84.0,84.89,84.98,84.99,84.99,85.0,85.0,85.0,88.98,89.0,90.0,90.0,90.0,92.0,93.16,94.9,95.0,95.0,96.0,99.88,99.88,99.99,100.0,100.0,100.0,107.89,109.9
2026-09-25 18:01:32,Pokemon Fusion Strike Booster Display (Eng),single,213,749.18,791.18,793.18,795.87,803.25,823.78,835.53,749.18,791.18,793.18,794.18,814.17,828.55,829.55,833.18,837.94,859.5,862.41,864.08,888.55,893.1,894.18,895.0,899.55,903.73,904.18,914.08,914.17,914.18,914.18,914.18,923.72,925.0,929.54,929.9,947.8,947.8,735.0,777.0,779.0,780.0,795.0,795.0,799.0,799.99,800.0,819.0,824.95,825.0,829.95,840.0,849.9,850.0,850.0,850.0,850.0,850.0,859.0,859.99,870.0,880.0,890.0,895.0,895.99,899.0,899.9,899.9
2026-09-25 18:01:32,Pokemon Astral Radiance Booster Display (Eng),single,277,347.18,349.55,351.19,348.49,348.46,359.83,364.46,347.18,349.55,351.19,352.19,357.18,357.19,362.19,362.94,366.19,369.55,374.55,375.39,379.5,379.55,382.5,384.55,385.49,386.37,388.1,392.75,395.47,402.19,407.18,407.19,407.19,407.19,412.72,422.19,422.98,428.73,330.0,339.99,344.0,345.0,348.99,349.95,349.99,350.0,350.0,350.0,350.0,350.0,355.0,355.0,359.0,359.9,359.95,360.0,360.0,362.99,365.0,365.0,369.0,379.99,395.0,399.98,399.99,400.0,400.0,400.0
2026-09-25 18:01:32,Pokemon Lost Origin ETB (Eng),single,308,192.19,194.19,197.42,187.61,188.92,201.0,202.09,192.19,194.19,197.42,197.55,197.99,202.08,202.09,202.19,202.5,206.19,206.89,207.18,207.19,207.19,208.55,211.47,212.19,212.41,214.55,214.89,216.18,217.19,217.19,217.5,217.5,218.39,219.54,222.08,222.08,222.08,178.0,180.0,180.0,185.0,185.0,187.0,189.0,189.99,190.0,194.89,194.9,194.99,195.0,195.0,195.0,195.0,199.0,199.0,199.0,199.99,199.99,199.99,199.99,200.0,200.0,205.0,205.0,208.99,209.9,209.99
2026-09-25 18:01:32,Pokemon Crown Zenith Galarian Articuno Tin US Version (Eng),single,27,143.1,144.06,151.63,144.56,148.5,159.83,163.23,143.1,144.06,151.63,154.5,157.0,157.19,157.19,161.47,167.19,172.5,173.99,176.19,177.18,177.18,178.09,179.55,207.18,442.75,,,,,,,,,,,,,130.0,132.0,133.06,135.0,144.44,144.99,149.0,149.99,150.0,150.0,150.0,160.0,160.0,169.0,169.99,169.99,199.99,400.0,,,,,,,,,,,,
2026-09-25 18:01:32,Pokemon Crown Zenith Galarian Zapdos Tin US Version (Eng),single,29,133.0,133.1,136.18,130.69,134.63,146.74,149.75,133.0,133.1,136.18,144.08,146.49,147.1,147.18,149.1,151.63,152.19,156.19,157.18,157.19,163.09,172.5,177.18,207.18,442.75,,,,,,,,,,,,,114.0,116.0,120.0,123.99,125.0,128.99,129.99,133.08,139.99,144.44,145.0,149.0,149.99,150.0,150.0,169.99,199.99,400.0,,,,,,,,,,,,
2026-09-25 18:01:32,Pokemon Crown Zenith Galarian Moltres Tin US Version (Eng),single,22,155.0,157.19,157.19,151.62,172.26,168.32,192.07,155.0,157.19,157.19,159.1,162.75,167.18,168.49,172.5,177.18,182.18,183.09,186.47,202.75,207.18,442.75,,,,,,,,,,,,,,,,120.0,145.99,146.0,147.0,149.99,150.0,150.0,150.0,159.99,160.0,160.0,169.99,174.99,199.99,400.0,,,,,,,,,,,,,,,
2026-09-25 18:01:32,Pokemon 151 Zapdos ex Collection (Eng),single,187,122.18,124.19,126.19,117.49,118.52,133.24,135.43,122.18,124.19,126.19,126.19,132.1,133.1,134.39,137.18,138.05,138.73,142.42,143.04,143.05,143.09,147.5,147.5,147.74,152.5,157.18,157.19,162.75,163.1,163.1,168.0,172.49,172.5,197.5,222.5,233.05,257.18,99.0,100.0,109.99,114.99,115.0,117.0,119.0,119.0,120.0,124.95,125.0,125.0,129.0,129.94,129.95,129.99,130.0,130.0,130.0,134.9,149.99,149.99,150.0,150.0,150.0,150.0,175.0,199.95,200.0,249.99
2026-09-25 18:01:32,Pokemon 151 UPC (Eng),single,400,685.68,685.68,694.94,699.37,703.33,716.6,722.5,685.68,685.68,694.94,714.94,715.68,715.68,715.68,715.68,729.55,730.68,735.68,735.68,745.68,755.68,760.63,760.68,760.68,765.68,784.55,789.55,795.68,804.55,809.55,813.68,814.68,814.68,820.0,820.19,825.0,825.68,670.0,670.0,679.99,699.99,700.0,700.0,700.0,700.0,700.0,715.0,720.0,720.0,720.0,725.0,730.0,735.0,740.0,740.0,744.95,745.0,745.0,749.0,750.0,755.0,760.0,770.0,775.0,780.0,780.0,780.0
2026-09-25 18:01:32,Pokemon 151 UPC (De),single,400,645.57,645.58,645.67,649.12,663.18,664.8,678.86,645.57,645.58,645.67,648.68,655.68,655.68,665.68,665.68,675.63,705.67,710.67,715.63,715.67,715.68,715.68,715.68,734.68,740.58,744.68,765.63,805.9,805.9,805.9,812.98,815.17,815.67,815.67,815.68,895.68,898.95,629.89,629.9,629.99,633.0,640.0,640.0,650.0,650.0,659.95,689.99,694.99,699.95,699.99,700.0,700.0,700.0,719.0,724.9,729.0,749.95,798.95,799.0,799.49,799.99,799.99,799.99,800.0,800.0,800.0,800.0
2026-09-25 18:01:32,Pokemon 151 Booster Display (Jpn),single,567,242.18,246.19,247.18,244.43,245.29,259.36,260.45,242.18,246.19,247.18,251.19,252.94,261.3,264.55,264.55,265.99,267.17,267.18,267.19,269.54,269.55,269.99,270.98,270.99,270.99,271.19,272.18,273.19,275.18,276.19,276.19,277.18,277.18,280.98,281.19,282.07,282.19,234.99,239.0,239.95,239.99,244.0,245.0,245.0,245.0,247.5,249.0,249.99,249.99,250.0,250.0,250.0,255.0,259.98,259.99,259.99,260.0,260.0,260.0,264.0,264.99,265.0,265.0,265.0,266.0,267.99,269.0
2026-09-25 18:01:32,Pokemon Paradigm Trigger Booster Display (Jpn),single,180,127.09,129.14,129.18,120.73,121.18,132.31,134.18,127.09,129.14,129.18,129.19,129.19,132.09,132.47,133.1,136.09,137.18,137.47,138.1,139.39,140.14,142.89,143.0,143.98,147.09,147.19,147.42,148.0,151.42,152.19,152.99,153.1,156.19,156.19,157.46,157.75,163.05,115.0,115.0,119.9,120.0,120.0,120.0,120.0,121.95,121.99,122.0,122.0,124.9,124.9,125.0,125.0,128.9,129.99,130.0,132.95,134.0,135.0,139.9,139.99,139.99,140.0,140.0,140.0,145.0,148.9,149.0
2026-09-25 18:01:32,Pokemon Star Birth Booster Display (Jpn),single,116,127.19,127.19,129.19,126.18,128.09,135.03,137.27,127.19,127.19,129.19,131.19,132.19,133.14,136.19,137.18,138.98,142.14,143.09,144.18,145.18,145.9,146.19,147.19,147.5,149.19,152.99,156.19,157.19,157.19,157.47,159.39,161.47,164.48,166.47,167.47,167.99,182.19,120.0,120.0,122.0,124.0,125.0,125.0,125.95,128.48,129.0,129.99,129.99,134.95,134.99,135.0,136.99,137.99,139.0,140.0,140.0,140.0,142.0,144.0,149.0,149.0,150.0,150.0,150.0,150.0,150.0,159.99
2026-09-25 18:01:32,Pokemon Violet ex Booster Display (Jpn),single,207,72.19,73.68,74.19,69.37,71.1,80.02,82.06,72.19,73.68,74.19,76.18,77.18,77.18,79.69,83.18,85.38,87.18,87.18,87.47,88.09,90.1,91.98,91.98,91.99,93.05,93.88,94.24,94.53,94.88,95.08,95.89,96.79,96.89,97.19,97.47,102.19,102.5,65.0,65.99,66.49,67.0,68.99,69.99,69.99,70.0,70.0,72.5,74.99,75.0,75.99,77.0,77.54,78.88,78.88,78.9,79.9,79.95,79.99,79.99,79.99,80.0,80.0,80.0,87.89,89.0,89.99,89.99
2026-09-25 18:01:32,Pokemon Brilliant Stars Booster Display (De),single,217,327.18,335.19,342.18,334.35,337.32,347.34,349.9,327.18,335.19,342.18,342.19,344.09,344.39,347.14,349.39,352.14,357.18,357.19,357.19,357.19,357.19,378.73,386.19,387.19,404.89,407.18,446.19,456.69,486.19,489.39,502.19,503.17,506.19,506.87,507.09,507.18,519.38,315.0,319.99,325.0,328.0,330.0,334.99,335.0,336.9,339.95,344.95,349.99,350.0,350.0,350.0,350.0,379.0,380.0,399.9,399.99,439.0,449.5,470.0,479.0,495.0,495.98,499.0,499.68,499.9,499.99,499.99
2026-09-25 18:01:32,Pokemon Lost Origin Booster Display (De),single,352,357.19,372.19,374.19,370.49,375.51,379.4,384.94,357.19,372.19,374.19,375.89,376.18,377.19,380.19,382.18,382.19,387.19,387.19,403.09,406.13,406.19,406.89,407.18,407.19,428.73,432.19,436.19,456.18,457.17,457.18,457.19,457.19,462.89,487.14,489.39,494.19,494.39,350.0,365.0,365.0,367.0,368.99,369.9,370.0,373.0,374.99,375.0,380.0,380.0,395.9,398.94,399.0,399.99,400.0,401.9,425.0,429.0,448.99,449.98,449.99,449.99,450.0,450.0,470.0,475.0,479.95,487.0
2026-09-25 18:01:32,Pokemon Twilight Masquerade Booster Display (De),single,259,257.19,267.19,269.34,270.19,277.05,277.65,284.91,257.19,267.19,269.34,270.09,272.08,272.14,276.19,287.07,287.09,287.19,302.13,304.98,306.87,306.87,307.18,319.39,407.18,1014.17,,,,,,,,,,,,,249.95,250.0,260.0,262.9,264.89,264.95,269.0,279.88,279.9,280.0,294.94,299.68,299.68,299.99,299.99,300.0,399.99,999.99,,,,,,,,,,,,
2026-09-25 18:01:32,Pokemon Prismatic Evolutions Mini Tin Display (Eng),single,327,263.69,264.55,267.99,249.28,250.98,273.43,274.84,263.69,264.55,267.99,269.44,270.91,272.5,275.8,276.45,277.14,277.19,277.75,279.55,281.0,282.5,286.18,286.19,286.5,286.68,287.18,287.19,289.54,292.19,292.74,297.17,297.19,297.45,299.5,301.44,302.5,303.97,235.0,235.0,244.44,245.0,249.89,249.99,249.99,250.0,250.0,254.9,256.5,259.99,260.0,260.0,264.0,269.95,269.99,270.0,278.99,279.0,279.49,279.9,279.95,279.99,280.0,280.0,285.0,289.95,289.98,290.0
2026-09-25 18:01:32,Pokemon Prismatic Evolutions Booster Bundle Display (Eng),case,195,1056.5,1064.68,1138.0,1106.0,1139.8,1145.22,1191.2,1056.5,1064.68,1138.0,1186.7,1191.5,1236.7,1250.0,1250.68,1265.58,1271.7,1285.7,1293.86,1296.86,1300.0,1310.73,1315.68,1334.89,1346.8,1346.8,1350.0,1361.7,1365.56,1386.7,1400.0,1400.0,1400.0,1415.67,1415.67,1415.68,1447.8,1000.0,1049.0,1100.0,1125.0,1150.0,1150.0,1189.0,1200.0,1200.0,1235.0,1235.0,1247.0,1249.0,1249.0,1249.0,1249.9,1250.0,1250.0,1300.0,1300.0,1300.0,1300.0,1325.0,1329.0,1349.88,1350.0,1350.0,1350.0,1350.0,1399.0
2026-09-25 18:01:32,Pokemon Prismatic Evolutions ETB (De),single,2169,160.19,164.39,167.09,165.47,166.11,174.19,176.04,160.19,164.39,167.09,167.19,172.19,176.19,177.09,177.18,177.19,179.39,182.19,182.19,183.8,187.18,187.18,187.19,187.19,187.19,187.19,189.39,194.38,194.39,194.39,196.87,197.18,199.39,201.19,204.97,206.19,206.48,145.0,153.0,159.9,160.0,160.0,165.0,169.0,169.9,169.99,170.0,170.0,174.9,174.99,175.0,175.0,175.0,175.0,179.99,179.99,180.0,180.0,180.0,180.0,180.0,189.68,189.99,194.0,199.0,199.0,199.9
2026-09-25 18:01:32,Pokemon Prismatic Evolutions ETB (Eng),single,2169,147.19,171.06,174.0,158.75,159.26,177.19,176.25,147.19,171.06,174.0,174.55,175.19,177.19,178.0,179.54,179.54,179.55,179.55,179.55,182.14,182.19,184.55,184.85,184.97,185.5,185.5,187.41,187.42,188.5,188.5,189.39,189.5,189.55,189.55,189.55,189.55,189.55,140.0,154.99,155.0,155.0,159.99,159.99,160.0,160.0,160.0,160.0,163.0,163.0,165.0,166.0,167.0,168.0,168.95,169.99,170.0,170.0,170.0,170.0,170.0,170.0,170.0,170.0,170.0,170.0,174.95,174.99
2026-09-25 18:01:32,Prismatic Evolutions Super-Premium Collection (Eng),single,1548,280.77,283.5,283.68,266.72,266.58,286.36,286.94,280.77,283.5,283.68,283.77,284.72,284.77,287.89,287.9,288.69,289.49,289.5,289.5,289.55,289.76,290.55,294.33,294.55,294.55,294.76,294.77,295.94,298.55,302.5,302.9,303.69,304.05,304.77,305.99,307.69,308.54,255.0,259.0,261.0,264.0,264.95,265.0,269.0,269.9,269.94,269.95,269.95,269.99,270.0,270.0,271.0,274.99,274.99,275.0,275.0,275.0,279.0,279.9,279.95,279.95,280.0,280.0,284.5,285.0,285.0,288.99
2026-09-25 18:01:32,Prismatic Evolutions Super-Premium Collection (De),single,1548,211.9,213.58,214.69,207.41,206.49,216.44,216.63,211.9,213.58,214.69,215.68,215.69,216.28,216.59,216.69,217.69,218.18,218.19,218.44,218.59,218.64,218.64,218.69,218.69,218.69,218.69,218.69,218.69,220.9,223.69,227.64,228.57,228.59,228.68,228.69,228.69,228.69,190.0,199.0,204.89,206.0,206.99,207.0,207.9,208.0,209.0,209.49,209.5,209.75,209.9,209.95,209.95,209.99,210.0,210.0,210.0,210.0,210.0,210.0,210.0,215.0,218.95,219.88,219.9,219.99,219.99,220.0
2026-09-25 18:01:32,Pokemon Black Bolt & White Flare Unova Mini Tin Display (Eng),single,108,237.19,240.19,242.09,236.54,239.42,248.55,253.64,237.19,240.19,242.09,242.19,243.19,247.09,248.5,251.98,256.19,257.19,265.47,266.36,267.42,269.54,269.94,271.89,286.99,287.18,294.55,298.33,299.5,302.14,306.87,307.17,307.7,407.19,507.19,614.17,1014.17,,224.0,230.0,233.0,234.6,234.9,235.0,236.0,239.0,239.89,239.9,245.99,249.0,249.99,249.99,250.0,250.0,259.99,264.95,275.0,279.8,279.95,279.99,294.95,299.68,299.98,400.0,500.0,599.99,999.99,
2026-09-25 18:01:32,Pokemon Lost Abyss Booster Display (Jpn),single,131,216.69,217.18,217.47,215.31,218.43,227.82,232.82,216.69,217.18,217.47,219.38,227.19,227.19,227.39,232.19,234.55,237.18,241.19,243.0,249.55,250.0,252.19,255.19,257.14,257.18,264.55,272.19,283.73,289.19,306.19,307.17,307.18,307.18,307.19,307.19,313.73,313.73,199.99,200.0,208.0,209.5,209.99,215.0,220.0,220.0,220.0,220.0,225.0,229.99,230.0,234.0,235.0,245.0,245.0,248.0,249.95,249.99,250.0,250.0,265.0,280.0,282.0,289.0,289.99,293.9,299.0,299.0
2026-09-25 18:01:32,Pokemon Terastal Festival ex Booster Display (Jpn),single,908,105.19,106.37,107.18,95.36,95.91,109.18,111.06,105.19,106.37,107.18,107.19,107.46,107.9,108.1,108.19,113.05,114.37,115.8,115.99,115.99,116.45,116.6,116.99,116.99,117.14,117.18,117.19,117.47,117.5,121.18,121.39,121.99,122.18,122.5,122.99,122.99,122.99,88.9,89.0,89.99,94.0,95.0,95.0,95.0,96.9,98.0,98.98,99.0,99.0,99.95,99.99,100.0,100.0,100.0,100.0,100.0,100.0,101.0,102.0,102.0,103.5,104.0,105.0,105.0,105.0,105.0,109.95
2026-09-26 06:01:29,Pokemon Destined Rivals Booster Display (Eng),single,1336,352.19,359.5,363.9,347.99,348.03,371.25,370.32,352.19,359.5,363.9,368.45,372.19,372.19,372.5,373.0,373.9,373.9,374.39,374.39,374.55,374.55,375.19,375.39,376.19,376.47,377.5,378.9,379.51,379.99,380.5,382.19,382.49,383.0,383.1,383.5,383.55,383.9,336.5,340.0,345.0,345.0,345.95,349.0,349.0,350.0,350.0,350.0,350.0,350.0,350.0,355.0,355.0,355.0,356.0,359.0,359.96,359.99,360.0,360.0,360.0,360.0,360.0,360.0,361.0,364.0,364.95,364.97
2026-09-26 06:01:29,Pokemon Destined Rivals Booster Display Case (Eng),case,189,2241.45,2250.73,2289.99,2197.0,2239.5,2284.93,2326.03,2241.45,2250.73,2289.99,2299.0,2300.0,2331.45,2368.48,2386.8,2392.45,2399.98,2400.0,2400.0,2417.48,2450.0,2459.89,2468.47,2500.0,2517.48,2518.47,2553.4,2553.4,2561.17,2597.8,2599.89,2602.4,2641.45,2642.45,2692.45,2749.99,2761.16,2129.0,2189.99,2199.0,2199.0,2200.0,2289.0,2289.0,2300.0,2300.0,2300.0,2350.0,2350.0,2350.0,2399.0,2400.0,2449.99,2450.0,2450.0,2450.0,2499.0,2499.0,2499.89,2499.99,2500.0,2500.0,2599.0,2599.99,2600.0,2645.0,2650.0
2026-09-26 06:01:29,Pokemon Black Bolt ETB (Eng),single,546,136.17,137.18,139.19,127.42,127.09,143.08,143.77,136.17,137.18,139.19,140.19,141.19,142.19,142.19,146.07,146.5,147.09,147.09,147.09,147.99,148.0,148.42,149.05,149.29,149.39,149.99,151.39,151.42,151.5,152.14,152.18,152.19,152.6,153.0,153.1,153.59,153.6,115.95,120.0,124.99,125.0,125.0,127.5,128.98,129.0,129.0,129.9,129.99,130.0,130.0,130.0,131.0,132.0,133.0,134.0,134.0,135.0,135.0,135.0,135.0,139.0,139.9,139.9,139.9,139.9,139.9,139.99
2026-09-26 06:01:29,Pokemon Ascended Heroes ETB (Eng),single,1783,158.18,158.55,161.0,147.5,148.58,165.65,167.09,158.18,158.55,161.0,162.42,164.25,166.07,166.39,167.42,167.5,170.18,170.99,171.5,172.19,174.55,175.18,175.19,175.5,176.42,176.5,176.55,176.99,177.0,177.05,177.19,177.9,177.9,178.47,179.54,179.55,179.55,144.0,144.95,145.0,145.0,145.0,145.0,150.0,150.0,150.0,150.0,150.0,150.99,152.0,153.0,153.7,154.9,155.0,155.0,155.0,157.0,157.5,157.5,158.98,159.0,159.99,160.0,160.0,160.0,160.0,160.0
2026-09-26 06:01:29,Pokemon Ascended Heroes ETB Case (Eng),case,153,1650.0,1650.0,1692.45,1611.97,1639.79,1687.89,1712.83,1650.0,1650.0,1692.45,1699.0,1710.12,1711.12,1732.45,1742.45,1758.25,1782.45,1785.0,1792.45,1792.45,1801.2,1819.0,1819.99,1842.45,1842.45,1845.0,1847.7,1861.16,1873.48,1883.25,1892.45,1900.0,1947.8,1992.44,1994.89,1996.8,2000.0,1550.0,1550.0,1599.0,1648.95,1649.95,1650.0,1675.0,1685.0,1690.0,1700.0,1700.0,1719.0,1719.99,1740.0,1745.0,1749.9,1750.0,1750.0,1799.99,1800.0,1800.0,1800.0,1800.0,1850.0,1850.0,1855.0,1899.0,1900.0,1900.0,1949.99
2026-09-26 06:01:29,Pokemon 30th Celebration ETB (Eng),single,2241,154.07,156.06,158.07,138.03,137.74,159.58,159.62,154.07,156.06,158.07,158.98,159.5,159.5,159.98,160.06,160.06,160.5,161.07,161.4,161.41,161.5,162.19,162.69,162.7,162.9,162.9,162.99,162.99,164.42,164.49,164.9,165.32,165.42,166.06,166.37,166.42,166.47,130.0,132.0,135.0,135.98,137.0,138.0,139.0,139.69,139.7,139.9,139.9,139.9,139.99,139.99,139.99,140.0,140.0,142.0,142.99,143.0,143.0,143.99,143.99,143.99,144.0,144.99,144.99,145.0,145.0,145.99
2026-09-26 06:01:29,Pokemon 30th Celebration Booster Bundle (Eng),single,891,98.82,101.43,101.45,91.72,93.23,105.87,107.6,98.82,101.43,101.45,101.95,104.98,106.46,106.47,107.99,108.8,108.9,109.98,112.95,113.18,113.5,117.17,122.5,128.19,133.09,,,,,,,,,,,,,84.9,84.95,89.95,89.98,89.99,89.99,89.99,93.95,94.93,94.94,95.0,99.95,99.98,99.99,99.99,99.99,100.0,105.99,,,,,,,,,,,,
2026-09-26 06:01:29,Pokemon 30th Celebration Mini Tin Display (Eng),single,94,292.9,299.99,299.99,304.84,321.38,317.57,336.7,292.9,299.99,299.99,304.98,308.9,312.42,319.5,328.9,329.95,335.94,362.0,379.9,388.19,389.98,396.9,397.4,,,,,,,,,,,,,,,268.99,269.0,295.0,298.95,299.95,299.95,299.98,299.99,319.95,324.95,350.0,360.0,374.0,379.98,379.99,380.0,,,,,,,,,,,,,,
2026-09-26 06:01:29,Pokemon Destined Rivals Booster Display (De),single,1336,261.08,261.19,262.19,259.62,261.72,269.03,271.64,261.08,261.19,262.19,267.18,267.19,267.19,268.0,272.14,272.18,276.18,277.19,277.39,281.19,282.18,282.18,282.19,282.19,285.19,286.68,287.09,287.18,287.19,287.39,288.38,292.09,292.17,292.18,296.19,296.19,297.18,245.0,253.89,254.0,255.0,258.0,259.99,260.0,260.0,264.95,264.99,268.0,268.99,268.99,270.0,274.0,274.99,274.99,275.0,275.0,278.0,279.49,279.9,279.99,280.0,284.9,284.98,284.99,289.0,289.0,289.99
2026-09-26 06:01:29,Pokemon Ascended Heroes Mini Tin Display (Eng),single,189,284.55,287.18,296.19,290.98,293.13,310.15,311.0,284.55,287.18,296.19,307.14,307.19,311.0,311.47,311.5,317.19,319.5,319.88,321.38,321.47,324.49,324.8,326.36,336.19,337.18,337.42,338.0,345.99,352.19,359.55,366.45,366.9,368.55,369.55,369.55,386.44,386.99,265.0,279.99,280.0,285.0,287.0,289.0,292.0,295.0,299.89,299.95,299.95,299.99,300.0,310.0,314.19,314.99,314.99,318.0,320.0,325.0,329.0,329.99,340.0,344.99,345.0,349.0,350.0,350.0,350.0,379.8
2026-09-26 06:01:29,Pokemon Ascended Heroes Booster Bundle Display (Eng),case,263,900.0,988.0,1000.0,903.25,931.8,999.92,1021.64,900.0,988.0,1000.0,1000.0,1011.7,1025.0,1050.0,1075.0,1080.0,1086.7,1125.0,1145.0,1149.95,1150.0,1150.0,1150.0,1186.6,1197.8,1199.0,1200.0,1200.0,1236.7,1240.99,1284.89,1299.0,1300.0,1300.0,1300.0,1320.0,1336.7,800.0,888.0,900.0,900.0,925.0,950.0,975.0,975.0,980.0,1025.0,1045.0,1049.95,1050.0,1050.0,1050.0,1050.0,1099.0,1100.0,1100.0,1100.0,1149.9,1198.99,1199.0,1200.0,1200.0,1200.0,1200.0,1220.0,1249.0,1250.0
2026-09-26 06:01:29,Pokemon Ascended Heroes Pokemon Center ETB (Eng),single,297,362.75,372.75,375.39,378.37,381.13,402.08,408.13,362.75,372.75,375.39,386.19,386.5,406.18,406.19,413.1,419.39,423.73,425.39,427.19,438.1,439.54,439.54,439.55,451.19,451.19,451.19,455.38,457.18,461.5,463.72,467.42,467.69,469.53,472.5,476.47,481.9,497.19,320.0,330.0,350.0,360.0,365.0,375.0,379.0,398.99,399.0,399.99,400.0,400.0,400.0,419.99,419.99,420.0,420.0,429.99,440.0,444.0,444.0,444.0,449.0,449.95,449.98,449.99,450.0,450.0,450.0,480.0
2026-09-26 06:01:29,Pokemon Ascended Heroes Pokemon Center ETB (De),single,297,163.6,167.19,171.68,157.42,158.16,172.24,172.56,163.6,167.19,171.68,172.18,172.19,172.19,172.19,172.19,172.19,173.1,173.99,175.18,176.19,177.19,177.19,177.39,178.9,181.1,182.19,182.19,182.38,183.98,187.18,187.19,187.19,192.18,192.69,196.18,196.48,197.14,140.0,148.0,149.99,150.0,154.9,155.0,159.99,160.0,164.49,164.99,165.0,165.0,165.0,165.0,165.0,167.99,169.0,170.0,170.0,175.0,175.0,179.99,179.99,180.0,180.0,184.99,185.5,189.95,189.99,189.99
2026-09-26 06:01:29,Pokemon Ascended Heroes ETB (De),single,1783,112.18,113.19,115.19,109.35,109.05,116.43,116.18,112.18,113.19,115.19,116.09,116.14,116.19,116.28,117.18,117.18,117.19,117.19,117.19,117.19,117.19,117.19,118.19,121.04,121.09,121.19,121.19,122.14,122.14,122.17,122.19,122.19,122.19,122.19,122.19,122.19,122.19,104.99,106.0,108.0,108.9,108.95,109.0,109.99,109.99,109.99,110.0,110.0,110.0,110.0,110.0,110.0,111.0,113.85,113.9,114.0,114.0,114.95,114.95,114.98,115.0,115.0,115.0,115.0,115.0,115.0,115.0
2026-09-26 06:01:29,Pokemon Silver Tempest Booster Display (Eng),single,303,396.19,397.17,400.19,397.5,399.06,406.55,410.14,396.19,397.17,400.19,401.19,402.19,406.19,406.19,412.09,412.19,412.19,419.42,419.55,422.09,422.19,423.0,424.08,424.08,424.08,424.08,426.18,427.18,429.55,433.0,434.55,437.19,438.99,439.39,439.55,442.19,442.75,389.0,389.98,393.0,394.0,395.0,399.0,399.0,400.0,400.0,400.0,402.0,404.9,405.0,405.0,410.0,410.0,414.9,415.0,415.0,416.89,416.89,416.89,416.89,418.99,419.99,419.99,420.0,420.0,424.99,425.0
2026-09-26 06:01:29,Pokemon Lost Origin Booster Display (Eng),single,352,609.18,612.18,624.18,612.0,614.27,643.12,645.77,609.18,612.18,624.18,629.18,634.18,641.1,644.55,654.08,654.55,663.16,663.18,664.13,664.17,664.17,664.55,678.55,678.55,680.18,684.07,689.84,694.07,694.08,694.55,699.0,704.18,708.76,713.18,713.18,718.12,719.0,595.0,598.0,598.0,599.0,610.0,615.0,615.0,619.0,619.99,620.0,620.0,620.0,625.0,625.0,635.0,639.9,640.0,648.98,649.0,649.0,649.0,649.95,649.99,649.99,650.0,665.0,666.0,669.89,675.0,675.66
2026-09-26 06:01:29,Pokemon Chilling Reign Booster Display (Eng),single,177,402.19,406.19,417.08,402.86,409.52,422.57,425.63,402.19,406.19,417.08,417.5,417.5,419.55,422.5,425.39,429.55,431.5,437.09,437.18,437.19,439.55,444.55,447.19,447.45,449.55,457.19,459.54,464.55,466.42,469.55,469.55,469.55,469.55,469.55,471.85,490.0,503.72,395.0,395.0,395.0,399.0,400.0,400.0,400.0,409.0,409.89,410.0,420.0,424.95,425.0,429.9,429.99,430.0,430.0,439.99,439.99,440.0,445.0,449.0,450.0,450.0,450.0,450.0,450.0,450.0,450.0,450.0
2026-09-26 06:01:29,Pokemon Crown Zenith ETB (Eng),single,349,296.19,299.55,306.19,295.11,295.06,311.8,312.92,296.19,299.55,306.19,307.19,307.19,307.41,313.99,314.55,318.39,319.53,319.55,319.55,319.55,322.49,322.5,322.5,322.74,326.19,326.98,327.14,327.19,327.5,327.5,327.75,329.05,329.41,332.18,332.19,332.19,334.55,280.0,285.0,288.88,289.0,289.99,295.0,299.0,299.0,299.98,299.99,299.99,300.0,300.0,300.0,300.0,300.0,300.0,300.0,300.0,305.0,305.0,305.0,309.5,315.0,315.0,319.0,319.0,319.95,320.0,320.0
2026-09-26 06:01:29,Pokemon VSTAR Universe Booster Display (Jpn),single,825,164.19,171.18,172.08,162.97,163.18,173.66,174.07,164.19,171.18,172.08,172.08,172.19,173.69,174.18,174.19,174.69,176.19,176.68,177.19,177.19,177.19,178.19,178.98,179.55,179.55,182.14,182.18,182.19,182.19,183.8,184.39,185.19,187.19,187.19,188.55,192.09,192.19,150.0,157.0,160.0,160.0,160.0,163.99,164.89,164.89,165.0,165.0,166.5,166.99,167.0,167.5,169.0,169.0,169.49,169.99,170.0,170.0,170.0,170.0,171.0,174.95,174.99,174.99,175.0,175.0,175.0,175.0
2026-09-26 06:01:29,Pokemon Flareon VMAX Premium Collection EU Version (Eng),single,90,264.39,302.19,304.48,297.49,293.99,307.18,307.81,264.39,302.19,304.48,307.14,307.18,307.19,307.19,307.19,307.5,309.54,317.08,317.5,319.55,319.55,319.55,322.19,322.5,327.19,327.19,337.74,347.41,359.54,363.73,368.55,375.72,382.45,413.72,419.54,506.19,507.18,245.0,285.0,289.99,295.0,295.0,299.95,299.99,299.99,300.0,300.0,300.0,300.0,300.0,300.0,300.0,300.0,307.8,309.89,315.0,320.0,320.0,329.99,339.99,349.0,349.99,350.0,359.95,399.99,499.0,499.99
2026-09-26 06:01:29,Pokemon Jolteon VMAX Premium Collection EU Version (Eng),single,87,287.19,292.19,293.98,293.07,293.97,301.15,303.85,287.19,292.19,293.98,294.99,297.17,302.09,302.19,304.48,307.14,307.18,307.19,309.39,317.08,317.09,318.39,322.19,322.19,329.54,339.55,347.41,363.73,367.73,368.55,373.73,375.72,382.45,399.54,413.72,419.54,506.19,280.0,285.0,287.99,289.98,290.0,290.0,294.9,295.0,297.7,299.0,299.95,299.99,299.99,300.0,300.0,309.89,309.99,310.0,315.0,315.0,320.0,329.99,349.0,349.99,349.99,350.0,359.95,379.99,399.99,499.0
2026-09-26 06:01:29,Pokemon Vaporeon VMAX Premium Collection EU Version (Eng),single,71,319.19,322.19,327.14,319.7,324.9,329.83,336.54,319.19,322.19,327.14,327.18,327.19,327.19,327.19,328.39,337.19,337.19,342.09,352.08,357.18,357.19,359.54,369.55,383.73,387.41,413.72,418.55,419.54,419.54,422.45,425.72,457.18,506.19,507.18,519.39,850.0,950.0,309.0,312.0,315.0,319.95,319.99,320.0,320.0,320.0,320.0,322.7,330.0,330.0,339.99,344.89,349.99,349.99,350.0,350.0,369.99,399.0,399.95,399.99,399.99,400.0,449.99,499.0,499.99,500.0,750.0,850.0
2026-09-26 06:01:29,Pokemon Celebrations ETB (De),single,417,292.19,297.19,302.19,307.87,309.2,317.84,317.87,292.19,297.19,302.19,307.19,317.18,319.39,321.19,322.19,326.19,327.19,327.19,327.19,327.19,327.19,327.19,332.18,336.18,337.18,337.18,337.19,339.39,348.1,356.19,357.18,357.19,357.19,360.69,365.19,367.18,376.49,285.0,290.0,295.0,300.0,300.0,309.99,310.0,314.0,315.0,319.0,320.0,320.0,320.0,320.0,320.0,320.0,320.0,324.99,328.99,329.99,329.99,330.0,349.0,349.99,350.0,350.0,353.5,358.0,359.95,359.99
2026-09-26 06:01:29,Pokemon Champions Path ETB (Eng),single,177,144.17,147.17,147.19,144.5,145.46,152.81,153.67,144.17,147.17,147.19,152.18,152.18,152.19,152.19,155.19,155.19,156.19,157.18,157.18,157.19,157.19,162.5,163.6,164.99,166.19,166.98,167.19,167.19,169.38,172.19,174.24,176.19,177.19,177.19,179.55,183.1,184.97,136.98,139.98,140.0,140.0,144.99,144.99,145.0,145.0,148.0,148.0,149.0,149.99,149.99,149.99,150.0,150.0,150.0,150.0,159.0,159.0,159.99,160.0,160.0,160.0,164.75,165.0,169.0,169.0,169.95,170.0
2026-09-26 06:01:29,Pokemon Tag Team Pikachu & Zekrom GX Premium Collection (Eng),single,36,285.98,287.19,292.19,299.99,308.32,315.5,323.44,285.98,287.19,292.19,309.55,314.54,316.37,317.19,322.19,325.55,326.42,337.5,342.74,347.5,357.19,369.54,371.49,377.19,406.98,422.19,425.47,425.72,454.48,506.19,506.19,523.0,650.0,700.0,1014.18,,,279.99,280.0,285.0,289.9,290.0,294.99,306.0,309.0,310.0,315.0,315.0,325.0,325.0,349.99,349.99,350.0,370.0,399.0,399.99,400.0,415.0,449.99,499.0,499.0,500.0,550.0,600.0,1000.0,,
2026-09-26 06:01:29,Pokemon Tag Team Reshiram & Charizard GX Premium Collection (Eng),single,29,296.19,297.18,319.39,311.12,315.79,325.7,331.36,296.19,297.18,319.39,319.55,324.16,325.19,326.19,326.19,329.54,335.39,341.47,344.55,349.54,366.48,369.39,396.19,404.48,406.19,407.19,417.74,650.0,773.0,2214.13,,,,,,,,289.0,289.99,300.0,300.0,309.99,310.0,315.0,316.97,318.0,319.0,319.0,325.0,329.99,344.98,350.0,389.0,399.0,399.99,400.0,400.0,550.0,750.0,2199.95,,,,,,,
2026-09-26 06:01:29,Pokemon VMAX Climax Booster Display (Jpn),single,192,162.19,167.18,167.19,159.37,159.36,169.21,171.01,162.19,167.18,167.19,167.19,167.19,167.19,167.19,171.17,172.19,174.38,175.18,176.19,176.19,176.47,177.99,180.89,182.49,182.5,183.05,184.55,185.7,187.18,187.19,187.47,187.5,188.0,189.39,192.74,194.39,194.97,150.0,154.99,155.0,159.99,159.99,160.0,160.0,160.0,160.0,160.0,160.0,160.0,162.9,163.5,163.98,165.0,165.0,165.0,165.0,165.0,167.99,169.0,169.0,169.9,169.99,170.0,170.0,170.0,175.0,175.0
2026-09-26 06:01:29,Pokemon Battle Region Booster Display (Jpn),single,90,79.09,80.18,82.18,73.98,75.18,84.8,87.1,79.09,80.18,82.18,83.1,83.48,84.19,85.99,86.18,86.19,87.08,92.47,92.47,93.05,94.38,96.47,96.99,97.46,103.1,104.29,105.82,106.47,106.99,107.18,107.19,108.1,109.29,111.87,113.09,113.1,113.47,69.0,70.0,70.0,71.9,72.99,74.99,74.99,75.0,75.0,77.0,78.99,79.0,79.0,79.89,79.95,79.99,79.99,79.99,80.0,80.0,84.9,89.0,89.34,89.9,90.0,95.0,95.0,96.0,99.0,99.98
2026-09-26 06:01:29,Pokemon Clay Burst Booster Display (Jpn),single,281,88.98,92.08,92.19,85.36,86.19,95.66,97.86,88.98,92.08,92.19,92.19,93.09,93.97,96.47,97.19,99.19,100.99,101.99,102.19,104.38,106.47,106.48,107.19,109.25,110.35,112.37,112.98,112.98,113.1,113.47,115.08,117.09,117.18,117.46,118.99,119.14,122.5,79.0,79.99,84.0,84.89,84.99,84.99,85.0,85.0,85.0,88.98,89.0,90.0,90.0,90.0,92.0,93.16,94.9,95.0,95.0,96.0,99.88,99.88,99.99,100.0,100.0,100.0,107.89,109.9,109.99,109.99
2026-09-26 06:01:29,Pokemon Fusion Strike Booster Display (Eng),single,213,749.18,791.18,793.18,795.87,803.25,823.78,835.53,749.18,791.18,793.18,794.18,814.17,828.55,829.55,833.18,837.94,859.5,862.41,864.08,888.55,893.1,894.18,895.0,899.55,903.73,904.18,914.08,914.17,914.18,914.18,914.18,923.72,925.0,929.54,929.9,947.8,947.8,735.0,777.0,779.0,780.0,795.0,795.0,799.0,799.99,800.0,819.0,824.95,825.0,829.95,840.0,849.9,850.0,850.0,850.0,850.0,850.0,859.0,859.99,870.0,880.0,890.0,895.0,895.99,899.0,899.9,899.9
2026-09-26 06:01:29,Pokemon Astral Radiance Booster Display (Eng),single,277,347.18,349.55,351.19,348.49,348.46,359.83,364.46,347.18,349.55,351.19,352.19,357.18,357.19,362.19,362.94,366.19,369.55,374.55,375.39,379.5,379.55,382.5,384.55,385.49,386.37,388.1,392.75,395.47,402.19,407.18,407.19,407.19,407.19,412.72,422.19,422.98,428.73,330.0,339.99,344.0,345.0,348.99,349.95,349.99,350.0,350.0,350.0,350.0,350.0,355.0,355.0,359.0,359.9,359.95,360.0,360.0,362.99,365.0,365.0,369.0,379.99,395.0,399.98,399.99,400.0,400.0,400.0
2026-09-26 06:01:29,Pokemon Lost Origin ETB (Eng),single,308,192.19,197.42,197.99,189.85,190.25,203.39,204.04,192.19,197.42,197.99,202.08,202.09,202.19,202.5,206.19,206.89,207.18,207.19,207.19,208.55,209.55,211.47,212.19,212.41,214.55,214.89,216.18,217.19,217.19,217.5,217.5,218.39,219.54,222.08,222.08,222.08,222.08,180.0,180.0,185.0,185.0,189.0,189.99,190.0,190.0,194.89,194.9,194.99,195.0,195.0,195.0,195.0,199.0,199.0,199.0,199.99,199.99,199.99,199.99,200.0,200.0,205.0,205.0,208.99,209.9,209.99,210.0
2026-09-26 06:01:29,Pokemon Crown Zenith Galarian Articuno Tin US Version (Eng),single,27,143.1,144.06,151.63,144.56,148.5,159.83,163.23,143.1,144.06,151.63,154.5,157.0,157.19,157.19,161.47,167.19,172.5,173.99,176.19,177.18,177.18,178.09,179.55,207.18,442.75,,,,,,,,,,,,,130.0,132.0,133.06,135.0,144.44,144.99,149.0,149.99,150.0,150.0,150.0,160.0,160.0,169.0,169.99,169.99,199.99,400.0,,,,,,,,,,,,
2026-09-26 06:01:29,Pokemon Crown Zenith Galarian Zapdos Tin US Version (Eng),single,29,133.0,133.1,136.18,130.69,134.63,146.74,149.75,133.0,133.1,136.18,144.08,146.49,147.1,147.18,149.1,151.63,152.19,156.19,157.18,157.19,163.09,172.5,177.18,207.18,442.75,,,,,,,,,,,,,114.0,116.0,120.0,123.99,125.0,128.99,129.99,133.08,139.99,144.44,145.0,149.0,149.99,150.0,150.0,169.99,199.99,400.0,,,,,,,,,,,,
2026-09-26 06:01:29,Pokemon Crown Zenith Galarian Moltres Tin US Version (Eng),single,22,155.0,157.19,157.19,151.62,172.26,168.32,192.07,155.0,157.19,157.19,159.1,162.75,167.18,168.49,172.5,177.18,182.18,183.09,186.47,202.75,207.18,442.75,,,,,,,,,,,,,,,,120.0,145.99,146.0,147.0,149.99,150.0,150.0,150.0,159.99,160.0,160.0,169.99,174.99,199.99,400.0,,,,,,,,,,,,,,,
2026-09-26 06:01:29,Pokemon 151 Zapdos ex Collection (Eng),single,187,122.18,124.19,126.19,117.49,118.52,133.24,135.43,122.18,124.19,126.19,126.19,132.1,133.1,134.39,137.18,138.05,138.73,142.42,143.04,143.05,143.09,147.5,147.5,147.74,152.5,157.18,157.19,162.75,163.1,163.1,168.0,172.49,172.5,197.5,222.5,233.05,257.18,99.0,100.0,109.99,114.99,115.0,117.0,119.0,119.0,120.0,124.95,125.0,125.0,129.0,129.94,129.95,129.99,130.0,130.0,130.0,134.9,149.99,149.99,150.0,150.0,150.0,150.0,175.0,199.95,200.0,249.99
2026-09-26 06:01:29,Pokemon 151 UPC (Eng),single,400,685.68,685.68,694.94,699.37,703.33,716.6,722.5,685.68,685.68,694.94,714.94,715.68,715.68,715.68,715.68,729.55,730.68,735.68,735.68,745.68,755.68,760.63,760.68,760.68,765.68,784.55,789.55,795.68,804.55,809.55,813.68,814.68,814.68,820.0,820.19,825.0,825.68,670.0,670.0,679.99,699.99,700.0,700.0,700.0,700.0,700.0,715.0,720.0,720.0,720.0,725.0,730.0,735.0,740.0,740.0,744.95,745.0,745.0,749.0,750.0,755.0,760.0,770.0,775.0,780.0,780.0,780.0
2026-09-26 06:01:29,Pokemon 151 UPC (De),single,400,645.57,645.58,645.67,649.12,663.18,664.8,678.86,645.57,645.58,645.67,648.68,655.68,655.68,665.68,665.68,675.63,705.67,710.67,715.63,715.67,715.68,715.68,715.68,734.68,740.58,744.68,765.63,805.9,805.9,805.9,812.98,815.17,815.67,815.67,815.68,895.68,898.95,629.89,629.9,629.99,633.0,640.0,640.0,650.0,650.0,659.95,689.99,694.99,699.95,699.99,700.0,700.0,700.0,719.0,724.9,729.0,749.95,798.95,799.0,799.49,799.99,799.99,799.99,800.0,800.0,800.0,800.0
2026-09-26 06:01:29,Pokemon 151 Booster Display (Jpn),single,567,242.18,246.19,247.18,243.68,244.63,258.11,259.78,242.18,246.19,247.18,251.19,252.94,255.99,261.3,264.55,264.55,267.17,267.18,267.19,269.54,269.55,269.99,270.98,270.99,270.99,271.19,272.18,273.19,275.18,276.19,276.19,277.18,277.18,280.98,281.19,282.07,282.19,234.99,235.0,239.0,239.95,239.99,244.0,245.0,245.0,247.5,249.0,249.99,249.99,250.0,250.0,250.0,255.0,259.98,259.99,259.99,260.0,260.0,260.0,264.0,264.99,265.0,265.0,265.0,266.0,267.99,269.0
2026-09-26 06:01:29,Pokemon Paradigm Trigger Booster Display (Jpn),single,173,127.09,127.47,129.14,120.11,120.51,131.31,133.51,127.09,127.47,129.14,129.18,129.19,129.19,132.09,132.47,133.1,136.09,137.18,138.1,139.39,140.14,142.89,143.0,143.98,147.09,147.19,147.42,148.0,151.42,152.19,152.99,153.1,156.19,156.19,157.46,157.75,163.05,110.0,115.0,115.0,119.9,120.0,120.0,120.0,121.95,121.99,122.0,122.0,124.9,124.9,125.0,125.0,128.9,129.99,130.0,132.95,134.0,135.0,139.9,139.99,139.99,140.0,140.0,140.0,145.0,148.9,149.0
2026-09-26 06:01:29,Pokemon Star Birth Booster Display (Jpn),single,116,127.19,127.19,129.19,126.18,128.09,135.03,137.27,127.19,127.19,129.19,131.19,132.19,133.14,136.19,137.18,138.98,142.14,143.09,144.18,145.18,145.9,146.19,147.19,147.5,149.19,152.99,156.19,157.19,157.19,157.47,159.39,161.47,164.48,166.47,167.47,167.99,182.19,120.0,120.0,122.0,124.0,125.0,125.0,125.95,128.48,129.0,129.99,129.99,134.95,134.99,135.0,136.99,137.99,139.0,140.0,140.0,140.0,142.0,144.0,149.0,149.0,150.0,150.0,150.0,150.0,150.0,159.99
2026-09-26 06:01:29,Pokemon Violet ex Booster Display (Jpn),single,204,72.19,73.68,74.19,69.37,71.1,80.02,82.06,72.19,73.68,74.19,76.18,77.18,77.18,79.69,83.18,85.38,87.18,87.18,87.47,88.09,90.1,91.98,91.98,91.99,93.05,93.88,94.24,94.53,94.88,95.08,95.89,96.79,96.89,97.19,97.47,102.19,102.5,65.0,65.99,66.49,67.0,68.99,69.99,69.99,70.0,70.0,72.5,74.99,75.0,75.99,77.0,77.54,78.88,78.88,78.9,79.9,79.95,79.99,79.99,79.99,80.0,80.0,80.0,87.89,89.0,89.99,89.99
2026-09-26 06:01:29,Pokemon Brilliant Stars Booster Display (De),single,219,327.18,335.19,339.39,331.23,335.32,345.11,347.28,327.18,335.19,339.39,342.18,342.19,344.09,344.39,347.14,349.39,352.14,357.18,357.19,357.19,357.19,357.19,378.73,386.19,387.19,404.89,407.18,446.19,456.69,486.19,489.39,502.19,503.17,506.19,506.87,507.09,507.18,315.0,319.99,320.0,325.0,328.0,330.0,334.99,335.0,336.9,339.95,344.95,349.99,350.0,350.0,350.0,350.0,379.0,380.0,399.9,399.99,439.0,449.5,470.0,479.0,495.0,495.98,499.0,499.68,499.9,499.99
2026-09-26 06:01:29,Pokemon Lost Origin Booster Display (De),single,352,356.19,357.19,372.19,369.24,372.18,377.52,381.56,356.19,357.19,372.19,374.19,375.89,376.18,377.19,380.19,382.18,382.19,387.19,387.19,403.09,406.13,406.19,406.89,407.18,407.19,428.73,432.19,436.19,456.18,457.17,457.18,457.19,457.19,462.89,487.14,489.39,494.19,349.0,350.0,365.0,365.0,367.0,368.99,369.9,370.0,373.0,374.99,375.0,380.0,380.0,395.9,398.94,399.0,399.99,400.0,401.9,425.0,429.0,448.99,449.98,449.99,449.99,450.0,450.0,470.0,475.0,479.95
2026-09-26 06:01:29,Pokemon Twilight Masquerade Booster Display (De),single,259,257.19,267.19,269.34,270.19,277.05,277.65,284.91,257.19,267.19,269.34,270.09,272.08,272.14,276.19,287.07,287.09,287.19,302.13,304.98,306.87,306.87,307.18,319.39,407.18,1014.17,,,,,,,,,,,,,249.95,250.0,260.0,262.9,264.89,264.95,269.0,279.88,279.9,280.0,294.94,299.68,299.68,299.99,299.99,300.0,399.99,999.99,,,,,,,,,,,,
2026-09-26 06:01:29,Pokemon Prismatic Evolutions Mini Tin Display (Eng),single,327,263.69,264.55,267.99,249.28,250.98,273.43,274.84,263.69,264.55,267.99,269.44,270.91,272.5,275.8,276.45,277.14,277.19,277.75,279.55,281.0,282.5,286.18,286.19,286.5,286.68,287.18,287.19,289.54,292.19,292.74,297.17,297.19,297.45,299.5,301.44,302.5,303.97,235.0,235.0,244.44,245.0,249.89,249.99,249.99,250.0,250.0,254.9,256.5,259.99,260.0,260.0,264.0,269.95,269.99,270.0,278.99,279.0,279.49,279.9,279.95,279.99,280.0,280.0,285.0,289.95,289.98,290.0
2026-09-26 06:01:29,Pokemon Prismatic Evolutions Booster Bundle Display (Eng),case,195,1056.5,1064.68,1138.0,1099.75,1128.8,1132.52,1178.1,1056.5,1064.68,1138.0,1140.68,1186.7,1191.5,1236.7,1250.0,1250.68,1265.58,1271.7,1285.7,1293.86,1300.0,1310.73,1315.68,1346.8,1346.8,1350.0,1361.7,1365.56,1386.7,1400.0,1400.0,1400.0,1415.67,1415.67,1415.68,1447.8,1447.8,1000.0,1049.0,1100.0,1125.0,1125.0,1150.0,1150.0,1189.0,1200.0,1200.0,1235.0,1235.0,1247.0,1249.0,1249.0,1249.0,1249.9,1250.0,1300.0,1300.0,1300.0,1300.0,1325.0,1349.88,1350.0,1350.0,1350.0,1350.0,1399.0,1399.99
2026-09-26 06:01:29,Pokemon Prismatic Evolutions ETB (De),single,2169,160.19,164.39,167.09,164.85,165.44,173.29,175.04,160.19,164.39,167.09,167.19,172.18,172.19,176.19,177.09,177.18,177.19,179.39,182.19,182.19,183.8,187.18,187.18,187.19,187.19,187.19,187.19,189.39,194.38,194.39,194.39,196.87,197.18,199.39,201.19,204.97,206.19,145.0,153.0,159.9,160.0,160.0,164.99,165.0,169.0,169.9,169.99,170.0,170.0,174.9,174.99,175.0,175.0,175.0,175.0,179.99,179.99,180.0,180.0,180.0,180.0,180.0,189.68,189.99,194.0,199.0,199.0
2026-09-26 06:01:29,Pokemon Prismatic Evolutions ETB (Eng),single,2169,147.19,156.19,171.06,158.12,158.06,176.13,174.36,147.19,156.19,171.06,174.0,174.55,175.19,177.19,178.0,179.54,179.54,179.55,179.55,179.55,182.14,182.19,184.55,184.85,184.97,185.5,185.5,187.41,187.42,188.5,188.5,189.39,189.5,189.55,189.55,189.55,189.55,140.0,149.0,154.99,155.0,155.0,159.99,159.99,160.0,160.0,160.0,160.0,163.0,163.0,165.0,166.0,167.0,168.0,168.95,169.99,170.0,170.0,170.0,170.0,170.0,170.0,170.0,170.0,170.0,170.0,174.95
2026-09-26 06:01:29,Prismatic Evolutions Super-Premium Collection (Eng),single,1548,280.77,280.98,281.5,266.72,266.45,285.37,286.16,280.77,280.98,281.5,283.68,283.77,284.72,284.77,287.89,287.9,288.69,289.49,289.5,289.5,289.55,289.76,290.55,294.33,294.55,294.55,294.76,294.77,295.94,298.55,299.67,302.5,302.9,303.69,304.05,304.77,305.99,255.0,257.0,261.0,264.0,264.95,265.0,269.0,269.9,269.94,269.95,269.95,269.99,270.0,270.0,271.0,274.99,274.99,274.99,275.0,275.0,275.0,279.0,279.9,279.9,279.95,279.95,280.0,280.0,284.5,285.0
2026-09-26 06:01:29,Prismatic Evolutions Super-Premium Collection (De),single,1548,207.69,208.69,211.9,206.17,205.83,215.03,215.24,207.69,208.69,211.9,213.58,213.68,214.69,215.69,216.28,216.69,217.69,218.18,218.19,218.44,218.59,218.64,218.64,218.69,218.69,218.69,218.69,223.69,223.69,227.64,228.57,228.59,228.68,228.69,228.69,228.69,228.69,190.0,199.0,200.0,204.89,204.99,206.0,207.0,208.0,209.0,209.49,209.5,209.75,209.9,209.95,209.95,209.99,210.0,210.0,210.0,210.0,210.0,210.0,215.0,215.0,218.95,219.88,219.9,219.99,219.99,220.0
2026-09-26 06:01:29,Pokemon Black Bolt & White Flare Unova Mini Tin Display (Eng),single,108,237.19,240.19,242.09,236.54,239.42,248.55,253.64,237.19,240.19,242.09,242.19,243.19,247.09,248.5,251.98,256.19,257.19,265.47,266.36,267.42,269.54,269.94,271.89,286.99,287.18,294.55,298.33,299.5,302.14,306.87,307.17,307.7,407.19,507.19,614.17,1014.17,,224.0,230.0,233.0,234.6,234.9,235.0,236.0,239.0,239.89,239.9,245.99,249.0,249.99,249.99,250.0,250.0,259.99,264.95,275.0,279.8,279.95,279.99,294.95,299.68,299.98,400.0,500.0,599.99,999.99,
2026-09-26 06:01:29,Pokemon Lost Abyss Booster Display (Jpn),single,131,216.69,217.18,217.47,214.06,217.76,227.82,232.82,216.69,217.18,217.47,219.38,227.19,227.19,227.39,232.19,234.55,237.18,241.19,243.0,249.55,250.0,252.19,255.19,257.14,257.18,264.55,272.19,273.73,289.19,306.19,307.17,307.18,307.18,307.19,307.19,313.73,313.73,199.99,200.0,208.0,209.5,209.99,210.0,215.0,220.0,220.0,220.0,225.0,229.99,230.0,234.0,235.0,245.0,245.0,248.0,249.95,249.99,250.0,250.0,265.0,280.0,282.0,289.0,289.99,293.9,299.0,299.0
2026-09-26 06:01:29,Pokemon Terastal Festival ex Booster Display (Jpn),single,908,105.19,106.37,107.18,94.49,95.38,109.18,111.06,105.19,106.37,107.18,107.19,107.46,107.9,108.1,108.19,113.05,114.37,115.8,115.99,115.99,116.45,116.6,116.99,116.99,117.14,117.18,117.19,117.47,117.5,121.18,121.39,121.99,122.18,122.5,122.99,122.99,122.99,88.9,89.0,89.99,92.0,94.0,95.0,95.0,95.0,96.9,98.0,98.98,99.0,99.0,99.95,99.99,100.0,100.0,100.0,100.0,100.0,100.0,101.0,102.0,102.0,103.5,104.0,105.0,105.0,105.0,105.0
